This is XeTeX, Version 3.14159265-2.6-0.999991 (TeX Live 2019/Debian) (preloaded format=xelatex 2025.1.21)  21 JAN 2025 21:36
entering extended mode
 restricted \write18 enabled.
 %&-line parsing enabled.
**LVGL.tex
(./LVGL.tex
LaTeX2e <2020-02-02> patch level 2
L3 programming layer <2020-02-14> (./sphinxmanual.cls
Document Class: sphinxmanual 2019/12/01 v2.3.0 Document class (Sphinx manual)
(/usr/share/texlive/texmf-dist/tex/latex/base/report.cls
Document Class: report 2019/12/20 v1.4l Standard LaTeX document class
(/usr/share/texlive/texmf-dist/tex/latex/base/size10.clo
File: size10.clo 2019/12/20 v1.4l Standard LaTeX file (size option)
)
\c@part=\count163
\c@chapter=\count164
\c@section=\count165
\c@subsection=\count166
\c@subsubsection=\count167
\c@paragraph=\count168
\c@subparagraph=\count169
\c@figure=\count170
\c@table=\count171
\abovecaptionskip=\skip47
\belowcaptionskip=\skip48
\bibindent=\dimen134
)
LaTeX Info: Redefining \and on input line 35.
)
\sphinxpxdimen=\dimen135

(/usr/share/texlive/texmf-dist/tex/latex/cmap/cmap.sty
Package: cmap 2008/03/06 v1.0h CMap support: searchable PDF


Package cmap Warning: pdftex not detected - exiting.

) (/usr/share/texlive/texmf-dist/tex/latex/fontspec/fontspec.sty
(/usr/share/texlive/texmf-dist/tex/latex/l3packages/xparse/xparse.sty
(/usr/share/texlive/texmf-dist/tex/latex/l3kernel/expl3.sty
Package: expl3 2020-02-14 L3 programming layer (loader) 

(/usr/share/texlive/texmf-dist/tex/latex/l3backend/l3backend-xdvipdfmx.def
File: l3backend-xdvipdfmx.def 2020-02-03 L3 backend support: xdvipdfmx
\g__graphics_track_int=\count172
\l__pdf_internal_box=\box45
\g__pdf_backend_object_int=\count173
\g__pdf_backend_annotation_int=\count174
))
Package: xparse 2020-02-14 L3 Experimental document command parser
\l__xparse_current_arg_int=\count175
\g__xparse_grabber_int=\count176
\l__xparse_m_args_int=\count177
\l__xparse_v_nesting_int=\count178
)
Package: fontspec 2020/02/03 v2.7h Font selection for XeLaTeX and LuaLaTeX

(/usr/share/texlive/texmf-dist/tex/latex/fontspec/fontspec-xetex.sty
Package: fontspec-xetex 2020/02/03 v2.7h Font selection for XeLaTeX and LuaLaTe
X
\l__fontspec_script_int=\count179
\l__fontspec_language_int=\count180
\l__fontspec_strnum_int=\count181
\l__fontspec_tmp_int=\count182
\l__fontspec_tmpa_int=\count183
\l__fontspec_tmpb_int=\count184
\l__fontspec_tmpc_int=\count185
\l__fontspec_em_int=\count186
\l__fontspec_emdef_int=\count187
\l__fontspec_strong_int=\count188
\l__fontspec_strongdef_int=\count189
\l__fontspec_tmpa_dim=\dimen136
\l__fontspec_tmpb_dim=\dimen137
\l__fontspec_tmpc_dim=\dimen138

(/usr/share/texlive/texmf-dist/tex/latex/base/fontenc.sty
Package: fontenc 2020/02/11 v2.0o Standard LaTeX package
)
(/usr/share/texlive/texmf-dist/tex/latex/fontspec/fontspec.cfg)))
(/usr/share/texlive/texmf-dist/tex/latex/amsmath/amsmath.sty
Package: amsmath 2020/01/20 v2.17e AMS math features
\@mathmargin=\skip49

For additional information on amsmath, use the `?' option.
(/usr/share/texlive/texmf-dist/tex/latex/amsmath/amstext.sty
Package: amstext 2000/06/29 v2.01 AMS text

(/usr/share/texlive/texmf-dist/tex/latex/amsmath/amsgen.sty
File: amsgen.sty 1999/11/30 v2.0 generic functions
\@emptytoks=\toks14
\ex@=\dimen139
))
(/usr/share/texlive/texmf-dist/tex/latex/amsmath/amsbsy.sty
Package: amsbsy 1999/11/29 v1.2d Bold Symbols
\pmbraise@=\dimen140
)
(/usr/share/texlive/texmf-dist/tex/latex/amsmath/amsopn.sty
Package: amsopn 2016/03/08 v2.02 operator names
)
\inf@bad=\count190
LaTeX Info: Redefining \frac on input line 227.
\uproot@=\count191
\leftroot@=\count192
LaTeX Info: Redefining \overline on input line 389.
\classnum@=\count193
\DOTSCASE@=\count194
LaTeX Info: Redefining \ldots on input line 486.
LaTeX Info: Redefining \dots on input line 489.
LaTeX Info: Redefining \cdots on input line 610.
\Mathstrutbox@=\box46
\strutbox@=\box47
\big@size=\dimen141
LaTeX Font Info:    Redeclaring font encoding OML on input line 733.
LaTeX Font Info:    Redeclaring font encoding OMS on input line 734.
\macc@depth=\count195
\c@MaxMatrixCols=\count196
\dotsspace@=\muskip16
\c@parentequation=\count197
\dspbrk@lvl=\count198
\tag@help=\toks15
\row@=\count199
\column@=\count266
\maxfields@=\count267
\andhelp@=\toks16
\eqnshift@=\dimen142
\alignsep@=\dimen143
\tagshift@=\dimen144
\tagwidth@=\dimen145
\totwidth@=\dimen146
\lineht@=\dimen147
\@envbody=\toks17
\multlinegap=\skip50
\multlinetaggap=\skip51
\mathdisplay@stack=\toks18
LaTeX Info: Redefining \[ on input line 2859.
LaTeX Info: Redefining \] on input line 2860.
)
(/usr/share/texlive/texmf-dist/tex/latex/amsfonts/amssymb.sty
Package: amssymb 2013/01/14 v3.01 AMS font symbols

(/usr/share/texlive/texmf-dist/tex/latex/amsfonts/amsfonts.sty
Package: amsfonts 2013/01/14 v3.01 Basic AMSFonts support
\symAMSa=\mathgroup4
\symAMSb=\mathgroup5
LaTeX Font Info:    Redeclaring math symbol \hbar on input line 98.
LaTeX Font Info:    Overwriting math alphabet `\mathfrak' in version `bold'
(Font)                  U/euf/m/n --> U/euf/b/n on input line 106.
))
(/usr/share/texlive/texmf-dist/tex/generic/babel/babel.sty
Package: babel 2020/02/14 3.40 The Babel package

(/usr/share/texlive/texmf-dist/tex/generic/babel/switch.def
File: switch.def 2020/02/14 3.40 Babel switching mechanism
)
(/usr/share/texlive/texmf-dist/tex/generic/babel-english/english.ldf
Language: english 2017/06/06 v3.3r English support from the babel system

(/usr/share/texlive/texmf-dist/tex/generic/babel/babel.def
File: babel.def 2020/02/14 3.40 Babel common definitions
\babel@savecnt=\count268
\U@D=\dimen148

(/usr/share/texlive/texmf-dist/tex/generic/babel/xebabel.def
(/usr/share/texlive/texmf-dist/tex/generic/babel/txtbabel.def))
\bbl@readstream=\read2
\bbl@dirlevel=\count269
)
Package babel Info: \l@british = using hyphenrules for english
(babel)             (\language0) on input line 82.
Package babel Info: \l@UKenglish = using hyphenrules for english
(babel)             (\language0) on input line 83.
Package babel Info: \l@canadian = using hyphenrules for english
(babel)             (\language0) on input line 102.
Package babel Info: \l@australian = using hyphenrules for english
(babel)             (\language0) on input line 105.
Package babel Info: \l@newzealand = using hyphenrules for english
(babel)             (\language0) on input line 108.
))

Package fontspec Info: Font family 'FreeSerif(0)' created for font 'FreeSerif'
(fontspec)             with options [Extension = .otf,UprightFont =
(fontspec)             *,ItalicFont = *Italic,BoldFont = *Bold,BoldItalicFont
(fontspec)             = *BoldItalic].
(fontspec)              
(fontspec)              This font family consists of the following NFSS
(fontspec)             series/shapes:
(fontspec)              
(fontspec)             - 'normal' (m/n) with NFSS spec.:
(fontspec)             <->"[FreeSerif.otf]/OT:script=latn;language=dflt;"
(fontspec)             - 'small caps'  (m/sc) with NFSS spec.:
(fontspec)             <->"[FreeSerif.otf]/OT:script=latn;language=dflt;+smcp;"

(fontspec)             - 'bold' (b/n) with NFSS spec.:
(fontspec)             <->"[FreeSerifBold.otf]/OT:script=latn;language=dflt;"
(fontspec)             - 'bold small caps'  (b/sc) with NFSS spec.:
(fontspec)             <->"[FreeSerifBold.otf]/OT:script=latn;language=dflt;+sm
cp;"
(fontspec)             - 'italic' (m/it) with NFSS spec.:
(fontspec)             <->"[FreeSerifItalic.otf]/OT:script=latn;language=dflt;"

(fontspec)             - 'italic small caps'  (m/scit) with NFSS spec.: 
(fontspec)             - 'bold italic' (b/it) with NFSS spec.:
(fontspec)             <->"[FreeSerifBoldItalic.otf]/OT:script=latn;language=df
lt;"
(fontspec)             - 'bold italic small caps'  (b/scit) with NFSS spec.: 


Package fontspec Info: Font family 'FreeSans(0)' created for font 'FreeSans'
(fontspec)             with options [Extension = .otf,UprightFont =
(fontspec)             *,ItalicFont = *Oblique,BoldFont = *Bold,BoldItalicFont
(fontspec)             = *BoldOblique].
(fontspec)              
(fontspec)              This font family consists of the following NFSS
(fontspec)             series/shapes:
(fontspec)              
(fontspec)             - 'normal' (m/n) with NFSS spec.:
(fontspec)             <->"[FreeSans.otf]/OT:script=latn;language=dflt;"
(fontspec)             - 'small caps'  (m/sc) with NFSS spec.:
(fontspec)             <->"[FreeSans.otf]/OT:script=latn;language=dflt;+smcp;"
(fontspec)             - 'bold' (b/n) with NFSS spec.:
(fontspec)             <->"[FreeSansBold.otf]/OT:script=latn;language=dflt;"
(fontspec)             - 'bold small caps'  (b/sc) with NFSS spec.:
(fontspec)             <->"[FreeSansBold.otf]/OT:script=latn;language=dflt;+smc
p;"
(fontspec)             - 'italic' (m/it) with NFSS spec.:
(fontspec)             <->"[FreeSansOblique.otf]/OT:script=latn;language=dflt;"

(fontspec)             - 'italic small caps'  (m/scit) with NFSS spec.: 
(fontspec)             - 'bold italic' (b/it) with NFSS spec.:
(fontspec)             <->"[FreeSansBoldOblique.otf]/OT:script=latn;language=df
lt;"
(fontspec)             - 'bold italic small caps'  (b/scit) with NFSS spec.: 


Package fontspec Info: Font family 'FreeMono(0)' created for font 'FreeMono'
(fontspec)             with options [Extension = .otf,UprightFont =
(fontspec)             *,ItalicFont = *Oblique,BoldFont = *Bold,BoldItalicFont
(fontspec)             = *BoldOblique].
(fontspec)              
(fontspec)              This font family consists of the following NFSS
(fontspec)             series/shapes:
(fontspec)              
(fontspec)             - 'normal' (m/n) with NFSS spec.:
(fontspec)             <->"[FreeMono.otf]/OT:script=latn;language=dflt;"
(fontspec)             - 'small caps'  (m/sc) with NFSS spec.: 
(fontspec)             - 'bold' (b/n) with NFSS spec.:
(fontspec)             <->"[FreeMonoBold.otf]/OT:script=latn;language=dflt;"
(fontspec)             - 'bold small caps'  (b/sc) with NFSS spec.: 
(fontspec)             - 'italic' (m/it) with NFSS spec.:
(fontspec)             <->"[FreeMonoOblique.otf]/OT:script=latn;language=dflt;"

(fontspec)             - 'italic small caps'  (m/scit) with NFSS spec.: 
(fontspec)             - 'bold italic' (b/it) with NFSS spec.:
(fontspec)             <->"[FreeMonoBoldOblique.otf]/OT:script=latn;language=df
lt;"
(fontspec)             - 'bold italic small caps'  (b/scit) with NFSS spec.: 


(/usr/share/texlive/texmf-dist/tex/latex/fncychap/fncychap.sty
Package: fncychap 2007/07/30 v1.34 LaTeX package (Revised chapters)
\RW=\skip52
\mylen=\skip53
\myhi=\skip54
\px=\skip55
\py=\skip56
\pyy=\skip57
\pxx=\skip58
\c@AlphaCnt=\count270
\c@AlphaDecCnt=\count271
) (./sphinx.sty
Package: sphinx 2021/01/27 v4.0.0 LaTeX package (Sphinx markup)

(/usr/share/texlive/texmf-dist/tex/generic/ltxcmds/ltxcmds.sty
Package: ltxcmds 2019/12/15 v1.24 LaTeX kernel commands for general use (HO)
)
(/usr/share/texlive/texmf-dist/tex/latex/xcolor/xcolor.sty
Package: xcolor 2016/05/11 v2.12 LaTeX color extensions (UK)

(/usr/share/texlive/texmf-dist/tex/latex/graphics-cfg/color.cfg
File: color.cfg 2016/01/02 v1.6 sample color configuration
)
Package xcolor Info: Driver file: xetex.def on input line 225.

(/usr/share/texlive/texmf-dist/tex/latex/graphics-def/xetex.def
File: xetex.def 2017/06/24 v5.0h Graphics/color driver for xetex
)
Package xcolor Info: Model `cmy' substituted by `cmy0' on input line 1348.
Package xcolor Info: Model `RGB' extended on input line 1364.
Package xcolor Info: Model `HTML' substituted by `rgb' on input line 1366.
Package xcolor Info: Model `Hsb' substituted by `hsb' on input line 1367.
Package xcolor Info: Model `tHsb' substituted by `hsb' on input line 1368.
Package xcolor Info: Model `HSB' substituted by `hsb' on input line 1369.
Package xcolor Info: Model `Gray' substituted by `gray' on input line 1370.
Package xcolor Info: Model `wave' substituted by `hsb' on input line 1371.
)
(/usr/share/texlive/texmf-dist/tex/latex/kvoptions/kvoptions.sty
Package: kvoptions 2019/11/29 v3.13 Key value format for package options (HO)

(/usr/share/texlive/texmf-dist/tex/latex/graphics/keyval.sty
Package: keyval 2014/10/28 v1.15 key=value parser (DPC)
\KV@toks@=\toks19
)
(/usr/share/texlive/texmf-dist/tex/generic/kvsetkeys/kvsetkeys.sty
Package: kvsetkeys 2019/12/15 v1.18 Key value parser (HO)
))
\sphinxverbatimsep=\dimen149
\sphinxverbatimborder=\dimen150
\sphinxshadowsep=\dimen151
\sphinxshadowsize=\dimen152
\sphinxshadowrule=\dimen153
\spx@notice@border=\dimen154

(./sphinxoptionshyperref.sty
File: sphinxoptionshyperref.sty 2021/01/27 hyperref
) (./sphinxoptionsgeometry.sty
File: sphinxoptionsgeometry.sty 2021/01/27 geometry
)
(/usr/share/texlive/texmf-dist/tex/latex/base/textcomp.sty
Package: textcomp 2020/02/02 v2.0n Standard LaTeX package
)
(/usr/share/texlive/texmf-dist/tex/latex/float/float.sty
Package: float 2001/11/08 v1.3d Float enhancements (AL)
\c@float@type=\count272
\float@exts=\toks20
\float@box=\box48
\@float@everytoks=\toks21
\@floatcapt=\box49
)
(/usr/share/texlive/texmf-dist/tex/latex/wrapfig/wrapfig.sty
\wrapoverhang=\dimen155
\WF@size=\dimen156
\c@WF@wrappedlines=\count273
\WF@box=\box50
\WF@everypar=\toks22
Package: wrapfig 2003/01/31  v 3.6
)
(/usr/share/texlive/texmf-dist/tex/latex/capt-of/capt-of.sty
Package: capt-of 2009/12/29 v0.2 standard captions outside of floats
)
(/usr/share/texlive/texmf-dist/tex/latex/tools/multicol.sty
Package: multicol 2019/12/09 v1.8y multicolumn formatting (FMi)
\c@tracingmulticols=\count274
\mult@box=\box51
\multicol@leftmargin=\dimen157
\c@unbalance=\count275
\c@collectmore=\count276
\doublecol@number=\count277
\multicoltolerance=\count278
\multicolpretolerance=\count279
\full@width=\dimen158
\page@free=\dimen159
\premulticols=\dimen160
\postmulticols=\dimen161
\multicolsep=\skip59
\multicolbaselineskip=\skip60
\partial@page=\box52
\last@line=\box53
\maxbalancingoverflow=\dimen162
\mult@rightbox=\box54
\mult@grightbox=\box55
\mult@gfirstbox=\box56
\mult@firstbox=\box57
\@tempa=\box58
\@tempa=\box59
\@tempa=\box60
\@tempa=\box61
\@tempa=\box62
\@tempa=\box63
\@tempa=\box64
\@tempa=\box65
\@tempa=\box66
\@tempa=\box67
\@tempa=\box68
\@tempa=\box69
\@tempa=\box70
\@tempa=\box71
\@tempa=\box72
\@tempa=\box73
\@tempa=\box74
\@tempa=\box75
\@tempa=\box76
\@tempa=\box77
\@tempa=\box78
\@tempa=\box79
\@tempa=\box80
\@tempa=\box81
\@tempa=\box82
\@tempa=\box83
\@tempa=\box84
\@tempa=\box85
\@tempa=\box86
\@tempa=\box87
\@tempa=\box88
\@tempa=\box89
\@tempa=\box90
\@tempa=\box91
\@tempa=\box92
\@tempa=\box93
\@tempa=\box94
\c@minrows=\count280
\c@columnbadness=\count281
\c@finalcolumnbadness=\count282
\last@try=\dimen163
\multicolovershoot=\dimen164
\multicolundershoot=\dimen165
\mult@nat@firstbox=\box95
\colbreak@box=\box96
\mc@col@check@num=\count283
)
(/usr/share/texlive/texmf-dist/tex/latex/graphics/graphicx.sty
Package: graphicx 2019/11/30 v1.2a Enhanced LaTeX Graphics (DPC,SPQR)

(/usr/share/texlive/texmf-dist/tex/latex/graphics/graphics.sty
Package: graphics 2019/11/30 v1.4a Standard LaTeX Graphics (DPC,SPQR)

(/usr/share/texlive/texmf-dist/tex/latex/graphics/trig.sty
Package: trig 2016/01/03 v1.10 sin cos tan (DPC)
)
(/usr/share/texlive/texmf-dist/tex/latex/graphics-cfg/graphics.cfg
File: graphics.cfg 2016/06/04 v1.11 sample graphics configuration
)
Package graphics Info: Driver file: xetex.def on input line 105.
)
\Gin@req@height=\dimen166
\Gin@req@width=\dimen167
)
(./sphinxlatexgraphics.sty
File: sphinxlatexgraphics.sty 2021/01/27 graphics
\spx@image@maxheight=\dimen168
\spx@image@box=\box97
) (./sphinxlatexadmonitions.sty
File: sphinxlatexadmonitions.sty 2021/01/27 admonitions

(/usr/share/texlive/texmf-dist/tex/latex/framed/framed.sty
Package: framed 2011/10/22 v 0.96: framed or shaded text with page breaks
\OuterFrameSep=\skip61
\fb@frw=\dimen169
\fb@frh=\dimen170
\FrameRule=\dimen171
\FrameSep=\dimen172
))
(./sphinxlatexliterals.sty
File: sphinxlatexliterals.sty 2021/12/06 code-blocks and parsed literals

(/usr/share/texlive/texmf-dist/tex/latex/fancyvrb/fancyvrb.sty
Package: fancyvrb 2020/01/13 v3.5 verbatim text (tvz,hv)
\FV@CodeLineNo=\count284
\FV@InFile=\read3
\FV@TabBox=\box98
\c@FancyVerbLine=\count285
\FV@StepNumber=\count286
\FV@OutFile=\write3
)
(/usr/share/texlive/texmf-dist/tex/latex/base/alltt.sty
Package: alltt 1997/06/16 v2.0g defines alltt environment
)
(/usr/share/texlive/texmf-dist/tex/latex/upquote/upquote.sty
Package: upquote 2012/04/19 v1.3 upright-quote and grave-accent glyphs in verba
tim
)
(/usr/share/texlive/texmf-dist/tex/latex/needspace/needspace.sty
Package: needspace 2010/09/12 v1.3d reserve vertical space
)
\sphinxcontinuationbox=\box99
\sphinxvisiblespacebox=\box100
\sphinxVerbatim@TitleBox=\box101
\sphinxVerbatim@ContentsBox=\box102
\spx@scratchbox=\box103
)
(./sphinxlatexshadowbox.sty
File: sphinxlatexshadowbox.sty 2021/01/27 sphinxShadowBox
) (./sphinxlatexcontainers.sty
File: sphinxlatexcontainers.sty 2021/05/03 containers
)
(./sphinxhighlight.sty
Package: sphinxhighlight 2016/05/29 stylesheet for highlighting with pygments
) (./sphinxlatextables.sty
File: sphinxlatextables.sty 2021/01/27 tables

(/usr/share/texlive/texmf-dist/tex/latex/tabulary/tabulary.sty
Package: tabulary 2014/06/11 v0.10 tabulary package (DPC)

(/usr/share/texlive/texmf-dist/tex/latex/tools/array.sty
Package: array 2019/08/31 v2.4l Tabular extension package (FMi)
\col@sep=\dimen173
\ar@mcellbox=\box104
\extrarowheight=\dimen174
\NC@list=\toks23
\extratabsurround=\skip62
\backup@length=\skip63
\ar@cellbox=\box105
)
\TY@count=\count287
\TY@linewidth=\dimen175
\tymin=\dimen176
\tymax=\dimen177
\TY@tablewidth=\dimen178
)
(/usr/share/texlive/texmf-dist/tex/latex/tools/longtable.sty
Package: longtable 2020/01/07 v4.13 Multi-page Table package (DPC)
\LTleft=\skip64
\LTright=\skip65
\LTpre=\skip66
\LTpost=\skip67
\LTchunksize=\count288
\LTcapwidth=\dimen179
\LT@head=\box106
\LT@firsthead=\box107
\LT@foot=\box108
\LT@lastfoot=\box109
\LT@cols=\count289
\LT@rows=\count290
\c@LT@tables=\count291
\c@LT@chunks=\count292
\LT@p@ftn=\toks24
)
(/usr/share/texlive/texmf-dist/tex/latex/varwidth/varwidth.sty
Package: varwidth 2009/03/30 ver 0.92;  Variable-width minipages
\@vwid@box=\box110
\sift@deathcycles=\count293
\@vwid@loff=\dimen180
\@vwid@roff=\dimen181
)
\sphinx@TY@tablewidth=\dimen182
)
(./sphinxlatexnumfig.sty
File: sphinxlatexnumfig.sty 2021/01/27 numbering
) (./sphinxlatexlists.sty
File: sphinxlatexlists.sty 2021/01/27 lists
)
\c@sphinxscope=\count294
\c@sphinxexplicit=\count295
 (./sphinxpackagefootnote.sty
Package: sphinxpackagefootnote 2021/02/04 v1.1d footnotehyper adapted to sphinx
 (Sphinx team)
\FNH@notes=\box111
\FNH@toks=\toks25
\FNH@width=\dimen183
) (./sphinxlatexindbibtoc.sty
File: sphinxlatexindbibtoc.sty 2021/01/27 index, bib., toc

(/usr/share/texlive/texmf-dist/tex/latex/base/makeidx.sty
Package: makeidx 2014/09/29 v1.0m Standard LaTeX package
))
(./sphinxlatexstylepage.sty
File: sphinxlatexstylepage.sty 2021/01/27 page styling

(/usr/share/texlive/texmf-dist/tex/latex/parskip/parskip.sty
Rollback for package 'parskip' requested -> version 'v1'.
         This corresponds to the release introduced on 2001-04-09.

(/usr/share/texlive/texmf-dist/tex/latex/parskip/parskip-2001-04-09.sty
Package: parskip 2001/04/09 non-zero parskip adjustments
))
(/usr/share/texlive/texmf-dist/tex/latex/fancyhdr/fancyhdr.sty
Package: fancyhdr 2019/01/31 v3.10 Extensive control of page headers and footer
s
\f@nch@headwidth=\skip68
\f@nch@O@elh=\skip69
\f@nch@O@erh=\skip70
\f@nch@O@olh=\skip71
\f@nch@O@orh=\skip72
\f@nch@O@elf=\skip73
\f@nch@O@erf=\skip74
\f@nch@O@olf=\skip75
\f@nch@O@orf=\skip76
))
(./sphinxlatexstyleheadings.sty
File: sphinxlatexstyleheadings.sty 2021/01/27 headings

(/usr/share/texlive/texmf-dist/tex/latex/titlesec/titlesec.sty
Package: titlesec 2019/10/16 v2.13 Sectioning titles
\ttl@box=\box112
\beforetitleunit=\skip77
\aftertitleunit=\skip78
\ttl@plus=\dimen184
\ttl@minus=\dimen185
\ttl@toksa=\toks26
\titlewidth=\dimen186
\titlewidthlast=\dimen187
\titlewidthfirst=\dimen188
))
(./sphinxlatexstyletext.sty
File: sphinxlatexstyletext.sty 2021/12/06 text styling
) (./sphinxlatexobjects.sty
File: sphinxlatexobjects.sty 2022/01/13 documentation environments
\sphinxsignaturesep=\skip79
\py@argswidth=\skip80
\lineblockindentation=\skip81
\DUlineblockindent=\skip82
))
(/usr/share/texlive/texmf-dist/tex/latex/geometry/geometry.sty
Package: geometry 2020/01/02 v5.9 Page Geometry

(/usr/share/texlive/texmf-dist/tex/generic/iftex/ifvtex.sty
Package: ifvtex 2019/10/25 v1.7 ifvtex legacy package. Use iftex instead.

(/usr/share/texlive/texmf-dist/tex/generic/iftex/iftex.sty
Package: iftex 2019/11/07 v1.0c TeX engine tests
))
\Gm@cnth=\count296
\Gm@cntv=\count297
\c@Gm@tempcnt=\count298
\Gm@bindingoffset=\dimen189
\Gm@wd@mp=\dimen190
\Gm@odd@mp=\dimen191
\Gm@even@mp=\dimen192
\Gm@layoutwidth=\dimen193
\Gm@layoutheight=\dimen194
\Gm@layouthoffset=\dimen195
\Gm@layoutvoffset=\dimen196
\Gm@dimlist=\toks27
)
(/usr/share/texlive/texmf-dist/tex/latex/hyperref/hyperref.sty
Package: hyperref 2020/01/14 v7.00d Hypertext links for LaTeX

(/usr/share/texlive/texmf-dist/tex/latex/pdftexcmds/pdftexcmds.sty
Package: pdftexcmds 2019/11/24 v0.31 Utility functions of pdfTeX for LuaTeX (HO
)

(/usr/share/texlive/texmf-dist/tex/generic/infwarerr/infwarerr.sty
Package: infwarerr 2019/12/03 v1.5 Providing info/warning/error messages (HO)
)
Package pdftexcmds Info: \pdf@primitive is available.
Package pdftexcmds Info: \pdf@ifprimitive is available.
Package pdftexcmds Info: \pdfdraftmode not found.
)
(/usr/share/texlive/texmf-dist/tex/generic/kvdefinekeys/kvdefinekeys.sty
Package: kvdefinekeys 2019-12-19 v1.6 Define keys (HO)
)
(/usr/share/texlive/texmf-dist/tex/generic/pdfescape/pdfescape.sty
Package: pdfescape 2019/12/09 v1.15 Implements pdfTeX's escape features (HO)
)
(/usr/share/texlive/texmf-dist/tex/latex/hycolor/hycolor.sty
Package: hycolor 2020-01-27 v1.10 Color options for hyperref/bookmark (HO)
)
(/usr/share/texlive/texmf-dist/tex/latex/letltxmacro/letltxmacro.sty
Package: letltxmacro 2019/12/03 v1.6 Let assignment for LaTeX macros (HO)
)
(/usr/share/texlive/texmf-dist/tex/latex/auxhook/auxhook.sty
Package: auxhook 2019-12-17 v1.6 Hooks for auxiliary files (HO)
)
\@linkdim=\dimen197
\Hy@linkcounter=\count299
\Hy@pagecounter=\count300

(/usr/share/texlive/texmf-dist/tex/latex/hyperref/pd1enc.def
File: pd1enc.def 2020/01/14 v7.00d Hyperref: PDFDocEncoding definition (HO)
)
(/usr/share/texlive/texmf-dist/tex/generic/intcalc/intcalc.sty
Package: intcalc 2019/12/15 v1.3 Expandable calculations with integers (HO)
)
(/usr/share/texlive/texmf-dist/tex/generic/etexcmds/etexcmds.sty
Package: etexcmds 2019/12/15 v1.7 Avoid name clashes with e-TeX commands (HO)
)
\Hy@SavedSpaceFactor=\count301
Package hyperref Info: Option `unicode' set `true' on input line 4421.

(/usr/share/texlive/texmf-dist/tex/latex/hyperref/puenc.def
File: puenc.def 2020/01/14 v7.00d Hyperref: PDF Unicode definition (HO)
)
Package hyperref Info: Option `colorlinks' set `true' on input line 4421.
Package hyperref Info: Option `breaklinks' set `true' on input line 4421.
Package hyperref Info: Hyper figures OFF on input line 4547.
Package hyperref Info: Link nesting OFF on input line 4552.
Package hyperref Info: Hyper index ON on input line 4555.
Package hyperref Info: Plain pages OFF on input line 4562.
Package hyperref Info: Backreferencing OFF on input line 4567.
Package hyperref Info: Implicit mode ON; LaTeX internals redefined.
Package hyperref Info: Bookmarks ON on input line 4800.
\c@Hy@tempcnt=\count302

(/usr/share/texlive/texmf-dist/tex/latex/url/url.sty
\Urlmuskip=\muskip17
Package: url 2013/09/16  ver 3.4  Verb mode for urls, etc.
)
LaTeX Info: Redefining \url on input line 5159.
\XeTeXLinkMargin=\dimen198

(/usr/share/texlive/texmf-dist/tex/generic/bitset/bitset.sty
Package: bitset 2019/12/09 v1.3 Handle bit-vector datatype (HO)

(/usr/share/texlive/texmf-dist/tex/generic/bigintcalc/bigintcalc.sty
Package: bigintcalc 2019/12/15 v1.5 Expandable calculations on big integers (HO
)
))
\Fld@menulength=\count303
\Field@Width=\dimen199
\Fld@charsize=\dimen256
Package hyperref Info: Hyper figures OFF on input line 6430.
Package hyperref Info: Link nesting OFF on input line 6435.
Package hyperref Info: Hyper index ON on input line 6438.
Package hyperref Info: backreferencing OFF on input line 6445.
Package hyperref Info: Link coloring ON on input line 6448.
Package hyperref Info: Link coloring with OCG OFF on input line 6455.
Package hyperref Info: PDF/A mode OFF on input line 6460.
LaTeX Info: Redefining \ref on input line 6500.
LaTeX Info: Redefining \pageref on input line 6504.

(/usr/share/texlive/texmf-dist/tex/generic/atbegshi/atbegshi.sty
Package: atbegshi 2019/12/05 v1.19 At begin shipout hook (HO)
)
\Hy@abspage=\count304
\c@Item=\count305
\c@Hfootnote=\count306
)
Package hyperref Info: Driver (autodetected): hxetex.

(/usr/share/texlive/texmf-dist/tex/latex/hyperref/hxetex.def
File: hxetex.def 2020/01/14 v7.00d Hyperref driver for XeTeX

(/usr/share/texlive/texmf-dist/tex/generic/stringenc/stringenc.sty
Package: stringenc 2019/11/29 v1.12 Convert strings between diff. encodings (HO
)
)
\pdfm@box=\box113
\c@Hy@AnnotLevel=\count307
\HyField@AnnotCount=\count308
\Fld@listcount=\count309
\c@bookmark@seq@number=\count310

(/usr/share/texlive/texmf-dist/tex/latex/rerunfilecheck/rerunfilecheck.sty
Package: rerunfilecheck 2019/12/05 v1.9 Rerun checks for auxiliary files (HO)

(/usr/share/texlive/texmf-dist/tex/latex/atveryend/atveryend.sty
Package: atveryend 2019-12-11 v1.11 Hooks at the very end of document (HO)
Package atveryend Info: \enddocument detected (standard20110627).
)
(/usr/share/texlive/texmf-dist/tex/generic/uniquecounter/uniquecounter.sty
Package: uniquecounter 2019/12/15 v1.4 Provide unlimited unique counter (HO)
)
Package uniquecounter Info: New unique counter `rerunfilecheck' on input line 2
86.
)
\Hy@SectionHShift=\skip83
)
(/usr/share/texlive/texmf-dist/tex/latex/oberdiek/hypcap.sty
Package: hypcap 2016/05/16 v1.12 Adjusting the anchors of captions (HO)
)
(./sphinxmessages.sty
Package: sphinxmessages 2019/01/04 v2.0 Localized LaTeX macros (Sphinx team)
)

Package fontspec Info: Could not resolve font "DejaVu Sans Mono/I" (it
(fontspec)             probably doesn't exist).


Package fontspec Info: Font family 'DejaVuSansMono(0)' created for font
(fontspec)             'DejaVu Sans Mono' with options [].
(fontspec)              
(fontspec)              This font family consists of the following NFSS
(fontspec)             series/shapes:
(fontspec)              
(fontspec)             - 'normal' (m/n) with NFSS spec.: <->"DejaVu Sans
(fontspec)             Mono/OT:script=latn;language=dflt;"
(fontspec)             - 'small caps'  (m/sc) with NFSS spec.: 
(fontspec)             - 'bold' (b/n) with NFSS spec.: <->"DejaVu Sans
(fontspec)             Mono/B/OT:script=latn;language=dflt;"
(fontspec)             - 'bold small caps'  (b/sc) with NFSS spec.: 
(fontspec)             - 'bold italic' (b/it) with NFSS spec.: <->"DejaVu Sans
(fontspec)             Mono/BI/OT:script=latn;language=dflt;"
(fontspec)             - 'bold italic small caps'  (b/scit) with NFSS spec.: 


(/usr/share/texlive/texmf-dist/tex/latex/silence/silence.sty
Package: silence 2012/07/02 v1.5b Selective filtering of warnings and error mes
sages
\sl@Save=\count311
\sl@StateNumber=\count312
\sl@MessageCount=\count313
\sl@Casualties=\count314
\sl@Filter=\toks28
\sl@Message=\toks29
\sl@UnexpandedMessage=\toks30
\sl@Mess@ge=\toks31
\sl@WarningCount=\count315
\sl@WarningNumber=\count316
\sl@WarningCasualties=\count317
\sl@TempBOW=\toks32
\sl@BankOfWarnings=\toks33
LaTeX Info: Redefining \GenericWarning on input line 433.
\sl@ErrorCount=\count318
\sl@ErrorNumber=\count319
\sl@ErrorCasualties=\count320
\sl@TempBOE=\toks34
\sl@BankOfErrors=\toks35
LaTeX Info: Redefining \GenericError on input line 601.
)
\@indexfile=\write4
\openout4 = `LVGL.idx'.


Writing index file LVGL.idx
(./LVGL.aux)
\openout1 = `LVGL.aux'.

LaTeX Font Info:    Checking defaults for OML/cmm/m/it on input line 82.
LaTeX Font Info:    ... okay on input line 82.
LaTeX Font Info:    Checking defaults for OMS/cmsy/m/n on input line 82.
LaTeX Font Info:    ... okay on input line 82.
LaTeX Font Info:    Checking defaults for OT1/cmr/m/n on input line 82.
LaTeX Font Info:    ... okay on input line 82.
LaTeX Font Info:    Checking defaults for T1/cmr/m/n on input line 82.
LaTeX Font Info:    ... okay on input line 82.
LaTeX Font Info:    Checking defaults for TS1/cmr/m/n on input line 82.
LaTeX Font Info:    Trying to load font information for TS1+cmr on input line 8
2.
 (/usr/share/texlive/texmf-dist/tex/latex/base/ts1cmr.fd
File: ts1cmr.fd 2019/12/16 v2.5j Standard LaTeX font definitions
)
LaTeX Font Info:    ... okay on input line 82.
LaTeX Font Info:    Checking defaults for TU/lmr/m/n on input line 82.
LaTeX Font Info:    ... okay on input line 82.
LaTeX Font Info:    Checking defaults for OMX/cmex/m/n on input line 82.
LaTeX Font Info:    ... okay on input line 82.
LaTeX Font Info:    Checking defaults for U/cmr/m/n on input line 82.
LaTeX Font Info:    ... okay on input line 82.
LaTeX Font Info:    Checking defaults for PD1/pdf/m/n on input line 82.
LaTeX Font Info:    ... okay on input line 82.
LaTeX Font Info:    Checking defaults for PU/pdf/m/n on input line 82.
LaTeX Font Info:    ... okay on input line 82.

Package fontspec Info: Adjusting the maths setup (use [no-math] to avoid
(fontspec)             this).

\symlegacymaths=\mathgroup6
LaTeX Font Info:    Overwriting symbol font `legacymaths' in version `bold'
(Font)                  OT1/cmr/m/n --> OT1/cmr/bx/n on input line 82.
LaTeX Font Info:    Redeclaring math accent \acute on input line 82.
LaTeX Font Info:    Redeclaring math accent \grave on input line 82.
LaTeX Font Info:    Redeclaring math accent \ddot on input line 82.
LaTeX Font Info:    Redeclaring math accent \tilde on input line 82.
LaTeX Font Info:    Redeclaring math accent \bar on input line 82.
LaTeX Font Info:    Redeclaring math accent \breve on input line 82.
LaTeX Font Info:    Redeclaring math accent \check on input line 82.
LaTeX Font Info:    Redeclaring math accent \hat on input line 82.
LaTeX Font Info:    Redeclaring math accent \dot on input line 82.
LaTeX Font Info:    Redeclaring math accent \mathring on input line 82.
LaTeX Font Info:    Redeclaring math symbol \Gamma on input line 82.
LaTeX Font Info:    Redeclaring math symbol \Delta on input line 82.
LaTeX Font Info:    Redeclaring math symbol \Theta on input line 82.
LaTeX Font Info:    Redeclaring math symbol \Lambda on input line 82.
LaTeX Font Info:    Redeclaring math symbol \Xi on input line 82.
LaTeX Font Info:    Redeclaring math symbol \Pi on input line 82.
LaTeX Font Info:    Redeclaring math symbol \Sigma on input line 82.
LaTeX Font Info:    Redeclaring math symbol \Upsilon on input line 82.
LaTeX Font Info:    Redeclaring math symbol \Phi on input line 82.
LaTeX Font Info:    Redeclaring math symbol \Psi on input line 82.
LaTeX Font Info:    Redeclaring math symbol \Omega on input line 82.
LaTeX Font Info:    Redeclaring math symbol \mathdollar on input line 82.
LaTeX Font Info:    Redeclaring symbol font `operators' on input line 82.
LaTeX Font Info:    Encoding `OT1' has changed to `TU' for symbol font
(Font)              `operators' in the math version `normal' on input line 82.
LaTeX Font Info:    Overwriting symbol font `operators' in version `normal'
(Font)                  OT1/cmr/m/n --> TU/FreeSerif(0)/m/n on input line 82.
LaTeX Font Info:    Encoding `OT1' has changed to `TU' for symbol font
(Font)              `operators' in the math version `bold' on input line 82.
LaTeX Font Info:    Overwriting symbol font `operators' in version `bold'
(Font)                  OT1/cmr/bx/n --> TU/FreeSerif(0)/m/n on input line 82.
LaTeX Font Info:    Overwriting symbol font `operators' in version `normal'
(Font)                  TU/FreeSerif(0)/m/n --> TU/FreeSerif(0)/m/n on input li
ne 82.
LaTeX Font Info:    Overwriting math alphabet `\mathit' in version `normal'
(Font)                  OT1/cmr/m/it --> TU/FreeSerif(0)/m/it on input line 82.

LaTeX Font Info:    Overwriting math alphabet `\mathbf' in version `normal'
(Font)                  OT1/cmr/bx/n --> TU/FreeSerif(0)/b/n on input line 82.
LaTeX Font Info:    Overwriting math alphabet `\mathsf' in version `normal'
(Font)                  OT1/cmss/m/n --> TU/FreeSans(0)/m/n on input line 82.
LaTeX Font Info:    Overwriting math alphabet `\mathtt' in version `normal'
(Font)                  OT1/cmtt/m/n --> TU/DejaVuSansMono(0)/m/n on input line
 82.
LaTeX Font Info:    Overwriting symbol font `operators' in version `bold'
(Font)                  TU/FreeSerif(0)/m/n --> TU/FreeSerif(0)/b/n on input li
ne 82.
LaTeX Font Info:    Overwriting math alphabet `\mathit' in version `bold'
(Font)                  OT1/cmr/bx/it --> TU/FreeSerif(0)/b/it on input line 82
.
LaTeX Font Info:    Overwriting math alphabet `\mathsf' in version `bold'
(Font)                  OT1/cmss/bx/n --> TU/FreeSans(0)/b/n on input line 82.
LaTeX Font Info:    Overwriting math alphabet `\mathtt' in version `bold'
(Font)                  OT1/cmtt/m/n --> TU/DejaVuSansMono(0)/b/n on input line
 82.
\c@literalblock=\count321

*geometry* driver: auto-detecting
*geometry* detected driver: xetex
*geometry* verbose mode - [ preamble ] result:
* driver: xetex
* paper: letterpaper
* layout: <same size as paper>
* layoutoffset:(h,v)=(0.0pt,0.0pt)
* modes: 
* h-part:(L,W,R)=(72.26999pt, 469.75502pt, 72.26999pt)
* v-part:(T,H,B)=(72.26999pt, 650.43001pt, 72.26999pt)
* \paperwidth=614.295pt
* \paperheight=794.96999pt
* \textwidth=469.75502pt
* \textheight=650.43001pt
* \oddsidemargin=0.0pt
* \evensidemargin=0.0pt
* \topmargin=-37.0pt
* \headheight=12.0pt
* \headsep=25.0pt
* \topskip=10.0pt
* \footskip=30.0pt
* \marginparwidth=36.135pt
* \marginparsep=11.0pt
* \columnsep=10.0pt
* \skip\footins=9.0pt plus 4.0pt minus 2.0pt
* \hoffset=0.0pt
* \voffset=0.0pt
* \mag=1000
* \@twocolumnfalse
* \@twosidefalse
* \@mparswitchfalse
* \@reversemarginfalse
* (1in=72.27pt=25.4mm, 1cm=28.453pt)

\AtBeginShipoutBox=\box114
Package hyperref Info: Link coloring ON on input line 82.
(/usr/share/texlive/texmf-dist/tex/latex/hyperref/nameref.sty
Package: nameref 2019/09/16 v2.46 Cross-referencing by name of section

(/usr/share/texlive/texmf-dist/tex/latex/refcount/refcount.sty
Package: refcount 2019/12/15 v3.6 Data extraction from label references (HO)
)
(/usr/share/texlive/texmf-dist/tex/generic/gettitlestring/gettitlestring.sty
Package: gettitlestring 2019/12/15 v1.6 Cleanup title references (HO)
)
\c@section@level=\count322
)
LaTeX Info: Redefining \ref on input line 82.
LaTeX Info: Redefining \pageref on input line 82.
LaTeX Info: Redefining \nameref on input line 82.

(./LVGL.out) (./LVGL.out)
\@outlinefile=\write5
\openout5 = `LVGL.out'.

Package hyperref Info: Option `pageanchor' set `false' on input line 85.
LaTeX Font Info:    Trying to load font information for U+msa on input line 85.


(/usr/share/texlive/texmf-dist/tex/latex/amsfonts/umsa.fd
File: umsa.fd 2013/01/14 v3.01 AMS symbols A
)
LaTeX Font Info:    Trying to load font information for U+msb on input line 85.


(/usr/share/texlive/texmf-dist/tex/latex/amsfonts/umsb.fd
File: umsb.fd 2013/01/14 v3.01 AMS symbols B
) [1

] (./LVGL.toc
[1



] [2])
\tf@toc=\write6
\openout6 = `LVGL.toc'.

 [3] [1

]
Chapter 1.
[2

] [3] [4] [5]
Underfull \hbox (badness 6445) in paragraph at lines 486--489
[]\TU/FreeSerif(0)/m/n/10 If you are using 16-bit colors with SPI (or another b
yte-oriented interface) you probably need to set
 []

[6] [7]
Chapter 2.
[8

] [9]
Underfull \vbox (badness 10000) detected at line 742
 []


Overfull \vbox (2.78596pt too high) detected at line 742
 []

[10]
Underfull \vbox (badness 10000) detected at line 813
 []

[11] [12] [13] [14] [15] [16] [17] [18]
Underfull \vbox (badness 10000) detected at line 1382
 []

[19] [20] [21] [22] [23]
Underfull \vbox (badness 10000) detected at line 1757
 []

[24] [25] [26] [27]
Underfull \vbox (badness 10000) detected at line 2040
 []

[28] [29]
Overfull \vbox (1.11598pt too high) detected at line 2185
 []

[30]
Underfull \vbox (badness 10000) detected at line 2235
 []

[31] [32]
Underfull \vbox (badness 10000) detected at line 2345
 []

[33] [34]
Underfull \vbox (badness 10000) detected at line 2553
 []


Overfull \vbox (2.78596pt too high) detected at line 2553
 []

[35]
Underfull \vbox (badness 10000) detected at line 2553
 []


Overfull \vbox (2.78596pt too high) detected at line 2553
 []

[36]
Underfull \vbox (badness 10000) detected at line 2705
 []

[37]
Underfull \vbox (badness 10000) detected at line 2705
 []


Overfull \vbox (2.78596pt too high) detected at line 2705
 []

[38]
Underfull \vbox (badness 10000) detected at line 2705
 []


Overfull \vbox (2.78596pt too high) detected at line 2705
 []

[39]
Overfull \vbox (1.11598pt too high) detected at line 2788
 []

[40] [41] [42]
Underfull \vbox (badness 10000) detected at line 2982
 []

[43]
Overfull \vbox (1.466pt too high) detected at line 3048
 []

[44] [45] [46] [47] [48] [49]
Overfull \vbox (1.44098pt too high) detected at line 3479
 []

[50]
Overfull \vbox (0.79097pt too high) detected at line 3566
 []

[51]
Underfull \vbox (badness 10000) detected at line 3604
 []

[52]
Overfull \vbox (1.44098pt too high) detected at line 3682
 []

[53]
Underfull \vbox (badness 10000) detected at line 3743
 []

[54]
Overfull \vbox (1.44098pt too high) detected at line 3803
 []

[55] [56] [57]
Overfull \vbox (1.44098pt too high) detected at line 4024
 []

[58]
Underfull \vbox (badness 10000) detected at line 4085
 []

[59]
Overfull \vbox (1.44098pt too high) detected at line 4140
 []

[60]
Overfull \vbox (1.11598pt too high) detected at line 4238
 []

[61]
Underfull \vbox (badness 10000) detected at line 4285
 []

[62] [63]
Underfull \vbox (badness 10000) detected at line 4414
 []

[64] [65]
Underfull \vbox (badness 10000) detected at line 4526
 []

[66] [67]
Underfull \vbox (badness 10000) detected at line 4679
 []

[68]
Missing character: There is no ‌ in font DejaVu Sans Mono/OT:script=latn;langua
ge=dflt;!
Missing character: There is no ‌ in font DejaVu Sans Mono/OT:script=latn;langua
ge=dflt;!
Missing character: There is no ‌ in font DejaVu Sans Mono/OT:script=latn;langua
ge=dflt;!
Missing character: There is no ‌ in font DejaVu Sans Mono/OT:script=latn;langua
ge=dflt;!
Missing character: There is no ‌ in font DejaVu Sans Mono/OT:script=latn;langua
ge=dflt;!
Missing character: There is no ‌ in font DejaVu Sans Mono/OT:script=latn;langua
ge=dflt;!
 [69]
Missing character: There is no ‌ in font DejaVu Sans Mono/OT:script=latn;langua
ge=dflt;!
Missing character: There is no ‌ in font DejaVu Sans Mono/OT:script=latn;langua
ge=dflt;!
Missing character: There is no ‌ in font DejaVu Sans Mono/OT:script=latn;langua
ge=dflt;!
Missing character: There is no ‌ in font DejaVu Sans Mono/OT:script=latn;langua
ge=dflt;!
Missing character: There is no ‌ in font DejaVu Sans Mono/OT:script=latn;langua
ge=dflt;!
Missing character: There is no ‌ in font DejaVu Sans Mono/OT:script=latn;langua
ge=dflt;!

Overfull \vbox (7.86209pt too high) detected at line 4835
 []

[70]
Underfull \vbox (badness 10000) detected at line 4912
 []

[71]
Underfull \vbox (badness 10000) detected at line 4912
 []


Overfull \vbox (2.78596pt too high) detected at line 4912
 []

[72] [73] [74] [75] [76] [77] [78] [79]
Overfull \vbox (1.44098pt too high) detected at line 5501
 []

[80] [81] [82]
Underfull \vbox (badness 10000) detected at line 5718
 []

[83]
Underfull \vbox (badness 10000) detected at line 5781
 []

[84] [85] [86]
Underfull \vbox (badness 10000) detected at line 6029
 []

[87]
Underfull \vbox (badness 10000) detected at line 6029
 []


Underfull \vbox (badness 10000) detected at line 6029
 []

[88]
Overfull \vbox (1.44098pt too high) detected at line 6090
 []

[89]
Overfull \vbox (0.79097pt too high) detected at line 6188
 []

[90] [91]
Underfull \vbox (badness 10000) detected at line 6314
 []


Overfull \vbox (4.52797pt too high) detected at line 6314
 []

[92]
Underfull \vbox (badness 10000) detected at line 6404
 []

[93] [94]
Underfull \vbox (badness 10000) detected at line 6487
 []

[95]
Underfull \vbox (badness 10000) detected at line 6560
 []

[96] [97] [98]
Underfull \vbox (badness 3439) detected at line 6740
 []

[99] [100] [101] [102]
Underfull \vbox (badness 10000) detected at line 7002
 []

[103]
Overfull \vbox (1.44098pt too high) detected at line 7148
 []

[104]
Underfull \vbox (badness 10000) detected at line 7148
 []


Overfull \vbox (2.78596pt too high) detected at line 7148
 []

[105]
Underfull \vbox (badness 10000) detected at line 7233
 []

[106] [107]
Underfull \vbox (badness 10000) detected at line 7325
 []

[108]
Underfull \vbox (badness 10000) detected at line 7386
 []

[109]
Overfull \vbox (1.44098pt too high) detected at line 7487
 []

[110]
Underfull \vbox (badness 10000) detected at line 7487
 []


Overfull \vbox (2.78596pt too high) detected at line 7487
 []

[111]
Underfull \vbox (badness 10000) detected at line 7569
 []

[112]
Overfull \vbox (12.44098pt too high) detected at line 7684
 []

[113]
Underfull \vbox (badness 10000) detected at line 7684
 []


Overfull \vbox (2.78596pt too high) detected at line 7684
 []

[114]
Underfull \vbox (badness 10000) detected at line 7782
 []

[115]
Underfull \vbox (badness 10000) detected at line 7782
 []


Overfull \vbox (13.78596pt too high) detected at line 7782
 []

[116]
Underfull \vbox (badness 10000) detected at line 7782
 []


Overfull \vbox (2.78596pt too high) detected at line 7782
 []

[117]
Overfull \vbox (1.44098pt too high) detected at line 7885
 []

[118]
Underfull \vbox (badness 10000) detected at line 7982
 []

[119]
Underfull \vbox (badness 10000) detected at line 7982
 []


Overfull \vbox (2.78596pt too high) detected at line 7982
 []

[120]
Overfull \vbox (1.44098pt too high) detected at line 8064
 []

[121]
Underfull \vbox (badness 10000) detected at line 8150
 []

[122]
Underfull \vbox (badness 10000) detected at line 8150
 []


Overfull \vbox (2.78596pt too high) detected at line 8150
 []

[123]
Overfull \vbox (1.44098pt too high) detected at line 8297
 []

[124]
Underfull \vbox (badness 10000) detected at line 8297
 []


Overfull \vbox (2.78596pt too high) detected at line 8297
 []

[125]
Underfull \vbox (badness 10000) detected at line 8430
 []

[126]
Underfull \vbox (badness 10000) detected at line 8430
 []


Overfull \vbox (2.78596pt too high) detected at line 8430
 []

[127]
Underfull \vbox (badness 10000) detected at line 8430
 []


Overfull \vbox (2.78596pt too high) detected at line 8430
 []

[128] [129] [130]
Underfull \vbox (badness 10000) detected at line 8636
 []

[131] [132] [133]
Overfull \vbox (1.44098pt too high) detected at line 8834
 []

[134]
Overfull \vbox (5.44096pt too high) detected at line 8936
 []

[135]
Underfull \vbox (badness 10000) detected at line 8998
 []

[136] [137] [138]
Underfull \vbox (badness 10000) detected at line 9233
 []

[139]
Underfull \vbox (badness 10000) detected at line 9233
 []


Overfull \vbox (2.78596pt too high) detected at line 9233
 []

[140] [141] [142] [143]
Overfull \vbox (7.79099pt too high) detected at line 9538
 []

[144]
Underfull \vbox (badness 10000) detected at line 9621
 []

[145] [146]
Overfull \vbox (1.87796pt too high) detected at line 9717
 []

[147]
Overfull \vbox (0.79097pt too high) detected at line 9789
 []

[148]
Overfull \vbox (1.44098pt too high) detected at line 9841
 []

[149]
Missing character: There is no מ in font DejaVu Sans Mono/OT:script=latn;langua
ge=dflt;!
Missing character: There is no ע in font DejaVu Sans Mono/OT:script=latn;langua
ge=dflt;!
Missing character: There is no ב in font DejaVu Sans Mono/OT:script=latn;langua
ge=dflt;!
Missing character: There is no ד in font DejaVu Sans Mono/OT:script=latn;langua
ge=dflt;!
Missing character: There is no א in font DejaVu Sans Mono/OT:script=latn;langua
ge=dflt;!
Missing character: There is no ו in font DejaVu Sans Mono/OT:script=latn;langua
ge=dflt;!
Missing character: There is no ב in font DejaVu Sans Mono/OT:script=latn;langua
ge=dflt;!
Missing character: There is no ש in font DejaVu Sans Mono/OT:script=latn;langua
ge=dflt;!
Missing character: There is no מ in font DejaVu Sans Mono/OT:script=latn;langua
ge=dflt;!
Missing character: There is no ו in font DejaVu Sans Mono/OT:script=latn;langua
ge=dflt;!
Missing character: There is no ה in font DejaVu Sans Mono/OT:script=latn;langua
ge=dflt;!
Missing character: There is no מ in font DejaVu Sans Mono/OT:script=latn;langua
ge=dflt;!
Missing character: There is no ל in font DejaVu Sans Mono/OT:script=latn;langua
ge=dflt;!
Missing character: There is no א in font DejaVu Sans Mono/OT:script=latn;langua
ge=dflt;!
Missing character: There is no י in font DejaVu Sans Mono/OT:script=latn;langua
ge=dflt;!
Missing character: There is no ח in font DejaVu Sans Mono/OT:script=latn;langua
ge=dflt;!
Missing character: There is no י in font DejaVu Sans Mono/OT:script=latn;langua
ge=dflt;!
Missing character: There is no ד in font DejaVu Sans Mono/OT:script=latn;langua
ge=dflt;!
Missing character: There is no ת in font DejaVu Sans Mono/OT:script=latn;langua
ge=dflt;!
Missing character: There is no ע in font DejaVu Sans Mono/OT:script=latn;langua
ge=dflt;!
Missing character: There is no י in font DejaVu Sans Mono/OT:script=latn;langua
ge=dflt;!
Missing character: There is no ב in font DejaVu Sans Mono/OT:script=latn;langua
ge=dflt;!
Missing character: There is no ו in font DejaVu Sans Mono/OT:script=latn;langua
ge=dflt;!
Missing character: There is no ד in font DejaVu Sans Mono/OT:script=latn;langua
ge=dflt;!
Missing character: There is no מ in font DejaVu Sans Mono/OT:script=latn;langua
ge=dflt;!
Missing character: There is no ר in font DejaVu Sans Mono/OT:script=latn;langua
ge=dflt;!
Missing character: There is no כ in font DejaVu Sans Mono/OT:script=latn;langua
ge=dflt;!
Missing character: There is no ז in font DejaVu Sans Mono/OT:script=latn;langua
ge=dflt;!
Missing character: There is no י in font DejaVu Sans Mono/OT:script=latn;langua
ge=dflt;!
Missing character: There is no ת in font DejaVu Sans Mono/OT:script=latn;langua
ge=dflt;!
Missing character: There is no ב in font DejaVu Sans Mono/OT:script=latn;langua
ge=dflt;!
Missing character: There is no א in font DejaVu Sans Mono/OT:script=latn;langua
ge=dflt;!
Missing character: There is no נ in font DejaVu Sans Mono/OT:script=latn;langua
ge=dflt;!
Missing character: There is no ג in font DejaVu Sans Mono/OT:script=latn;langua
ge=dflt;!
Missing character: There is no ל in font DejaVu Sans Mono/OT:script=latn;langua
ge=dflt;!
Missing character: There is no י in font DejaVu Sans Mono/OT:script=latn;langua
ge=dflt;!
Missing character: There is no ת in font DejaVu Sans Mono/OT:script=latn;langua
ge=dflt;!
Missing character: There is no 嵌 in font DejaVu Sans Mono/OT:script=latn;langua
ge=dflt;!
Missing character: There is no 入 in font DejaVu Sans Mono/OT:script=latn;langua
ge=dflt;!
Missing character: There is no 式 in font DejaVu Sans Mono/OT:script=latn;langua
ge=dflt;!
Missing character: There is no 系 in font DejaVu Sans Mono/OT:script=latn;langua
ge=dflt;!
Missing character: There is no 统 in font DejaVu Sans Mono/OT:script=latn;langua
ge=dflt;!
Missing character: There is no （ in font DejaVu Sans Mono/OT:script=latn;langua
ge=dflt;!
Missing character: There is no ） in font DejaVu Sans Mono/OT:script=latn;langua
ge=dflt;!
Missing character: There is no ， in font DejaVu Sans Mono/OT:script=latn;langua
ge=dflt;!
Missing character: There is no 是 in font DejaVu Sans Mono/OT:script=latn;langua
ge=dflt;!
Missing character: There is no 一 in font DejaVu Sans Mono/OT:script=latn;langua
ge=dflt;!
Missing character: There is no 种 in font DejaVu Sans Mono/OT:script=latn;langua
ge=dflt;!
Missing character: There is no 嵌 in font DejaVu Sans Mono/OT:script=latn;langua
ge=dflt;!
Missing character: There is no 入 in font DejaVu Sans Mono/OT:script=latn;langua
ge=dflt;!
Missing character: There is no 机 in font DejaVu Sans Mono/OT:script=latn;langua
ge=dflt;!
Missing character: There is no 械 in font DejaVu Sans Mono/OT:script=latn;langua
ge=dflt;!
Missing character: There is no 或 in font DejaVu Sans Mono/OT:script=latn;langua
ge=dflt;!
Missing character: There is no 电 in font DejaVu Sans Mono/OT:script=latn;langua
ge=dflt;!
Missing character: There is no 气 in font DejaVu Sans Mono/OT:script=latn;langua
ge=dflt;!
Missing character: There is no 系 in font DejaVu Sans Mono/OT:script=latn;langua
ge=dflt;!
Missing character: There is no 统 in font DejaVu Sans Mono/OT:script=latn;langua
ge=dflt;!
Missing character: There is no 内 in font DejaVu Sans Mono/OT:script=latn;langua
ge=dflt;!
Missing character: There is no 部 in font DejaVu Sans Mono/OT:script=latn;langua
ge=dflt;!
Missing character: There is no 、 in font DejaVu Sans Mono/OT:script=latn;langua
ge=dflt;!
Missing character: There is no 具 in font DejaVu Sans Mono/OT:script=latn;langua
ge=dflt;!
Missing character: There is no 有 in font DejaVu Sans Mono/OT:script=latn;langua
ge=dflt;!
Missing character: There is no 专 in font DejaVu Sans Mono/OT:script=latn;langua
ge=dflt;!
Missing character: There is no 一 in font DejaVu Sans Mono/OT:script=latn;langua
ge=dflt;!
Missing character: There is no 功 in font DejaVu Sans Mono/OT:script=latn;langua
ge=dflt;!
Missing character: There is no 能 in font DejaVu Sans Mono/OT:script=latn;langua
ge=dflt;!
Missing character: There is no 和 in font DejaVu Sans Mono/OT:script=latn;langua
ge=dflt;!
Missing character: There is no 实 in font DejaVu Sans Mono/OT:script=latn;langua
ge=dflt;!
Missing character: There is no 时 in font DejaVu Sans Mono/OT:script=latn;langua
ge=dflt;!
Missing character: There is no 计 in font DejaVu Sans Mono/OT:script=latn;langua
ge=dflt;!
Missing character: There is no 算 in font DejaVu Sans Mono/OT:script=latn;langua
ge=dflt;!
Missing character: There is no 性 in font DejaVu Sans Mono/OT:script=latn;langua
ge=dflt;!
Missing character: There is no 能 in font DejaVu Sans Mono/OT:script=latn;langua
ge=dflt;!
Missing character: There is no 的 in font DejaVu Sans Mono/OT:script=latn;langua
ge=dflt;!
Missing character: There is no 计 in font DejaVu Sans Mono/OT:script=latn;langua
ge=dflt;!
Missing character: There is no 算 in font DejaVu Sans Mono/OT:script=latn;langua
ge=dflt;!
Missing character: There is no 机 in font DejaVu Sans Mono/OT:script=latn;langua
ge=dflt;!
Missing character: There is no 系 in font DejaVu Sans Mono/OT:script=latn;langua
ge=dflt;!
Missing character: There is no 统 in font DejaVu Sans Mono/OT:script=latn;langua
ge=dflt;!
Missing character: There is no 。 in font DejaVu Sans Mono/OT:script=latn;langua
ge=dflt;!
 [150]
Missing character: There is no מ in font DejaVu Sans Mono/OT:script=latn;langua
ge=dflt;!
Missing character: There is no ע in font DejaVu Sans Mono/OT:script=latn;langua
ge=dflt;!
Missing character: There is no ב in font DejaVu Sans Mono/OT:script=latn;langua
ge=dflt;!
Missing character: There is no ד in font DejaVu Sans Mono/OT:script=latn;langua
ge=dflt;!
Missing character: There is no א in font DejaVu Sans Mono/OT:script=latn;langua
ge=dflt;!
Missing character: There is no ו in font DejaVu Sans Mono/OT:script=latn;langua
ge=dflt;!
Missing character: There is no ב in font DejaVu Sans Mono/OT:script=latn;langua
ge=dflt;!
Missing character: There is no ש in font DejaVu Sans Mono/OT:script=latn;langua
ge=dflt;!
Missing character: There is no מ in font DejaVu Sans Mono/OT:script=latn;langua
ge=dflt;!
Missing character: There is no ו in font DejaVu Sans Mono/OT:script=latn;langua
ge=dflt;!
Missing character: There is no ה in font DejaVu Sans Mono/OT:script=latn;langua
ge=dflt;!
Missing character: There is no מ in font DejaVu Sans Mono/OT:script=latn;langua
ge=dflt;!
Missing character: There is no ל in font DejaVu Sans Mono/OT:script=latn;langua
ge=dflt;!
Missing character: There is no א in font DejaVu Sans Mono/OT:script=latn;langua
ge=dflt;!
Missing character: There is no י in font DejaVu Sans Mono/OT:script=latn;langua
ge=dflt;!
Missing character: There is no ח in font DejaVu Sans Mono/OT:script=latn;langua
ge=dflt;!
Missing character: There is no י in font DejaVu Sans Mono/OT:script=latn;langua
ge=dflt;!
Missing character: There is no ד in font DejaVu Sans Mono/OT:script=latn;langua
ge=dflt;!
Missing character: There is no ת in font DejaVu Sans Mono/OT:script=latn;langua
ge=dflt;!
Missing character: There is no ע in font DejaVu Sans Mono/OT:script=latn;langua
ge=dflt;!
Missing character: There is no י in font DejaVu Sans Mono/OT:script=latn;langua
ge=dflt;!
Missing character: There is no ב in font DejaVu Sans Mono/OT:script=latn;langua
ge=dflt;!
Missing character: There is no ו in font DejaVu Sans Mono/OT:script=latn;langua
ge=dflt;!
Missing character: There is no ד in font DejaVu Sans Mono/OT:script=latn;langua
ge=dflt;!
Missing character: There is no מ in font DejaVu Sans Mono/OT:script=latn;langua
ge=dflt;!
Missing character: There is no ר in font DejaVu Sans Mono/OT:script=latn;langua
ge=dflt;!
Missing character: There is no כ in font DejaVu Sans Mono/OT:script=latn;langua
ge=dflt;!
Missing character: There is no ז in font DejaVu Sans Mono/OT:script=latn;langua
ge=dflt;!
Missing character: There is no י in font DejaVu Sans Mono/OT:script=latn;langua
ge=dflt;!
Missing character: There is no ת in font DejaVu Sans Mono/OT:script=latn;langua
ge=dflt;!
Missing character: There is no ב in font DejaVu Sans Mono/OT:script=latn;langua
ge=dflt;!
Missing character: There is no א in font DejaVu Sans Mono/OT:script=latn;langua
ge=dflt;!
Missing character: There is no נ in font DejaVu Sans Mono/OT:script=latn;langua
ge=dflt;!
Missing character: There is no ג in font DejaVu Sans Mono/OT:script=latn;langua
ge=dflt;!
Missing character: There is no ל in font DejaVu Sans Mono/OT:script=latn;langua
ge=dflt;!
Missing character: There is no י in font DejaVu Sans Mono/OT:script=latn;langua
ge=dflt;!
Missing character: There is no ת in font DejaVu Sans Mono/OT:script=latn;langua
ge=dflt;!
Missing character: There is no 嵌 in font DejaVu Sans Mono/OT:script=latn;langua
ge=dflt;!
Missing character: There is no 入 in font DejaVu Sans Mono/OT:script=latn;langua
ge=dflt;!
Missing character: There is no 式 in font DejaVu Sans Mono/OT:script=latn;langua
ge=dflt;!
Missing character: There is no 系 in font DejaVu Sans Mono/OT:script=latn;langua
ge=dflt;!
Missing character: There is no 统 in font DejaVu Sans Mono/OT:script=latn;langua
ge=dflt;!
Missing character: There is no （ in font DejaVu Sans Mono/OT:script=latn;langua
ge=dflt;!
Missing character: There is no ） in font DejaVu Sans Mono/OT:script=latn;langua
ge=dflt;!
Missing character: There is no ， in font DejaVu Sans Mono/OT:script=latn;langua
ge=dflt;!
Missing character: There is no 是 in font DejaVu Sans Mono/OT:script=latn;langua
ge=dflt;!
Missing character: There is no 一 in font DejaVu Sans Mono/OT:script=latn;langua
ge=dflt;!
Missing character: There is no 种 in font DejaVu Sans Mono/OT:script=latn;langua
ge=dflt;!
Missing character: There is no 嵌 in font DejaVu Sans Mono/OT:script=latn;langua
ge=dflt;!
Missing character: There is no 入 in font DejaVu Sans Mono/OT:script=latn;langua
ge=dflt;!
Missing character: There is no 机 in font DejaVu Sans Mono/OT:script=latn;langua
ge=dflt;!
Missing character: There is no 械 in font DejaVu Sans Mono/OT:script=latn;langua
ge=dflt;!
Missing character: There is no 或 in font DejaVu Sans Mono/OT:script=latn;langua
ge=dflt;!
Missing character: There is no 电 in font DejaVu Sans Mono/OT:script=latn;langua
ge=dflt;!
Missing character: There is no 气 in font DejaVu Sans Mono/OT:script=latn;langua
ge=dflt;!
Missing character: There is no 系 in font DejaVu Sans Mono/OT:script=latn;langua
ge=dflt;!
Missing character: There is no 统 in font DejaVu Sans Mono/OT:script=latn;langua
ge=dflt;!
Missing character: There is no 内 in font DejaVu Sans Mono/OT:script=latn;langua
ge=dflt;!
Missing character: There is no 部 in font DejaVu Sans Mono/OT:script=latn;langua
ge=dflt;!
Missing character: There is no 、 in font DejaVu Sans Mono/OT:script=latn;langua
ge=dflt;!
Missing character: There is no 具 in font DejaVu Sans Mono/OT:script=latn;langua
ge=dflt;!
Missing character: There is no 有 in font DejaVu Sans Mono/OT:script=latn;langua
ge=dflt;!
Missing character: There is no 专 in font DejaVu Sans Mono/OT:script=latn;langua
ge=dflt;!
Missing character: There is no 一 in font DejaVu Sans Mono/OT:script=latn;langua
ge=dflt;!
Missing character: There is no 功 in font DejaVu Sans Mono/OT:script=latn;langua
ge=dflt;!
Missing character: There is no 能 in font DejaVu Sans Mono/OT:script=latn;langua
ge=dflt;!
Missing character: There is no 和 in font DejaVu Sans Mono/OT:script=latn;langua
ge=dflt;!
Missing character: There is no 实 in font DejaVu Sans Mono/OT:script=latn;langua
ge=dflt;!
Missing character: There is no 时 in font DejaVu Sans Mono/OT:script=latn;langua
ge=dflt;!
Missing character: There is no 计 in font DejaVu Sans Mono/OT:script=latn;langua
ge=dflt;!
Missing character: There is no 算 in font DejaVu Sans Mono/OT:script=latn;langua
ge=dflt;!
Missing character: There is no 性 in font DejaVu Sans Mono/OT:script=latn;langua
ge=dflt;!
Missing character: There is no 能 in font DejaVu Sans Mono/OT:script=latn;langua
ge=dflt;!
Missing character: There is no 的 in font DejaVu Sans Mono/OT:script=latn;langua
ge=dflt;!
Missing character: There is no 计 in font DejaVu Sans Mono/OT:script=latn;langua
ge=dflt;!
Missing character: There is no 算 in font DejaVu Sans Mono/OT:script=latn;langua
ge=dflt;!
Missing character: There is no 机 in font DejaVu Sans Mono/OT:script=latn;langua
ge=dflt;!
Missing character: There is no 系 in font DejaVu Sans Mono/OT:script=latn;langua
ge=dflt;!
Missing character: There is no 统 in font DejaVu Sans Mono/OT:script=latn;langua
ge=dflt;!
Missing character: There is no 。 in font DejaVu Sans Mono/OT:script=latn;langua
ge=dflt;!
 [151]
Underfull \vbox (badness 10000) detected at line 10051
 []

[152] [153]
Overfull \vbox (0.79097pt too high) detected at line 10200
 []

[154]
Overfull \vbox (0.79097pt too high) detected at line 10272
 []

[155] [156] [157]
Underfull \vbox (badness 10000) detected at line 10577
 []

[158]
Underfull \vbox (badness 10000) detected at line 10577
 []


Overfull \vbox (2.78596pt too high) detected at line 10577
 []

[159] [160]
Underfull \vbox (badness 10000) detected at line 10723
 []


Underfull \vbox (badness 10000) detected at line 10723
 []

[161]
Underfull \vbox (badness 10000) detected at line 10723
 []


Overfull \vbox (2.78596pt too high) detected at line 10723
 []

[162] [163] [164]
Underfull \vbox (badness 10000) detected at line 10932
 []

[165]
Overfull \vbox (1.44098pt too high) detected at line 11007
 []

[166]
Underfull \vbox (badness 10000) detected at line 11059
 []

[167]
Overfull \vbox (1.44098pt too high) detected at line 11145
 []

[168]
Underfull \vbox (badness 10000) detected at line 11201
 []

[169]
Overfull \vbox (1.44098pt too high) detected at line 11416
 []

[170]
Underfull \vbox (badness 10000) detected at line 11416
 []


Overfull \vbox (13.78596pt too high) detected at line 11416
 []

[171]
Underfull \vbox (badness 10000) detected at line 11416
 []


Overfull \vbox (2.78596pt too high) detected at line 11416
 []

[172]
Underfull \vbox (badness 10000) detected at line 11416
 []


Overfull \vbox (2.78596pt too high) detected at line 11416
 []

[173]
Overfull \vbox (0.79097pt too high) detected at line 11511
 []

[174] [175]
Underfull \vbox (badness 10000) detected at line 11578
 []


Underfull \vbox (badness 10000) detected at line 11578
 []

[176]
Overfull \vbox (1.44098pt too high) detected at line 11653
 []

[177]
Underfull \vbox (badness 10000) detected at line 11731
 []

[178]
Overfull \vbox (1.44098pt too high) detected at line 11801
 []

[179]
Underfull \vbox (badness 10000) detected at line 11893
 []

[180]
Underfull \vbox (badness 10000) detected at line 11893
 []


Overfull \vbox (2.78596pt too high) detected at line 11893
 []

[181]
Overfull \vbox (1.44098pt too high) detected at line 11947
 []

[182]
Overfull \vbox (11.79097pt too high) detected at line 12026
 []

[183]
Overfull \vbox (0.79097pt too high) detected at line 12105
 []

[184] [185]
Underfull \vbox (badness 10000) detected at line 12290
 []

[186] [187]
Underfull \vbox (badness 10000) detected at line 12402
 []

[188]
Underfull \vbox (badness 10000) detected at line 12510
 []

[189]
Underfull \vbox (badness 10000) detected at line 12510
 []


Overfull \vbox (2.78596pt too high) detected at line 12510
 []

[190] [191] [192]
Underfull \vbox (badness 10000) detected at line 12662
 []

[193] [194]
Underfull \vbox (badness 10000) detected at line 12791
 []

[195] [196] [197]
Underfull \vbox (badness 10000) detected at line 12982
 []

[198] [199] [200]
Overfull \vbox (1.87796pt too high) detected at line 13224
 []

[201] [202]
Underfull \vbox (badness 10000) detected at line 13369
 []

[203]
Overfull \vbox (1.44098pt too high) detected at line 13487
 []

[204]
Underfull \vbox (badness 10000) detected at line 13487
 []


Overfull \vbox (2.78596pt too high) detected at line 13487
 []

[205]
Underfull \vbox (badness 10000) detected at line 13591
 []

[206]
Underfull \vbox (badness 10000) detected at line 13591
 []


Overfull \vbox (2.78596pt too high) detected at line 13591
 []

[207] [208] [209]
Underfull \vbox (badness 10000) detected at line 13805
 []

[210] [211] [212]
Underfull \vbox (badness 10000) detected at line 13983
 []

[213] [214] [215] [216]
Underfull \vbox (badness 10000) detected at line 14272
 []

[217] [218] [219]
Chapter 3.
[220

] [221]
Underfull \hbox (badness 10000) in paragraph at lines 14613--14615
[]\TU/FreeSerif(0)/m/n/10 Along with the basic attributes, widgets can have typ
e specific parameters which are set by
 []

[222] [223] [224] [225] [226]
Underfull \vbox (badness 10000) detected at line 15003
 []


Overfull \vbox (2.78596pt too high) detected at line 15003
 []

[227]
Underfull \vbox (badness 10000) detected at line 15074
 []

[228]
Overfull \vbox (12.44098pt too high) detected at line 15123
 []

[229] [230] [231] [232] [233] [234] [235] [236] [237] [238] [239] [240]
[241] [242] [243] [244] [245] [246] [247] [248] [249]
Missing character: There is no 中 in font [FreeSerif.otf]/OT:script=latn;languag
e=dflt;!
Missing character: There is no 文 in font [FreeSerif.otf]/OT:script=latn;languag
e=dflt;!
Missing character: There is no 文 in font [FreeSerif.otf]/OT:script=latn;languag
e=dflt;!
Missing character: There is no 档 in font [FreeSerif.otf]/OT:script=latn;languag
e=dflt;!
 [250] [251] [252]
[253]
Chapter 4.
[254

] [255] [256]
Underfull \hbox (badness 10000) in paragraph at lines 17270--17274
[]\TU/DejaVuSansMono(0)/m/n/10 flush_cb \TU/FreeSerif(0)/m/n/10 a callback func
tion to copy a buffer's content to a specific area of the display.
 []

[257] [258] [259] [260] [261] [262] [263] [264] [265] [266] [267] [268]
[269] [270]
Underfull \hbox (badness 10000) in paragraph at lines 19181--19183
[]\TU/FreeSerif(0)/m/n/10 If you hold the keys it will simulate an encoder adva
nce with period specified in \TU/DejaVuSansMono(0)/m/it/10 indev_drv.
 []

[271] [272] [273] [274] [275] [276] [277] [278]
Underfull \hbox (badness 10000) in paragraph at lines 20464--20466
[]\TU/FreeSerif(0)/m/n/10 If you want to use \TU/DejaVuSansMono(0)/m/it/10 lv_t
imer_handler() \TU/FreeSerif(0)/m/n/10 in a super-loop, a helper func-
 []

[279] [280]
Underfull \hbox (badness 10000) in paragraph at lines 20588--20590
\TU/FreeSerif(0)/m/n/10 Try to avoid calling LVGL functions from interrupt hand
lers (except \TU/DejaVuSansMono(0)/m/it/10 lv_tick_inc() \TU/FreeSerif(0)/m/n/1
0 and
 []

[281] [282] [283] [284] [285] [286] [287]
Chapter 5.
[288

]
File: par_child1.png Graphic file (type bmp)
<par_child1.png>
 [289]
File: par_child2.png Graphic file (type bmp)
<par_child2.png>
File: par_child3.png Graphic file (type bmp)
<par_child3.png>
 [290] [291] [292]
Underfull \hbox (badness 8189) in paragraph at lines 21314--21317
\TU/FreeSerif(0)/m/n/10 Screens are created on the currently selected \TU/FreeS
erif(0)/m/it/10 default display\TU/FreeSerif(0)/m/n/10 . The \TU/FreeSerif(0)/m
/it/10 default display \TU/FreeSerif(0)/m/n/10 is the last regis-
 []

[293] [294]
File: boxmodel.png Graphic file (type bmp)
<boxmodel.png>
 [295] [296] [297] [298] [299] [300] [301]
Underfull \hbox (badness 10000) in paragraph at lines 22027--22029
[]\TU/DejaVuSansMono(0)/m/it/10 LV_OBJ_FLAG_FLOATING \TU/FreeSerif(0)/m/n/10 Sa
me as \TU/DejaVuSansMono(0)/m/it/10 LV_OBJ_FLAG_IGNORE_LAYOUT \TU/FreeSerif(0)/
m/n/10 but the object with
 []

[302] [303] [304] [305] [306] [307] [308]
Overfull \hbox (23.32457pt too wide) in paragraph at lines 22672--22672
[]|[][][][][][][][][][][]\TU/DejaVuSansMono(0)/m/it/9 LV_ 
 []


Overfull \hbox (17.90611pt too wide) in paragraph at lines 22673--22673
[]|[][][][][][][][][][][][]\TU/DejaVuSansMono(0)/m/it/9 0[], 
 []

[309] [310] [311] [312] [313] [314] [315] [316] [317] [318] [319]
Overfull \vbox (1.44098pt too high) detected at line 23496
 []

[320] [321]
Underfull \vbox (badness 10000) detected at line 23658
 []

[322] [323] [324]
Overfull \vbox (1.44098pt too high) detected at line 23877
 []

[325]
Underfull \vbox (badness 10000) detected at line 23941
 []

[326]
Overfull \vbox (1.44098pt too high) detected at line 24005
 []

[327] [328] [329] [330] [331] [332] [333] [334] [335] [336] [337] [338]
[339] [340] [341] [342] [343] [344] [345] [346] [347] [348] [349] [350]
[351]
Underfull \hbox (badness 10000) in paragraph at lines 29742--29744
\TU/FreeSerif(0)/m/n/10 values are: \TU/DejaVuSansMono(0)/m/it/10 LV_ALIGN_DEFA
ULT\TU/FreeSerif(0)/m/n/10 , \TU/DejaVuSansMono(0)/m/it/10 LV_ALIGN_TOP_LEFT/MI
D/RIGHT\TU/FreeSerif(0)/m/n/10 , \TU/DejaVuSansMono(0)/m/it/10 LV_ALIGN_BOTTOM_
LEFT/
 []


Underfull \hbox (badness 10000) in paragraph at lines 29742--29744
\TU/DejaVuSansMono(0)/m/it/10 MID/RIGHT\TU/FreeSerif(0)/m/n/10 , \TU/DejaVuSans
Mono(0)/m/it/10 LV_ALIGN_LEFT/RIGHT_MID\TU/FreeSerif(0)/m/n/10 , \TU/DejaVuSans
Mono(0)/m/it/10 LV_ALIGN_CENTER\TU/FreeSerif(0)/m/n/10 . \TU/DejaVuSansMono(0)/
m/it/10 LV_ALIGN_DEFAULT \TU/FreeSerif(0)/m/n/10 means
 []

[352] [353] [354] [355] [356] [357] [358] [359] [360] [361] [362] [363]
Underfull \hbox (badness 10000) in paragraph at lines 30586--30589
[]\TU/FreeSerif(0)/m/n/10 The propagation on scrolling is called "scroll chaini
ng" and it can be enabled/disabled with
 []

[364] [365] [366]
Overfull \vbox (1.87796pt too high) detected at line 30886
 []

[367]
Overfull \vbox (1.44098pt too high) detected at line 30959
 []

[368]
Underfull \vbox (badness 10000) detected at line 31015
 []

[369]
Overfull \vbox (1.44098pt too high) detected at line 31080
 []

[370]
Underfull \vbox (badness 10000) detected at line 31127
 []

[371]
Overfull \vbox (1.44098pt too high) detected at line 31209
 []

[372]
Underfull \vbox (badness 10000) detected at line 31280
 []

[373]
Missing character: There is no ‌ in font DejaVu Sans Mono/OT:script=latn;langua
ge=dflt;!
Missing character: There is no ‌ in font DejaVu Sans Mono/OT:script=latn;langua
ge=dflt;!
Missing character: There is no ‌ in font DejaVu Sans Mono/OT:script=latn;langua
ge=dflt;!
Missing character: There is no ‌ in font DejaVu Sans Mono/OT:script=latn;langua
ge=dflt;!
Missing character: There is no ‌ in font DejaVu Sans Mono/OT:script=latn;langua
ge=dflt;!
Missing character: There is no ‌ in font DejaVu Sans Mono/OT:script=latn;langua
ge=dflt;!

Overfull \vbox (56.8621pt too high) detected at line 31318
 []

[374]
Missing character: There is no ‌ in font DejaVu Sans Mono/OT:script=latn;langua
ge=dflt;!
Missing character: There is no ‌ in font DejaVu Sans Mono/OT:script=latn;langua
ge=dflt;!
Missing character: There is no ‌ in font DejaVu Sans Mono/OT:script=latn;langua
ge=dflt;!
Missing character: There is no ‌ in font DejaVu Sans Mono/OT:script=latn;langua
ge=dflt;!
Missing character: There is no ‌ in font DejaVu Sans Mono/OT:script=latn;langua
ge=dflt;!
Missing character: There is no ‌ in font DejaVu Sans Mono/OT:script=latn;langua
ge=dflt;!
 [375] [376]
Underfull \vbox (badness 10000) detected at line 31513
 []


Underfull \vbox (badness 10000) detected at line 31513
 []

[377]
File: layers.png Graphic file (type bmp)
<layers.png>
 [378]
Underfull \hbox (badness 6910) in paragraph at lines 31566--31568
[]\TU/FreeSerif(0)/m/n/10 Use \TU/DejaVuSansMono(0)/m/it/10 lv_obj_move_foregro
und(obj) \TU/FreeSerif(0)/m/n/10 to bring an object to the foreground. Similarl
y, use
 []

[379] [380]
Underfull \hbox (badness 10000) in paragraph at lines 31744--31746
[]\TU/DejaVuSansMono(0)/m/it/10 LV_EVENT_LONG_PRESSED_REPEAT \TU/FreeSerif(0)/m
/n/10 Called after \TU/DejaVuSansMono(0)/m/it/10 long_press_time \TU/FreeSerif(
0)/m/n/10 in every
 []


Underfull \hbox (badness 10000) in paragraph at lines 31768--31770
[]\TU/DejaVuSansMono(0)/m/it/10 LV_EVENT_GESTURE \TU/FreeSerif(0)/m/n/10 A gest
ure is detected. Get the gesture with
 []


Underfull \hbox (badness 10000) in paragraph at lines 31772--31774
[]\TU/DejaVuSansMono(0)/m/it/10 LV_EVENT_KEY \TU/FreeSerif(0)/m/n/10 A key is s
ent to an object. Get the key with
 []

[381]
Underfull \hbox (badness 8113) in paragraph at lines 31797--31799
[]\TU/DejaVuSansMono(0)/m/it/10 LV_EVENT_COVER_CHECK \TU/FreeSerif(0)/m/n/10 Ch
eck if an object fully covers an area. The event parameter is
 []


Underfull \hbox (badness 10000) in paragraph at lines 31878--31880
[]\TU/DejaVuSansMono(0)/m/it/10 LV_EVENT_SCREEN_UNLOAD_START \TU/FreeSerif(0)/m
/n/10 A screen unload started, fired immediately when
 []

[382]
Underfull \hbox (badness 10000) in paragraph at lines 31983--31985
[]\TU/DejaVuSansMono(0)/m/it/10 lv_event_get_target(e) \TU/FreeSerif(0)/m/n/10 
get the object that originally triggered the event (different from
 []

[383]
Overfull \vbox (1.438pt too high) detected at line 32083
 []

[384]
Overfull \vbox (1.44098pt too high) detected at line 32145
 []

[385] [386]
Underfull \vbox (badness 10000) detected at line 32277
 []

[387] [388]
Underfull \hbox (badness 6658) in paragraph at lines 32368--32370
[]\TU/FreeSerif(0)/m/n/10 To prevent passing the gesture event to the parent fr
om an object use \TU/DejaVuSansMono(0)/m/it/10 lv_obj_clear_flag(obj,
 []

[389] [390] [391]
Underfull \hbox (badness 10000) in paragraph at lines 32813--32816
\TU/FreeSerif(0)/m/n/10 Check the current scroll direction of an input device (
for LV_INDEV_TYPE_POINTER and
 []


Underfull \hbox (badness 10000) in paragraph at lines 32861--32864
\TU/FreeSerif(0)/m/n/10 Get the movement vector of an input device (for LV_INDE
V_TYPE_POINTER and
 []

[392] [393] [394] [395] [396] [397] [398]
Underfull \hbox (badness 10000) in paragraph at lines 34001--34005
[]\TU/DejaVuSansMono(0)/m/it/10 lv_scr_act()\TU/FreeSerif(0)/m/n/10 , \TU/DejaV
uSansMono(0)/m/it/10 lv_scr_load(scr)\TU/FreeSerif(0)/m/n/10 , \TU/DejaVuSansMo
no(0)/m/it/10 lv_layer_top()\TU/FreeSerif(0)/m/n/10 , \TU/DejaVuSansMono(0)/m/i
t/10 lv_layer_sys()\TU/FreeSerif(0)/m/n/10 , \TU/DejaVuSansMono(0)/m/it/10 LV_H
OR_RES \TU/FreeSerif(0)/m/n/10 and
 []

[399] [400] [401] [402]
Underfull \hbox (badness 10000) in paragraph at lines 34587--34589
[]\TU/DejaVuSansMono(0)/b/n/10 anim_type \TU/FreeSerif(0)/m/n/10 -- type of the
 animation from \TU/DejaVuSansMono(0)/m/it/10 lv_scr_load_anim_t\TU/FreeSerif(0
)/m/n/10 , e.g.
 []

[403] [404] [405] [406] [407] [408] [409] [410] [411] [412] [413] [414]
File: symbols.png Graphic file (type bmp)
<symbols.png>

[415]
File: bidi.png Graphic file (type bmp)
<bidi.png>
 [416] [417]
Underfull \hbox (badness 10000) in paragraph at lines 36768--36770
[]\TU/FreeSerif(0)/m/n/10 Declare the font using \TU/DejaVuSansMono(0)/m/it/10 
extern lv_font_t my_font_name; \TU/FreeSerif(0)/m/n/10 or simply use
 []

[418] [419] [420] [421]
Underfull \hbox (badness 6758) in paragraph at lines 37070--37072
[]\TU/FreeSerif(0)/b/n/10 LV_IMG_CF_RAW_CHROMA_KEYED \TU/FreeSerif(0)/m/n/10 In
dicates that an image is chroma-keyed as described in
 []

[422] [423] [424]
Underfull \vbox (badness 10000) detected at line 37341
 []


Overfull \vbox (2.78596pt too high) detected at line 37341
 []

[425] [426] [427] [428] [429] [430] [431] [432] [433] [434] [435] [436]
[437] [438] [439] [440]
Underfull \hbox (badness 10000) in paragraph at lines 39824--39826
[]\TU/FreeSerif(0)/m/n/10 This prototype is compatible with the majority of the
 property \TU/FreeSerif(0)/m/it/10 set \TU/FreeSerif(0)/m/n/10 functions in LVG
L. For example
 []

[441]
Overfull \vbox (1.52797pt too high) detected at line 39892
 []

[442] [443]
Underfull \hbox (badness 7777) in paragraph at lines 39963--39965
[]\TU/FreeSerif(0)/m/n/10 Thirdly, add animation elements to the animation time
line by calling \TU/DejaVuSansMono(0)/m/it/10 lv_anim_timeline_add(at,
 []


Underfull \hbox (badness 10000) in paragraph at lines 39969--39971
[]\TU/FreeSerif(0)/m/n/10 It supports forward and backward playback of the enti
re animation group, using
 []

File: anim-timeline.png Graphic file (type bmp)
<anim-timeline.png>
[444] [445] [446]
Underfull \vbox (badness 10000) detected at line 40216
 []

[447]
Overfull \vbox (1.44098pt too high) detected at line 40424
 []

[448]
Underfull \vbox (badness 10000) detected at line 40424
 []


Overfull \vbox (2.78596pt too high) detected at line 40424
 []

[449]
Underfull \vbox (badness 10000) detected at line 40424
 []


Overfull \vbox (2.78596pt too high) detected at line 40424
 []

[450]
Underfull \vbox (badness 10000) detected at line 40576
 []

[451]
Underfull \vbox (badness 10000) detected at line 40576
 []


Overfull \vbox (2.78596pt too high) detected at line 40576
 []

[452]
Underfull \vbox (badness 10000) detected at line 40576
 []


Overfull \vbox (2.78596pt too high) detected at line 40576
 []

[453] [454] [455] [456] [457] [458] [459] [460] [461] [462] [463]
Overfull \hbox (31.95396pt too wide) in paragraph at lines 42236--42236
\TU/DejaVuSansMono(0)/b/n/10 line uint32_t LV_ATTRIBUTE_TIMER_HANDLER lv_timer_
handler_run_in_period (uint32_t ms)|  
 []


Underfull \hbox (badness 10000) in paragraph at lines 42257--42260
\TU/FreeSerif(0)/m/n/10 Create an "empty" timer. It needs to initialized with a
t least \TU/DejaVuSansMono(0)/m/it/10 lv_timer_set_cb \TU/FreeSerif(0)/m/n/10 a
nd
 []

[464] [465] [466] [467] [468]
Underfull \hbox (badness 10000) in paragraph at lines 42975--42977
[]\TU/FreeSerif(0)/m/n/10 Remove the mask from the draw engine with \TU/DejaVuS
ansMono(0)/m/it/10 lv_draw_mask_remove_id(mask_id) \TU/FreeSerif(0)/m/n/10 or
 []

[469] [470] [471]
Underfull \hbox (badness 10000) in paragraph at lines 43121--43123
[]\TU/DejaVuSansMono(0)/m/it/10 lv_event_get_cover_area(event) \TU/FreeSerif(0)
/m/n/10 returns a pointer to an area to check and
 []

[472] [473] [474]
Chapter 6.
[475

]
Underfull \hbox (badness 10000) in paragraph at lines 43362--43364
[]\TU/FreeSerif(0)/m/n/10 For example, to align a text below an image: \TU/Deja
VuSansMono(0)/m/it/10 lv_obj_align_to(text, image,
 []

File: align.png Graphic file (type bmp)
<align.png>

Overfull \hbox (121.77336pt too wide) in paragraph at lines 43365--43368
[]\TU/FreeSerif(0)/m/n/10 The following align types exist: [] 
 []

[476] [477] [478]
Underfull \hbox (badness 10000) in paragraph at lines 43596--43598
[]\TU/FreeSerif(0)/m/n/10 Objects are added to a \TU/FreeSerif(0)/m/it/10 group
 \TU/FreeSerif(0)/m/n/10 with \TU/DejaVuSansMono(0)/m/it/10 lv_group_add_obj(gr
oup, obj)\TU/FreeSerif(0)/m/n/10 , and you can use
 []

[479] [480] [481] [482] [483] [484]
Underfull \hbox (badness 10000) in paragraph at lines 44650--44653
\TU/DejaVuSansMono(0)/m/it/10 type \TU/FreeSerif(0)/m/n/10 field in \TU/DejaVuS
ansMono(0)/m/it/10 lv_obj_draw_part_dsc_t \TU/FreeSerif(0)/m/n/10 if \TU/DejaVu
SansMono(0)/m/it/10 class_p = lv_obj_class \TU/FreeSerif(0)/m/n/10 Used in
 []

[485] [486] [487] [488] [489] [490] [491] [492] [493] [494] [495]
Underfull \hbox (badness 10000) in paragraph at lines 46102--46105
\TU/DejaVuSansMono(0)/m/it/10 type \TU/FreeSerif(0)/m/n/10 field in \TU/DejaVuS
ansMono(0)/m/it/10 lv_obj_draw_part_dsc_t \TU/FreeSerif(0)/m/n/10 if \TU/DejaVu
SansMono(0)/m/it/10 class_p = lv_arc_class \TU/FreeSerif(0)/m/n/10 Used in
 []

[496] [497] [498] [499] [500] [501]
Overfull \vbox (1.69095pt too high) detected at line 47183
 []

[502] [503] [504]
Overfull \vbox (0.77795pt too high) detected at line 47376
 []

[505] [506] [507]
Underfull \vbox (badness 10000) detected at line 47602
 []

[508] [509]
Underfull \hbox (badness 10000) in paragraph at lines 47680--47683
\TU/DejaVuSansMono(0)/m/it/10 type \TU/FreeSerif(0)/m/n/10 field in \TU/DejaVuS
ansMono(0)/m/it/10 lv_obj_draw_part_dsc_t \TU/FreeSerif(0)/m/n/10 if \TU/DejaVu
SansMono(0)/m/it/10 class_p = lv_bar_class \TU/FreeSerif(0)/m/n/10 Used in
 []

[510] [511] [512] [513]
Underfull \vbox (badness 10000) detected at line 48335
 []

[514] [515]
Underfull \vbox (badness 10000) detected at line 48485
 []

[516]
Overfull \vbox (4.69098pt too high) detected at line 48546
 []

[517]
Underfull \vbox (badness 10000) detected at line 48593
 []

[518] [519]
Underfull \hbox (badness 10000) in paragraph at lines 48713--48718
[]\TU/FreeSerif(0)/m/n/10 The buttons' width can be set relative to the other b
utton in the same row with
 []


Underfull \hbox (badness 10000) in paragraph at lines 48767--48770
[]\TU/FreeSerif(0)/m/n/10 To set or clear a button's control attribute, use \TU
/DejaVuSansMono(0)/m/it/10 lv_btnmatrix_set_btn_ctrl(btnm,
 []


Underfull \hbox (badness 10000) in paragraph at lines 48767--48770
\TU/DejaVuSansMono(0)/m/it/10 btn_id, LV_BTNM_CTRL_...) \TU/FreeSerif(0)/m/n/10
 and \TU/DejaVuSansMono(0)/m/it/10 lv_btnmatrix_clear_btn_ctrl(btnm, btn_id,
 []


Underfull \hbox (badness 10000) in paragraph at lines 48771--48774
[]\TU/FreeSerif(0)/m/n/10 To set/clear the same control attribute for all butto
ns of a button matrix, use
 []


Underfull \hbox (badness 10000) in paragraph at lines 48771--48774
\TU/DejaVuSansMono(0)/m/it/10 lv_btnmatrix_set_btn_ctrl_all(btnm, LV_BTNM_CTRL_
...) \TU/FreeSerif(0)/m/n/10 and
 []

[520]
Underfull \hbox (badness 10000) in paragraph at lines 48775--48779
[]\TU/FreeSerif(0)/m/n/10 The set a control map for a button matrix (similarly 
to the map for the text), use
 []

[521] [522]
Overfull \vbox (4.69098pt too high) detected at line 49023
 []

[523]
Underfull \vbox (badness 10000) detected at line 49113
 []

[524]
Underfull \vbox (badness 10000) detected at line 49113
 []


Overfull \vbox (2.78596pt too high) detected at line 49113
 []

[525] [526]
Underfull \vbox (badness 10000) detected at line 49269
 []

[527] [528] [529]
Underfull \hbox (badness 10000) in paragraph at lines 49674--49676
[]\TU/DejaVuSansMono(0)/b/n/10 ctrl \TU/FreeSerif(0)/m/n/10 -- OR-ed attributs.
 E.g. \TU/DejaVuSansMono(0)/m/it/10 LV_BTNMATRIX_CTRL_NO_REPEAT |
 []

[530]
Underfull \hbox (badness 10000) in paragraph at lines 49705--49707
[]\TU/DejaVuSansMono(0)/b/n/10 ctrl \TU/FreeSerif(0)/m/n/10 -- OR-ed attributs.
 E.g. \TU/DejaVuSansMono(0)/m/it/10 LV_BTNMATRIX_CTRL_NO_REPEAT |
 []


Underfull \hbox (badness 10000) in paragraph at lines 49811--49814
\TU/FreeSerif(0)/m/n/10 Make the button matrix like a selector widget (only one
 button may be checked at a time).
 []


Underfull \hbox (badness 10000) in paragraph at lines 49811--49814
\TU/DejaVuSansMono(0)/m/it/10 LV_BTNMATRIX_CTRL_CHECKABLE \TU/FreeSerif(0)/m/n/
10 must be enabled on the buttons to be selected using
 []

[531] [532]
Underfull \hbox (badness 5504) in paragraph at lines 50111--50118
[]\TU/FreeSerif(0)/m/n/10 The Canvas needs a buffer in which stores the drawn i
mage. To assign a buffer to a Canvas, use
 []


Underfull \hbox (badness 10000) in paragraph at lines 50119--50122
[]\TU/FreeSerif(0)/m/n/10 The canvas supports all the built-in color formats li
ke \TU/DejaVuSansMono(0)/m/it/10 LV_IMG_CF_TRUE_COLOR \TU/FreeSerif(0)/m/n/10 o
r
 []


Underfull \hbox (badness 10000) in paragraph at lines 50126--50129
[]\TU/FreeSerif(0)/m/n/10 For \TU/DejaVuSansMono(0)/m/it/10 LV_IMG_CF_INDEXED_1
/2/4/8 \TU/FreeSerif(0)/m/n/10 color formats a palette needs to be initialized 
with
 []

[533]
Underfull \hbox (badness 6001) in paragraph at lines 50181--50183
[]\TU/FreeSerif(0)/m/n/10 The draw function can draw to any color format. For e
xample, it's possible to draw a text to an
 []

[534] [535]
Underfull \vbox (badness 10000) detected at line 50379
 []

[536] [537] [538]
Underfull \hbox (badness 5446) in paragraph at lines 50538--50540
[]\TU/DejaVuSansMono(0)/b/n/10 buf \TU/FreeSerif(0)/m/n/10 -- a buffer where th
e content of the canvas will be. The required size
 []


Underfull \hbox (badness 5878) in paragraph at lines 50538--50540
\TU/FreeSerif(0)/m/n/10 is (lv_img_color_format_get_px_size(cf) * w) / 8 * h) I
t can be allocated with
 []

[539] [540] [541] [542] [543] [544]
Underfull \vbox (badness 10000) detected at line 51461
 []

[545] [546] [547] [548] [549]
Underfull \hbox (badness 10000) in paragraph at lines 51862--51865
[]\TU/FreeSerif(0)/m/n/10 To save memory the options can set from a static(cons
tant) string too with
 []


Underfull \hbox (badness 10000) in paragraph at lines 51881--51883
[]\TU/FreeSerif(0)/m/n/10 The list can be created on any side. The default \TU/
DejaVuSansMono(0)/m/it/10 LV_DIR_BOTTOM \TU/FreeSerif(0)/m/n/10 can be modified
 by
 []


Underfull \hbox (badness 10000) in paragraph at lines 51899--51902
[]\TU/FreeSerif(0)/m/n/10 The main part can either show the selected option or 
a static text. If a static is set with
 []

[550] [551] [552]
Underfull \vbox (badness 10000) detected at line 52136
 []

[553] [554] [555] [556] [557] [558] [559] [560] [561]
Underfull \hbox (badness 10000) in paragraph at lines 53287--53289
[]\TU/FreeSerif(0)/m/n/10 By default, the pivot point of the rotation is the ce
nter of the image. It can be changed with
 []

[562]
Underfull \hbox (badness 10000) in paragraph at lines 53330--53334
[]\TU/FreeSerif(0)/m/n/10 You can use \TU/DejaVuSansMono(0)/m/it/10 lv_obj_set_
style_radius \TU/FreeSerif(0)/m/n/10 to set radius to an image, and enable
 []

[563] [564]
Underfull \vbox (badness 10000) detected at line 53586
 []

[565]
Underfull \vbox (badness 10000) detected at line 53586
 []


Overfull \vbox (2.78596pt too high) detected at line 53586
 []

[566] [567] [568]
Overfull \vbox (0.77795pt too high) detected at line 53831
 []

[569] [570] [571] [572] [573] [574]
Underfull \hbox (badness 8019) in paragraph at lines 54594--54598
\TU/FreeSerif(0)/m/n/10 you use your mouse on a PC to select a text. The whole 
mechanism (click and select the text
 []


Underfull \hbox (badness 7273) in paragraph at lines 54594--54598
\TU/FreeSerif(0)/m/n/10 as you drag your finger/mouse) is implemented in [][]\T
U/FreeSerif(0)/m/it/10 Text area[][] \TU/FreeSerif(0)/m/n/10 and the Label widg
et only allows man-
 []

[575]
Underfull \hbox (badness 10000) in paragraph at lines 54608--54611
[]\TU/FreeSerif(0)/m/n/10 Some aspects of the scrolling animations in long mode
s \TU/DejaVuSansMono(0)/m/it/10 LV_LABEL_LONG_SCROLL \TU/FreeSerif(0)/m/n/10 an
d
 []

[576] [577] [578]
Missing character: There is no מ in font DejaVu Sans Mono/OT:script=latn;langua
ge=dflt;!
Missing character: There is no ע in font DejaVu Sans Mono/OT:script=latn;langua
ge=dflt;!
Missing character: There is no ב in font DejaVu Sans Mono/OT:script=latn;langua
ge=dflt;!
Missing character: There is no ד in font DejaVu Sans Mono/OT:script=latn;langua
ge=dflt;!
Missing character: There is no א in font DejaVu Sans Mono/OT:script=latn;langua
ge=dflt;!
Missing character: There is no ו in font DejaVu Sans Mono/OT:script=latn;langua
ge=dflt;!
Missing character: There is no ב in font DejaVu Sans Mono/OT:script=latn;langua
ge=dflt;!
Missing character: There is no ש in font DejaVu Sans Mono/OT:script=latn;langua
ge=dflt;!
Missing character: There is no מ in font DejaVu Sans Mono/OT:script=latn;langua
ge=dflt;!
Missing character: There is no ו in font DejaVu Sans Mono/OT:script=latn;langua
ge=dflt;!
Missing character: There is no ה in font DejaVu Sans Mono/OT:script=latn;langua
ge=dflt;!
Missing character: There is no מ in font DejaVu Sans Mono/OT:script=latn;langua
ge=dflt;!
Missing character: There is no ל in font DejaVu Sans Mono/OT:script=latn;langua
ge=dflt;!
Missing character: There is no א in font DejaVu Sans Mono/OT:script=latn;langua
ge=dflt;!
Missing character: There is no י in font DejaVu Sans Mono/OT:script=latn;langua
ge=dflt;!
Missing character: There is no ח in font DejaVu Sans Mono/OT:script=latn;langua
ge=dflt;!
Missing character: There is no י in font DejaVu Sans Mono/OT:script=latn;langua
ge=dflt;!
Missing character: There is no ד in font DejaVu Sans Mono/OT:script=latn;langua
ge=dflt;!
Missing character: There is no ת in font DejaVu Sans Mono/OT:script=latn;langua
ge=dflt;!
Missing character: There is no ע in font DejaVu Sans Mono/OT:script=latn;langua
ge=dflt;!
Missing character: There is no י in font DejaVu Sans Mono/OT:script=latn;langua
ge=dflt;!
Missing character: There is no ב in font DejaVu Sans Mono/OT:script=latn;langua
ge=dflt;!
Missing character: There is no ו in font DejaVu Sans Mono/OT:script=latn;langua
ge=dflt;!
Missing character: There is no ד in font DejaVu Sans Mono/OT:script=latn;langua
ge=dflt;!
Missing character: There is no מ in font DejaVu Sans Mono/OT:script=latn;langua
ge=dflt;!
Missing character: There is no ר in font DejaVu Sans Mono/OT:script=latn;langua
ge=dflt;!
Missing character: There is no כ in font DejaVu Sans Mono/OT:script=latn;langua
ge=dflt;!
Missing character: There is no ז in font DejaVu Sans Mono/OT:script=latn;langua
ge=dflt;!
Missing character: There is no י in font DejaVu Sans Mono/OT:script=latn;langua
ge=dflt;!
Missing character: There is no ת in font DejaVu Sans Mono/OT:script=latn;langua
ge=dflt;!
Missing character: There is no ב in font DejaVu Sans Mono/OT:script=latn;langua
ge=dflt;!
Missing character: There is no א in font DejaVu Sans Mono/OT:script=latn;langua
ge=dflt;!
Missing character: There is no נ in font DejaVu Sans Mono/OT:script=latn;langua
ge=dflt;!
Missing character: There is no ג in font DejaVu Sans Mono/OT:script=latn;langua
ge=dflt;!
Missing character: There is no ל in font DejaVu Sans Mono/OT:script=latn;langua
ge=dflt;!
Missing character: There is no י in font DejaVu Sans Mono/OT:script=latn;langua
ge=dflt;!
Missing character: There is no ת in font DejaVu Sans Mono/OT:script=latn;langua
ge=dflt;!
Missing character: There is no 嵌 in font DejaVu Sans Mono/OT:script=latn;langua
ge=dflt;!
Missing character: There is no 入 in font DejaVu Sans Mono/OT:script=latn;langua
ge=dflt;!
Missing character: There is no 式 in font DejaVu Sans Mono/OT:script=latn;langua
ge=dflt;!
Missing character: There is no 系 in font DejaVu Sans Mono/OT:script=latn;langua
ge=dflt;!
Missing character: There is no 统 in font DejaVu Sans Mono/OT:script=latn;langua
ge=dflt;!
Missing character: There is no （ in font DejaVu Sans Mono/OT:script=latn;langua
ge=dflt;!
Missing character: There is no ） in font DejaVu Sans Mono/OT:script=latn;langua
ge=dflt;!
Missing character: There is no ， in font DejaVu Sans Mono/OT:script=latn;langua
ge=dflt;!
Missing character: There is no 是 in font DejaVu Sans Mono/OT:script=latn;langua
ge=dflt;!
Missing character: There is no 一 in font DejaVu Sans Mono/OT:script=latn;langua
ge=dflt;!
Missing character: There is no 种 in font DejaVu Sans Mono/OT:script=latn;langua
ge=dflt;!
Missing character: There is no 嵌 in font DejaVu Sans Mono/OT:script=latn;langua
ge=dflt;!
Missing character: There is no 入 in font DejaVu Sans Mono/OT:script=latn;langua
ge=dflt;!
Missing character: There is no 机 in font DejaVu Sans Mono/OT:script=latn;langua
ge=dflt;!
Missing character: There is no 械 in font DejaVu Sans Mono/OT:script=latn;langua
ge=dflt;!
Missing character: There is no 或 in font DejaVu Sans Mono/OT:script=latn;langua
ge=dflt;!
Missing character: There is no 电 in font DejaVu Sans Mono/OT:script=latn;langua
ge=dflt;!
Missing character: There is no 气 in font DejaVu Sans Mono/OT:script=latn;langua
ge=dflt;!
Missing character: There is no 系 in font DejaVu Sans Mono/OT:script=latn;langua
ge=dflt;!
Missing character: There is no 统 in font DejaVu Sans Mono/OT:script=latn;langua
ge=dflt;!
Missing character: There is no 内 in font DejaVu Sans Mono/OT:script=latn;langua
ge=dflt;!
Missing character: There is no 部 in font DejaVu Sans Mono/OT:script=latn;langua
ge=dflt;!
Missing character: There is no 、 in font DejaVu Sans Mono/OT:script=latn;langua
ge=dflt;!
Missing character: There is no 具 in font DejaVu Sans Mono/OT:script=latn;langua
ge=dflt;!
Missing character: There is no 有 in font DejaVu Sans Mono/OT:script=latn;langua
ge=dflt;!
Missing character: There is no 专 in font DejaVu Sans Mono/OT:script=latn;langua
ge=dflt;!
Missing character: There is no 一 in font DejaVu Sans Mono/OT:script=latn;langua
ge=dflt;!
Missing character: There is no 功 in font DejaVu Sans Mono/OT:script=latn;langua
ge=dflt;!
Missing character: There is no 能 in font DejaVu Sans Mono/OT:script=latn;langua
ge=dflt;!
Missing character: There is no 和 in font DejaVu Sans Mono/OT:script=latn;langua
ge=dflt;!
Missing character: There is no 实 in font DejaVu Sans Mono/OT:script=latn;langua
ge=dflt;!
Missing character: There is no 时 in font DejaVu Sans Mono/OT:script=latn;langua
ge=dflt;!
Missing character: There is no 计 in font DejaVu Sans Mono/OT:script=latn;langua
ge=dflt;!
Missing character: There is no 算 in font DejaVu Sans Mono/OT:script=latn;langua
ge=dflt;!
Missing character: There is no 性 in font DejaVu Sans Mono/OT:script=latn;langua
ge=dflt;!
Missing character: There is no 能 in font DejaVu Sans Mono/OT:script=latn;langua
ge=dflt;!
Missing character: There is no 的 in font DejaVu Sans Mono/OT:script=latn;langua
ge=dflt;!
Missing character: There is no 计 in font DejaVu Sans Mono/OT:script=latn;langua
ge=dflt;!
Missing character: There is no 算 in font DejaVu Sans Mono/OT:script=latn;langua
ge=dflt;!
Missing character: There is no 机 in font DejaVu Sans Mono/OT:script=latn;langua
ge=dflt;!
Missing character: There is no 系 in font DejaVu Sans Mono/OT:script=latn;langua
ge=dflt;!
Missing character: There is no 统 in font DejaVu Sans Mono/OT:script=latn;langua
ge=dflt;!
Missing character: There is no 。 in font DejaVu Sans Mono/OT:script=latn;langua
ge=dflt;!
Missing character: There is no מ in font DejaVu Sans Mono/OT:script=latn;langua
ge=dflt;!
Missing character: There is no ע in font DejaVu Sans Mono/OT:script=latn;langua
ge=dflt;!
Missing character: There is no ב in font DejaVu Sans Mono/OT:script=latn;langua
ge=dflt;!
Missing character: There is no ד in font DejaVu Sans Mono/OT:script=latn;langua
ge=dflt;!
Missing character: There is no א in font DejaVu Sans Mono/OT:script=latn;langua
ge=dflt;!
Missing character: There is no ו in font DejaVu Sans Mono/OT:script=latn;langua
ge=dflt;!
Missing character: There is no ב in font DejaVu Sans Mono/OT:script=latn;langua
ge=dflt;!
Missing character: There is no ש in font DejaVu Sans Mono/OT:script=latn;langua
ge=dflt;!
Missing character: There is no מ in font DejaVu Sans Mono/OT:script=latn;langua
ge=dflt;!
Missing character: There is no ו in font DejaVu Sans Mono/OT:script=latn;langua
ge=dflt;!
Missing character: There is no ה in font DejaVu Sans Mono/OT:script=latn;langua
ge=dflt;!
Missing character: There is no מ in font DejaVu Sans Mono/OT:script=latn;langua
ge=dflt;!
Missing character: There is no ל in font DejaVu Sans Mono/OT:script=latn;langua
ge=dflt;!
Missing character: There is no א in font DejaVu Sans Mono/OT:script=latn;langua
ge=dflt;!
Missing character: There is no י in font DejaVu Sans Mono/OT:script=latn;langua
ge=dflt;!
Missing character: There is no ח in font DejaVu Sans Mono/OT:script=latn;langua
ge=dflt;!
Missing character: There is no י in font DejaVu Sans Mono/OT:script=latn;langua
ge=dflt;!
Missing character: There is no ד in font DejaVu Sans Mono/OT:script=latn;langua
ge=dflt;!
Missing character: There is no ת in font DejaVu Sans Mono/OT:script=latn;langua
ge=dflt;!
Missing character: There is no ע in font DejaVu Sans Mono/OT:script=latn;langua
ge=dflt;!
Missing character: There is no י in font DejaVu Sans Mono/OT:script=latn;langua
ge=dflt;!
Missing character: There is no ב in font DejaVu Sans Mono/OT:script=latn;langua
ge=dflt;!
Missing character: There is no ו in font DejaVu Sans Mono/OT:script=latn;langua
ge=dflt;!
Missing character: There is no ד in font DejaVu Sans Mono/OT:script=latn;langua
ge=dflt;!
Missing character: There is no מ in font DejaVu Sans Mono/OT:script=latn;langua
ge=dflt;!
Missing character: There is no ר in font DejaVu Sans Mono/OT:script=latn;langua
ge=dflt;!
Missing character: There is no כ in font DejaVu Sans Mono/OT:script=latn;langua
ge=dflt;!
Missing character: There is no ז in font DejaVu Sans Mono/OT:script=latn;langua
ge=dflt;!
Missing character: There is no י in font DejaVu Sans Mono/OT:script=latn;langua
ge=dflt;!
Missing character: There is no ת in font DejaVu Sans Mono/OT:script=latn;langua
ge=dflt;!
Missing character: There is no ב in font DejaVu Sans Mono/OT:script=latn;langua
ge=dflt;!
Missing character: There is no א in font DejaVu Sans Mono/OT:script=latn;langua
ge=dflt;!
Missing character: There is no נ in font DejaVu Sans Mono/OT:script=latn;langua
ge=dflt;!
Missing character: There is no ג in font DejaVu Sans Mono/OT:script=latn;langua
ge=dflt;!
Missing character: There is no ל in font DejaVu Sans Mono/OT:script=latn;langua
ge=dflt;!
Missing character: There is no י in font DejaVu Sans Mono/OT:script=latn;langua
ge=dflt;!
Missing character: There is no ת in font DejaVu Sans Mono/OT:script=latn;langua
ge=dflt;!
Missing character: There is no 嵌 in font DejaVu Sans Mono/OT:script=latn;langua
ge=dflt;!
Missing character: There is no 入 in font DejaVu Sans Mono/OT:script=latn;langua
ge=dflt;!
Missing character: There is no 式 in font DejaVu Sans Mono/OT:script=latn;langua
ge=dflt;!
Missing character: There is no 系 in font DejaVu Sans Mono/OT:script=latn;langua
ge=dflt;!
Missing character: There is no 统 in font DejaVu Sans Mono/OT:script=latn;langua
ge=dflt;!
Missing character: There is no （ in font DejaVu Sans Mono/OT:script=latn;langua
ge=dflt;!
Missing character: There is no ） in font DejaVu Sans Mono/OT:script=latn;langua
ge=dflt;!
Missing character: There is no ， in font DejaVu Sans Mono/OT:script=latn;langua
ge=dflt;!
Missing character: There is no 是 in font DejaVu Sans Mono/OT:script=latn;langua
ge=dflt;!
Missing character: There is no 一 in font DejaVu Sans Mono/OT:script=latn;langua
ge=dflt;!
Missing character: There is no 种 in font DejaVu Sans Mono/OT:script=latn;langua
ge=dflt;!
Missing character: There is no 嵌 in font DejaVu Sans Mono/OT:script=latn;langua
ge=dflt;!
Missing character: There is no 入 in font DejaVu Sans Mono/OT:script=latn;langua
ge=dflt;!
Missing character: There is no 机 in font DejaVu Sans Mono/OT:script=latn;langua
ge=dflt;!
Missing character: There is no 械 in font DejaVu Sans Mono/OT:script=latn;langua
ge=dflt;!
Missing character: There is no 或 in font DejaVu Sans Mono/OT:script=latn;langua
ge=dflt;!
Missing character: There is no 电 in font DejaVu Sans Mono/OT:script=latn;langua
ge=dflt;!
Missing character: There is no 气 in font DejaVu Sans Mono/OT:script=latn;langua
ge=dflt;!
Missing character: There is no 系 in font DejaVu Sans Mono/OT:script=latn;langua
ge=dflt;!
Missing character: There is no 统 in font DejaVu Sans Mono/OT:script=latn;langua
ge=dflt;!
Missing character: There is no 内 in font DejaVu Sans Mono/OT:script=latn;langua
ge=dflt;!
Missing character: There is no 部 in font DejaVu Sans Mono/OT:script=latn;langua
ge=dflt;!
Missing character: There is no 、 in font DejaVu Sans Mono/OT:script=latn;langua
ge=dflt;!
Missing character: There is no 具 in font DejaVu Sans Mono/OT:script=latn;langua
ge=dflt;!
Missing character: There is no 有 in font DejaVu Sans Mono/OT:script=latn;langua
ge=dflt;!
Missing character: There is no 专 in font DejaVu Sans Mono/OT:script=latn;langua
ge=dflt;!
Missing character: There is no 一 in font DejaVu Sans Mono/OT:script=latn;langua
ge=dflt;!
Missing character: There is no 功 in font DejaVu Sans Mono/OT:script=latn;langua
ge=dflt;!
Missing character: There is no 能 in font DejaVu Sans Mono/OT:script=latn;langua
ge=dflt;!
Missing character: There is no 和 in font DejaVu Sans Mono/OT:script=latn;langua
ge=dflt;!
Missing character: There is no 实 in font DejaVu Sans Mono/OT:script=latn;langua
ge=dflt;!
Missing character: There is no 时 in font DejaVu Sans Mono/OT:script=latn;langua
ge=dflt;!
Missing character: There is no 计 in font DejaVu Sans Mono/OT:script=latn;langua
ge=dflt;!
Missing character: There is no 算 in font DejaVu Sans Mono/OT:script=latn;langua
ge=dflt;!
Missing character: There is no 性 in font DejaVu Sans Mono/OT:script=latn;langua
ge=dflt;!
Missing character: There is no 能 in font DejaVu Sans Mono/OT:script=latn;langua
ge=dflt;!
Missing character: There is no 的 in font DejaVu Sans Mono/OT:script=latn;langua
ge=dflt;!
Missing character: There is no 计 in font DejaVu Sans Mono/OT:script=latn;langua
ge=dflt;!
Missing character: There is no 算 in font DejaVu Sans Mono/OT:script=latn;langua
ge=dflt;!
Missing character: There is no 机 in font DejaVu Sans Mono/OT:script=latn;langua
ge=dflt;!
Missing character: There is no 系 in font DejaVu Sans Mono/OT:script=latn;langua
ge=dflt;!
Missing character: There is no 统 in font DejaVu Sans Mono/OT:script=latn;langua
ge=dflt;!
Missing character: There is no 。 in font DejaVu Sans Mono/OT:script=latn;langua
ge=dflt;!

Overfull \vbox (0.77795pt too high) detected at line 54889
 []

[579] [580] [581] [582]
Underfull \hbox (badness 10000) in paragraph at lines 55292--55294
[]\TU/DejaVuSansMono(0)/b/n/10 long_mode \TU/FreeSerif(0)/m/n/10 -- the new mod
e from 'lv_label_long_mode' enum. In
 []


Underfull \hbox (badness 5302) in paragraph at lines 55292--55294
\TU/FreeSerif(0)/m/n/10 LV_LONG_WRAP/DOT/SCROLL/SCROLL_CIRC the size of the lab
el should be
 []

[583]
Underfull \hbox (badness 10000) in paragraph at lines 55330--55332
[]\TU/DejaVuSansMono(0)/b/n/10 index \TU/FreeSerif(0)/m/n/10 -- character index
 from where selection should start.
 []


Underfull \hbox (badness 10000) in paragraph at lines 55357--55359
[]\TU/DejaVuSansMono(0)/b/n/10 index \TU/FreeSerif(0)/m/n/10 -- character index
 where selection should end.
 []

[584] [585] [586]
Underfull \hbox (badness 10000) in paragraph at lines 55862--55864
[]\TU/FreeSerif(0)/m/n/10 The points have to be stored in an \TU/DejaVuSansMono
(0)/m/it/10 lv_point_t \TU/FreeSerif(0)/m/n/10 array and passed to the object b
y the
 []

[587] [588] [589] [590] [591] [592]
Underfull \vbox (badness 10000) detected at line 56497
 []

[593] [594]
Underfull \vbox (badness 10000) detected at line 56609
 []


Overfull \vbox (2.78596pt too high) detected at line 56609
 []

[595]
Underfull \vbox (badness 10000) detected at line 56717
 []

[596]
Underfull \vbox (badness 10000) detected at line 56717
 []


Overfull \vbox (2.78596pt too high) detected at line 56717
 []

[597] [598] [599] [600]
Underfull \hbox (badness 10000) in paragraph at lines 57176--57178
[]\TU/DejaVuSansMono(0)/m/it/10 LV_SLIDER_RANGE \TU/FreeSerif(0)/m/n/10 Allows 
setting the start value too by \TU/DejaVuSansMono(0)/m/it/10 lv_bar_set_start_v
alue(bar,
 []

[601] [602]
Overfull \vbox (8.69096pt too high) detected at line 57426
 []

[603]
Underfull \vbox (badness 10000) detected at line 57483
 []

[604] [605]
Underfull \vbox (badness 10000) detected at line 57607
 []

[606] [607]
Underfull \hbox (badness 7238) in paragraph at lines 57685--57688
\TU/DejaVuSansMono(0)/m/it/10 type \TU/FreeSerif(0)/m/n/10 field in \TU/DejaVuS
ansMono(0)/m/it/10 lv_obj_draw_part_dsc_t \TU/FreeSerif(0)/m/n/10 if \TU/DejaVu
SansMono(0)/m/it/10 class_p = lv_slider_class \TU/FreeSerif(0)/m/n/10 Used in
 []

[608] [609] [610]
Underfull \hbox (badness 10000) in paragraph at lines 58146--58148
[]\TU/FreeSerif(0)/m/n/10 To get the current state of the switch (with \TU/Deja
VuSansMono(0)/m/it/10 true \TU/FreeSerif(0)/m/n/10 being on), use \TU/DejaVuSan
sMono(0)/m/it/10 lv_obj_has_state(switch,
 []


Underfull \hbox (badness 10000) in paragraph at lines 58149--58151
[]\TU/FreeSerif(0)/m/n/10 Call \TU/DejaVuSansMono(0)/m/it/10 lv_obj_add_state(s
witch, LV_STATE_CHECKED) \TU/FreeSerif(0)/m/n/10 to turn it on, or
 []

[611] [612] [613]
Underfull \hbox (badness 10000) in paragraph at lines 58425--58427
[]\TU/FreeSerif(0)/m/n/10 Cells can be merged horizontally with \TU/DejaVuSansM
ono(0)/m/it/10 lv_table_add_cell_ctrl(table, row, col,
 []

[614] [615]
Underfull \vbox (badness 10000) detected at line 58646
 []

[616] [617]
Underfull \vbox (badness 10000) detected at line 58764
 []


Overfull \vbox (2.78596pt too high) detected at line 58764
 []

[618]
Underfull \vbox (badness 10000) detected at line 58868
 []

[619]
Underfull \vbox (badness 10000) detected at line 58868
 []


Overfull \vbox (2.78596pt too high) detected at line 58868
 []

[620]
Underfull \hbox (badness 10000) in paragraph at lines 58985--58988
\TU/DejaVuSansMono(0)/m/it/10 type \TU/FreeSerif(0)/m/n/10 field in \TU/DejaVuS
ansMono(0)/m/it/10 lv_obj_draw_part_dsc_t \TU/FreeSerif(0)/m/n/10 if \TU/DejaVu
SansMono(0)/m/it/10 class_p = lv_table_class \TU/FreeSerif(0)/m/n/10 Used in
 []

[621] [622] [623] [624] [625]
Underfull \hbox (badness 10000) in paragraph at lines 59770--59772
[]\TU/FreeSerif(0)/m/n/10 A placeholder text can be specified - which is displa
yed when the Text area is empty - with
 []

[626]
Overfull \hbox (14.83821pt too wide) in paragraph at lines 59828--59830
[]\TU/FreeSerif(0)/m/n/10 The text area supports password mode which can be ena
bled with \TU/DejaVuSansMono(0)/m/it/10 lv_textarea_set_password_mode(textarea,

 []

[627]
Underfull \hbox (badness 10000) in paragraph at lines 59843--59846
[]\TU/FreeSerif(0)/m/n/10 You can set a list of accepted characters with \TU/De
jaVuSansMono(0)/m/it/10 lv_textarea_set_accepted_chars(textarea,
 []

[628] [629] [630]
Underfull \vbox (badness 10000) detected at line 60141
 []

[631] [632]
Underfull \vbox (badness 10000) detected at line 60257
 []

[633] [634] [635] [636] [637] [638] [639] [640]
Overfull \vbox (1.18298pt too high) detected at line 61605
 []

[641] [642] [643]
Underfull \hbox (badness 10000) in paragraph at lines 61901--61903
[]\TU/FreeSerif(0)/m/n/10 Days: It's a [][]\TU/FreeSerif(0)/m/it/10 Button matr
ix[][] \TU/FreeSerif(0)/m/n/10 object under the hood to arrange the days into a
 matrix.
 []

[644]
Underfull \hbox (badness 10000) in paragraph at lines 61959--61962
[]\TU/FreeSerif(0)/m/n/10 The list of highlighted dates should be stored in a \
TU/DejaVuSansMono(0)/m/it/10 lv_calendar_date_t \TU/FreeSerif(0)/m/n/10 array l
oaded by
 []


Underfull \hbox (badness 10000) in paragraph at lines 61959--61962
\TU/DejaVuSansMono(0)/m/it/10 lv_calendar_set_highlighted_dates(calendar, highl
ighted_dates, date_num)\TU/FreeSerif(0)/m/n/10 .
 []


Underfull \hbox (badness 10000) in paragraph at lines 61973--61978
[]\TU/FreeSerif(0)/m/n/10 Sets a custom year list with \TU/DejaVuSansMono(0)/m/
it/10 lv_calendar_header_dropdown_set_year_list(calendar,
 []


Overfull \hbox (10.80023pt too wide) in paragraph at lines 61983--61985
[]\TU/DejaVuSansMono(0)/m/it/10 LV_EVENT_VALUE_CHANGED \TU/FreeSerif(0)/m/n/10 
Sent if a date is clicked. \TU/DejaVuSansMono(0)/m/it/10 lv_calendar_get_presse
d_date(calendar,
 []

[645] [646] [647] [648] [649] [650] [651]
Underfull \hbox (badness 10000) in paragraph at lines 62784--62786
[]\TU/FreeSerif(0)/m/n/10 The update mode can be changed with \TU/DejaVuSansMon
o(0)/m/it/10 lv_chart_set_update_mode(chart,
 []

[652]
Underfull \hbox (badness 10000) in paragraph at lines 62814--62818
[]\TU/FreeSerif(0)/m/n/10 The number of horizontal and vertical division lines 
can be modified by
 []

[653]
Underfull \hbox (badness 10000) in paragraph at lines 62893--62895
[]\TU/DejaVuSansMono(0)/m/it/10 LV_EVENT_VALUE_CHANGED \TU/FreeSerif(0)/m/n/10 
Sent when a new point is clicked pressed.
 []

[654] [655] [656]
Underfull \vbox (badness 10000) detected at line 63318
 []

[657]
Underfull \vbox (badness 10000) detected at line 63318
 []


Overfull \vbox (2.78596pt too high) detected at line 63318
 []

[658]
Underfull \vbox (badness 10000) detected at line 63403
 []

[659] [660]
Underfull \vbox (badness 10000) detected at line 63495
 []

[661]
Underfull \vbox (badness 10000) detected at line 63556
 []

[662] [663]
Underfull \vbox (badness 10000) detected at line 63657
 []


Overfull \vbox (2.78596pt too high) detected at line 63657
 []

[664]
Underfull \vbox (badness 10000) detected at line 63739
 []

[665]
Overfull \vbox (4.69098pt too high) detected at line 63854
 []

[666]
Underfull \vbox (badness 10000) detected at line 63854
 []


Overfull \vbox (2.78596pt too high) detected at line 63854
 []

[667]
Underfull \vbox (badness 10000) detected at line 63952
 []


Overfull \vbox (6.78595pt too high) detected at line 63952
 []

[668]
Underfull \vbox (badness 10000) detected at line 63952
 []


Overfull \vbox (2.78596pt too high) detected at line 63952
 []

[669]
Underfull \vbox (badness 10000) detected at line 63952
 []


Overfull \vbox (2.78596pt too high) detected at line 63952
 []

[670] [671]
Underfull \vbox (badness 10000) detected at line 64152
 []

[672]
Underfull \vbox (badness 10000) detected at line 64152
 []


Overfull \vbox (2.78596pt too high) detected at line 64152
 []

[673]
Overfull \vbox (4.69098pt too high) detected at line 64234
 []

[674]
Underfull \vbox (badness 10000) detected at line 64320
 []

[675]
Underfull \vbox (badness 10000) detected at line 64320
 []


Overfull \vbox (2.78596pt too high) detected at line 64320
 []

[676] [677]
Underfull \vbox (badness 10000) detected at line 64467
 []


Overfull \vbox (2.78596pt too high) detected at line 64467
 []

[678] [679]
Underfull \vbox (badness 10000) detected at line 64600
 []


Underfull \vbox (badness 10000) detected at line 64600
 []

[680]
Underfull \vbox (badness 10000) detected at line 64600
 []


Overfull \vbox (2.78596pt too high) detected at line 64600
 []

[681] [682]
Underfull \hbox (badness 10000) in paragraph at lines 64843--64846
\TU/DejaVuSansMono(0)/m/it/10 type \TU/FreeSerif(0)/m/n/10 field in \TU/DejaVuS
ansMono(0)/m/it/10 lv_obj_draw_part_dsc_t \TU/FreeSerif(0)/m/n/10 if \TU/DejaVu
SansMono(0)/m/it/10 class_p = lv_chart_class \TU/FreeSerif(0)/m/n/10 Used in
 []

[683] [684] [685]
Underfull \hbox (badness 10000) in paragraph at lines 65444--65446
[]\TU/DejaVuSansMono(0)/b/n/10 axis \TU/FreeSerif(0)/m/n/10 -- the y axis to wh
ich the series should be attached
 []

[686] [687] [688] [689] [690] [691] [692]
Underfull \hbox (badness 10000) in paragraph at lines 66592--66594
[]\TU/DejaVuSansMono(0)/m/it/10 lv_colorwheel_create(parent, knob_recolor) \TU/
FreeSerif(0)/m/n/10 creates a new color wheel. With
 []


Underfull \hbox (badness 10000) in paragraph at lines 66598--66600
[]\TU/FreeSerif(0)/m/n/10 The color can be set manually with \TU/DejaVuSansMono
(0)/m/it/10 lv_colorwheel_set_hue/saturation/
 []


Underfull \hbox (badness 10000) in paragraph at lines 66604--66606
[]\TU/FreeSerif(0)/m/n/10 The current color mode can be manually selected with 
\TU/DejaVuSansMono(0)/m/it/10 lv_colorwheel_set_mode(colorwheel,
 []


Underfull \hbox (badness 10000) in paragraph at lines 66607--66609
[]\TU/FreeSerif(0)/m/n/10 The color mode can be fixed (so as to not change with
 long press) using
 []

[693] [694] [695] [696] [697] [698]
Underfull \vbox (badness 10000) detected at line 67383
 []

[699] [700] [701] [702]
Underfull \hbox (badness 10000) in paragraph at lines 67815--67817
[]\TU/FreeSerif(0)/m/n/10 To set the mode manually, use \TU/DejaVuSansMono(0)/m
/it/10 lv_keyboard_set_mode(kb, mode)\TU/FreeSerif(0)/m/n/10 . The default mode
 is
 []


Underfull \hbox (badness 10000) in paragraph at lines 67828--67830
[]\TU/FreeSerif(0)/m/n/10 To enable key popovers on press, like on common Andro
id and iOS keyboards, use
 []

[703] [704] [705] [706] [707] [708] [709] [710]
Underfull \hbox (badness 10000) in paragraph at lines 68707--68710
\TU/DejaVuSansMono(0)/m/it/10 type \TU/FreeSerif(0)/m/n/10 field in \TU/DejaVuS
ansMono(0)/m/it/10 lv_obj_draw_part_dsc_t \TU/FreeSerif(0)/m/n/10 if \TU/DejaVu
SansMono(0)/m/it/10 class_p = lv_led_class \TU/FreeSerif(0)/m/n/10 Used in
 []

[711] [712] [713]
Underfull \vbox (badness 10000) detected at line 69144
 []

[714] [715]
Underfull \vbox (badness 10000) detected at line 69328
 []


Overfull \vbox (2.78596pt too high) detected at line 69328
 []

[716]
Underfull \vbox (badness 10000) detected at line 69328
 []


Overfull \vbox (2.78596pt too high) detected at line 69328
 []

[717]
Underfull \vbox (badness 10000) detected at line 69474
 []

[718]
Underfull \vbox (badness 10000) detected at line 69474
 []


Overfull \vbox (2.78596pt too high) detected at line 69474
 []

[719] [720] [721]
Underfull \hbox (badness 10000) in paragraph at lines 69684--69686
[]\TU/FreeSerif(0)/m/n/10 You can set root back button modes with \TU/DejaVuSan
sMono(0)/m/it/10 lv_menu_set_mode_root_back_btn(menu,
 []

[722] [723] [724] [725] [726]
Underfull \vbox (badness 10000) detected at line 70102
 []

[727] [728]
Underfull \vbox (badness 10000) detected at line 70244
 []

[729] [730]
Underfull \vbox (badness 10000) detected at line 70459
 []


Overfull \vbox (2.78596pt too high) detected at line 70459
 []

[731]
Underfull \vbox (badness 10000) detected at line 70459
 []


Overfull \vbox (13.78596pt too high) detected at line 70459
 []

[732]
Underfull \vbox (badness 10000) detected at line 70459
 []


Overfull \vbox (2.78596pt too high) detected at line 70459
 []

[733] [734] [735] [736] [737] [738] [739]
Underfull \hbox (badness 10000) in paragraph at lines 71516--71519
[]\TU/FreeSerif(0)/m/n/10 First a \TU/FreeSerif(0)/m/it/10 Scale \TU/FreeSerif(
0)/m/n/10 needs to be added to the Meter with \TU/DejaVuSansMono(0)/m/it/10 lv_
meter_scale_t * scale =
 []

[740]
Underfull \hbox (badness 10000) in paragraph at lines 71569--71571
[]\TU/DejaVuSansMono(0)/m/it/10 lv_meter_set_indicator_start_value(meter, indic
, value) \TU/FreeSerif(0)/m/n/10 and
 []


Underfull \hbox (badness 10000) in paragraph at lines 71581--71583
[]\TU/DejaVuSansMono(0)/m/it/10 lv_meter_set_indicator_start_value(meter, inidi
cator, value) \TU/FreeSerif(0)/m/n/10 and
 []

[741] [742]
Overfull \vbox (10.52797pt too high) detected at line 71790
 []

[743]
Underfull \vbox (badness 10000) detected at line 71857
 []

[744] [745]
Underfull \vbox (badness 10000) detected at line 72010
 []

[746] [747]
Underfull \vbox (badness 10000) detected at line 72080
 []

[748]
Underfull \vbox (badness 10000) detected at line 72172
 []

[749] [750]
Underfull \vbox (badness 10000) detected at line 72267
 []

[751]
Underfull \hbox (badness 10000) in paragraph at lines 72356--72359
\TU/DejaVuSansMono(0)/m/it/10 type \TU/FreeSerif(0)/m/n/10 field in \TU/DejaVuS
ansMono(0)/m/it/10 lv_obj_draw_part_dsc_t \TU/FreeSerif(0)/m/n/10 if \TU/DejaVu
SansMono(0)/m/it/10 class_p = lv_meter_class \TU/FreeSerif(0)/m/n/10 Used in
 []

[752] [753] [754] [755] [756] [757] [758]
Underfull \hbox (badness 10000) in paragraph at lines 73417--73420
[]\TU/DejaVuSansMono(0)/m/it/10 LV_EVENT_VALUE_CHANGED \TU/FreeSerif(0)/m/n/10 
is sent by the buttons if one of them is clicked.
 []


Underfull \hbox (badness 10000) in paragraph at lines 73417--73420
\TU/DejaVuSansMono(0)/m/it/10 LV_OBJ_FLAG_EVENT_BUBBLE \TU/FreeSerif(0)/m/n/10 
is enabled on the buttons so you can add events to the
 []


Underfull \hbox (badness 10000) in paragraph at lines 73417--73420
\TU/FreeSerif(0)/m/n/10 message box itself. In the event handler, \TU/DejaVuSan
sMono(0)/m/it/10 lv_event_get_target(e) \TU/FreeSerif(0)/m/n/10 will return the

 []


Underfull \hbox (badness 10000) in paragraph at lines 73417--73420
\TU/FreeSerif(0)/m/n/10 button matrix and \TU/DejaVuSansMono(0)/m/it/10 lv_even
t_get_current_target(e) \TU/FreeSerif(0)/m/n/10 will return the message box.
 []


Underfull \hbox (badness 6792) in paragraph at lines 73417--73420
\TU/DejaVuSansMono(0)/m/it/10 lv_msgbox_get_active_btn(msgbox) \TU/FreeSerif(0)
/m/n/10 and \TU/DejaVuSansMono(0)/m/it/10 lv_msgbox_get_active_btn_text(msgbox)

 []

[759] [760] [761]
Underfull \hbox (badness 5490) in paragraph at lines 73795--73797
\TU/DejaVuSansMono(0)/m/it/10 lv_span_set_text(span, "text") \TU/FreeSerif(0)/m
/n/10 to set text. The style of the span is configured as with
 []

[762] [763] [764]
Underfull \vbox (badness 10000) detected at line 74055
 []

[765] [766] [767] [768] [769]
Underfull \hbox (badness 10000) in paragraph at lines 74933--74935
[]\TU/FreeSerif(0)/m/n/10 If an encoder is used as input device, the selected d
igit is shifted to the right by default when-
 []


Underfull \hbox (badness 10000) in paragraph at lines 74933--74935
\TU/FreeSerif(0)/m/n/10 ever the encoder button is clicked. To change this beha
viour to shifting to the left, the
 []

[770] [771]
Underfull \vbox (badness 10000) detected at line 75080
 []

[772] [773] [774] [775] [776] [777]
Underfull \hbox (badness 10000) in paragraph at lines 75805--75807
[]\TU/DejaVuSansMono(0)/m/it/10 lv_tabview_get_content(tabview) \TU/FreeSerif(0
)/m/n/10 returns the container for the tabs,
 []

[778]
Underfull \vbox (badness 10000) detected at line 75929
 []

[779] [780] [781] [782]
Underfull \hbox (badness 10000) in paragraph at lines 76257--76259
[]\TU/DejaVuSansMono(0)/m/it/10 LV_EVENT_VALUE_CHANGED \TU/FreeSerif(0)/m/n/10 
Sent when a new tile loaded by scrolling.
 []

[783] [784] [785] [786]
Overfull \vbox (1.18298pt too high) detected at line 76744
 []

[787] [788] [789]
Chapter 7.
[790

]
Underfull \hbox (badness 10000) in paragraph at lines 76956--76958
\TU/FreeSerif(0)/m/n/10 To manage the placement of the children use \TU/DejaVuS
ansMono(0)/m/it/10 lv_obj_set_flex_align(obj, main_place,
 []

[791]
Underfull \hbox (badness 10000) in paragraph at lines 77075--77077
[]\TU/FreeSerif(0)/m/n/10 These can for example be used if you don't want any p
adding between your objects:
 []

[792]
Underfull \hbox (badness 10000) in paragraph at lines 77093--77095
\TU/FreeSerif(0)/m/n/10 You can force Flex to put an item into a new line with 
\TU/DejaVuSansMono(0)/m/it/10 lv_obj_add_flag(child,
 []

[793] [794] [795] [796] [797]
Underfull \vbox (badness 10000) detected at line 77543
 []

[798] [799] [800]
Underfull \hbox (badness 10000) in paragraph at lines 77887--77889
[]\TU/DejaVuSansMono(0)/b/n/10 cross_place \TU/FreeSerif(0)/m/n/10 -- where to 
place the item in their track on the cross axis.
 []

[801] [802] [803] [804] [805] [806]
Underfull \vbox (badness 10000) detected at line 78613
 []

[807] [808] [809]
Overfull \vbox (1.44098pt too high) detected at line 78774
 []

[810] [811]
Underfull \vbox (badness 10000) detected at line 78894
 []

[812]
Underfull \vbox (badness 10000) detected at line 78955
 []

[813] [814] [815] [816] [817] [818]
Chapter 8.

Underfull \hbox (badness 10000) in paragraph at lines 79750--79752
[]\TU/FreeSerif(0)/m/n/10 There's a convenience function called \TU/DejaVuSansM
ono(0)/m/it/10 lv_fs_littlefs_set_driver(LV_FS_LITTLEFS_LETTER,
 []

[819

] [820] [821] [822] [823] [824] [825] [826] [827]
Underfull \hbox (badness 10000) in paragraph at lines 80553--80555
[]\TU/FreeSerif(0)/m/n/10 When you are sure that all the used font sizes will n
ot be greater than 256, you can enable
 []

[828] [829] [830] [831]
Underfull \hbox (badness 10000) in paragraph at lines 80933--80938
[]\TU/FreeSerif(0)/m/n/10 When enabled in \TU/DejaVuSansMono(0)/m/it/10 lv_conf
.h \TU/FreeSerif(0)/m/n/10 with \TU/DejaVuSansMono(0)/m/it/10 LV_USE_TINY_TTF l
v_tiny_ttf_create_data(data,
 []


Underfull \hbox (badness 10000) in paragraph at lines 80943--80949
[]\TU/FreeSerif(0)/m/n/10 However, if \TU/DejaVuSansMono(0)/m/it/10 LV_TINY_TTF
_FILE_SUPPORT \TU/FreeSerif(0)/m/n/10 is enabled, \TU/DejaVuSansMono(0)/m/it/10
 lv_tiny_ttf_create_file(path,
 []

[832] [833] [834] [835]
Underfull \hbox (badness 10000) in paragraph at lines 81379--81382
\TU/FreeSerif(0)/m/n/10 LVGL provides two functions to control the animation mo
de: \TU/DejaVuSansMono(0)/m/it/10 lv_rlottie_set_play_mode \TU/FreeSerif(0)/m/n
/10 and
 []

[836] [837] [838] [839]
Underfull \hbox (badness 10000) in paragraph at lines 81829--81831
[]\TU/DejaVuSansMono(0)/m/it/10 ./configure [][]disable[]all [][]disable[]autod
etect [][]disable[]podpages
 []


Underfull \hbox (badness 10000) in paragraph at lines 81829--81831
[][]\TU/DejaVuSansMono(0)/m/it/10 disable[]asm [][]enable[]avcodec [][]enable[]
avformat [][]enable[]decoders
 []


Underfull \hbox (badness 10000) in paragraph at lines 81829--81831
[][]\TU/DejaVuSansMono(0)/m/it/10 enable[]encoders [][]enable[]demuxers [][]ena
ble[]parsers
 []

[840] [841] [842] [843]
Chapter 9.

Underfull \hbox (badness 6859) in paragraph at lines 82334--82336
\TU/FreeSerif(0)/m/n/10 The memory \TU/DejaVuSansMono(0)/m/it/10 lv_snapshot_ta
ke \TU/FreeSerif(0)/m/n/10 uses are dynamically allocated using \TU/DejaVuSansM
ono(0)/m/it/10 lv_mem_alloc\TU/FreeSerif(0)/m/n/10 . Use API
 []

[844

]
Underfull \hbox (badness 6961) in paragraph at lines 82358--82360
\TU/FreeSerif(0)/m/n/10 If the snapshot needs update now and then, or simply ca
ller provides memory, use API \TU/DejaVuSansMono(0)/m/it/10 lv_res_t
 []

[845]
Underfull \vbox (badness 10000) detected at line 82519
 []

[846] [847]
Underfull \hbox (badness 10000) in paragraph at lines 82690--82692
[]\TU/DejaVuSansMono(0)/m/it/10 LV_INDEV_TYPE_BUTTON \TU/FreeSerif(0)/m/n/10 Th
e minimum and maximum values ​​of \TU/DejaVuSansMono(0)/m/it/10 btn_id\TU/FreeS
erif(0)/m/n/10 . Use
 []

[848] [849] [850] [851] [852]
Underfull \hbox (badness 10000) in paragraph at lines 83225--83228
\TU/FreeSerif(0)/m/n/10 An object needs to be clickable or click focusable (\TU
/DejaVuSansMono(0)/m/it/10 LV_OBJ_FLAG_CLICKABLE \TU/FreeSerif(0)/m/n/10 or
 []

[853] [854] [855]
Underfull \vbox (badness 10000) detected at line 83507
 []


Overfull \vbox (2.78596pt too high) detected at line 83507
 []

[856] [857] [858] [859] [860] [861] [862]
Underfull \vbox (badness 10000) detected at line 84045
 []


Overfull \vbox (2.78596pt too high) detected at line 84045
 []

[863] [864] [865] [866] [867] [868] [869]
Overfull \hbox (24.66808pt too wide) in paragraph at lines 85121--85123
\TU/FreeSerif(0)/m/n/10 Messaging (\TU/DejaVuSansMono(0)/m/it/10 lv_msg\TU/Free
Serif(0)/m/n/10 ) is a classic []publisher subscriber](https://en.wikipedia.org
/wiki/Publish%E2%80%93subscribe_pattern)
 []

[870]
Underfull \hbox (badness 10000) in paragraph at lines 85196--85200
\TU/FreeSerif(0)/m/n/10 It's quite typical that an LVGL widget is interested in
 some messages. To make it simpler
 []

[871] [872] [873]
Underfull \vbox (badness 10000) detected at line 85493
 []


Overfull \vbox (2.78596pt too high) detected at line 85493
 []

[874]
Underfull \vbox (badness 10000) detected at line 85493
 []


Overfull \vbox (2.78596pt too high) detected at line 85493
 []

[875] [876]
Underfull \vbox (badness 10000) detected at line 85670
 []


Overfull \vbox (2.78596pt too high) detected at line 85670
 []

[877]
Underfull \vbox (badness 10000) detected at line 85670
 []


Overfull \vbox (2.78596pt too high) detected at line 85670
 []

[878] [879] [880] [881] [882]
Missing character: There is no 为 in font [FreeSerif.otf]/OT:script=latn;languag
e=dflt;!
Missing character: There is no 键 in font [FreeSerifItalic.otf]/OT:script=latn;l
anguage=dflt;!
Missing character: There is no 盘 in font [FreeSerifItalic.otf]/OT:script=latn;l
anguage=dflt;!
Missing character: There is no 组 in font [FreeSerif.otf]/OT:script=latn;languag
e=dflt;!
Missing character: There is no 件 in font [FreeSerif.otf]/OT:script=latn;languag
e=dflt;!
Missing character: There is no 提 in font [FreeSerif.otf]/OT:script=latn;languag
e=dflt;!
Missing character: There is no 供 in font [FreeSerif.otf]/OT:script=latn;languag
e=dflt;!
Missing character: There is no 汉 in font [FreeSerif.otf]/OT:script=latn;languag
e=dflt;!
Missing character: There is no 语 in font [FreeSerif.otf]/OT:script=latn;languag
e=dflt;!
Missing character: There is no 拼 in font [FreeSerif.otf]/OT:script=latn;languag
e=dflt;!
Missing character: There is no 音 in font [FreeSerif.otf]/OT:script=latn;languag
e=dflt;!
Missing character: There is no 输 in font [FreeSerif.otf]/OT:script=latn;languag
e=dflt;!
Missing character: There is no 入 in font [FreeSerif.otf]/OT:script=latn;languag
e=dflt;!
Missing character: There is no 法 in font [FreeSerif.otf]/OT:script=latn;languag
e=dflt;!
Missing character: There is no （ in font [FreeSerif.otf]/OT:script=latn;languag
e=dflt;!
Missing character: There is no 中 in font [FreeSerif.otf]/OT:script=latn;languag
e=dflt;!
Missing character: There is no 文 in font [FreeSerif.otf]/OT:script=latn;languag
e=dflt;!
Missing character: There is no 输 in font [FreeSerif.otf]/OT:script=latn;languag
e=dflt;!
Missing character: There is no 入 in font [FreeSerif.otf]/OT:script=latn;languag
e=dflt;!
Missing character: There is no ） in font [FreeSerif.otf]/OT:script=latn;languag
e=dflt;!
Missing character: There is no 的 in font [FreeSerif.otf]/OT:script=latn;languag
e=dflt;!
Missing character: There is no 功 in font [FreeSerif.otf]/OT:script=latn;languag
e=dflt;!
Missing character: There is no 能 in font [FreeSerif.otf]/OT:script=latn;languag
e=dflt;!
Missing character: There is no 后 in font [FreeSerif.otf]/OT:script=latn;languag
e=dflt;!
Missing character: There is no 文 in font [FreeSerif.otf]/OT:script=latn;languag
e=dflt;!
Missing character: There is no 简 in font [FreeSerif.otf]/OT:script=latn;languag
e=dflt;!
Missing character: There is no 称 in font [FreeSerif.otf]/OT:script=latn;languag
e=dflt;!
Missing character: There is no 为 in font [FreeSerif.otf]/OT:script=latn;languag
e=dflt;!
Missing character: There is no 拼 in font [FreeSerif.otf]/OT:script=latn;languag
e=dflt;!
Missing character: There is no 音 in font [FreeSerif.otf]/OT:script=latn;languag
e=dflt;!
Missing character: There is no 输 in font [FreeSerif.otf]/OT:script=latn;languag
e=dflt;!
Missing character: There is no 入 in font [FreeSerif.otf]/OT:script=latn;languag
e=dflt;!
Missing character: There is no 法 in font [FreeSerif.otf]/OT:script=latn;languag
e=dflt;!
Missing character: There is no ， in font [FreeSerif.otf]/OT:script=latn;languag
e=dflt;!
Missing character: There is no 支 in font [FreeSerif.otf]/OT:script=latn;languag
e=dflt;!
Missing character: There is no 持 in font [FreeSerif.otf]/OT:script=latn;languag
e=dflt;!
Missing character: There is no 键 in font [FreeSerif.otf]/OT:script=latn;languag
e=dflt;!
Missing character: There is no 和 in font [FreeSerif.otf]/OT:script=latn;languag
e=dflt;!
Missing character: There is no 键 in font [FreeSerif.otf]/OT:script=latn;languag
e=dflt;!
Missing character: There is no 输 in font [FreeSerif.otf]/OT:script=latn;languag
e=dflt;!
Missing character: There is no 入 in font [FreeSerif.otf]/OT:script=latn;languag
e=dflt;!
Missing character: There is no 模 in font [FreeSerif.otf]/OT:script=latn;languag
e=dflt;!
Missing character: There is no 式 in font [FreeSerif.otf]/OT:script=latn;languag
e=dflt;!
Missing character: There is no 。 in font [FreeSerif.otf]/OT:script=latn;languag
e=dflt;!
Missing character: There is no 您 in font [FreeSerif.otf]/OT:script=latn;languag
e=dflt;!
Missing character: There is no 可 in font [FreeSerif.otf]/OT:script=latn;languag
e=dflt;!
Missing character: There is no 以 in font [FreeSerif.otf]/OT:script=latn;languag
e=dflt;!
Missing character: There is no 将 in font [FreeSerif.otf]/OT:script=latn;languag
e=dflt;!
Missing character: There is no 看 in font [FreeSerif.otf]/OT:script=latn;languag
e=dflt;!
Missing character: There is no 成 in font [FreeSerif.otf]/OT:script=latn;languag
e=dflt;!
Missing character: There is no 是 in font [FreeSerif.otf]/OT:script=latn;languag
e=dflt;!
Missing character: There is no 键 in font [FreeSerif.otf]/OT:script=latn;languag
e=dflt;!
Missing character: There is no 盘 in font [FreeSerif.otf]/OT:script=latn;languag
e=dflt;!
Missing character: There is no 组 in font [FreeSerif.otf]/OT:script=latn;languag
e=dflt;!
Missing character: There is no 件 in font [FreeSerif.otf]/OT:script=latn;languag
e=dflt;!
Missing character: There is no 的 in font [FreeSerif.otf]/OT:script=latn;languag
e=dflt;!
Missing character: There is no 汉 in font [FreeSerif.otf]/OT:script=latn;languag
e=dflt;!
Missing character: There is no 语 in font [FreeSerif.otf]/OT:script=latn;languag
e=dflt;!
Missing character: There is no 拼 in font [FreeSerif.otf]/OT:script=latn;languag
e=dflt;!
Missing character: There is no 音 in font [FreeSerif.otf]/OT:script=latn;languag
e=dflt;!
Missing character: There is no 输 in font [FreeSerif.otf]/OT:script=latn;languag
e=dflt;!
Missing character: There is no 入 in font [FreeSerif.otf]/OT:script=latn;languag
e=dflt;!
Missing character: There is no 法 in font [FreeSerif.otf]/OT:script=latn;languag
e=dflt;!
Missing character: There is no 插 in font [FreeSerif.otf]/OT:script=latn;languag
e=dflt;!
Missing character: There is no 件 in font [FreeSerif.otf]/OT:script=latn;languag
e=dflt;!
Missing character: There is no 。 in font [FreeSerif.otf]/OT:script=latn;languag
e=dflt;!
Missing character: There is no 一 in font [FreeSerif.otf]/OT:script=latn;languag
e=dflt;!
Missing character: There is no 般 in font [FreeSerif.otf]/OT:script=latn;languag
e=dflt;!
Missing character: There is no 情 in font [FreeSerif.otf]/OT:script=latn;languag
e=dflt;!
Missing character: There is no 况 in font [FreeSerif.otf]/OT:script=latn;languag
e=dflt;!
Missing character: There is no 下 in font [FreeSerif.otf]/OT:script=latn;languag
e=dflt;!
Missing character: There is no ， in font [FreeSerif.otf]/OT:script=latn;languag
e=dflt;!
Missing character: There is no 只 in font [FreeSerif.otf]/OT:script=latn;languag
e=dflt;!
Missing character: There is no 要 in font [FreeSerif.otf]/OT:script=latn;languag
e=dflt;!
Missing character: There is no 是 in font [FreeSerif.otf]/OT:script=latn;languag
e=dflt;!
Missing character: There is no 键 in font [FreeSerifItalic.otf]/OT:script=latn;l
anguage=dflt;!
Missing character: There is no 盘 in font [FreeSerifItalic.otf]/OT:script=latn;l
anguage=dflt;!
Missing character: There is no 组 in font [FreeSerif.otf]/OT:script=latn;languag
e=dflt;!
Missing character: There is no 件 in font [FreeSerif.otf]/OT:script=latn;languag
e=dflt;!
Missing character: There is no 能 in font [FreeSerif.otf]/OT:script=latn;languag
e=dflt;!
Missing character: There is no 运 in font [FreeSerif.otf]/OT:script=latn;languag
e=dflt;!
Missing character: There is no 行 in font [FreeSerif.otf]/OT:script=latn;languag
e=dflt;!
Missing character: There is no 的 in font [FreeSerif.otf]/OT:script=latn;languag
e=dflt;!
Missing character: There is no 环 in font [FreeSerif.otf]/OT:script=latn;languag
e=dflt;!
Missing character: There is no 境 in font [FreeSerif.otf]/OT:script=latn;languag
e=dflt;!
Missing character: There is no 也 in font [FreeSerif.otf]/OT:script=latn;languag
e=dflt;!
Missing character: There is no 能 in font [FreeSerif.otf]/OT:script=latn;languag
e=dflt;!
Missing character: There is no 运 in font [FreeSerif.otf]/OT:script=latn;languag
e=dflt;!
Missing character: There is no 行 in font [FreeSerif.otf]/OT:script=latn;languag
e=dflt;!
Missing character: There is no 。 in font [FreeSerif.otf]/OT:script=latn;languag
e=dflt;!
Missing character: There is no 有 in font [FreeSerif.otf]/OT:script=latn;languag
e=dflt;!
Missing character: There is no 两 in font [FreeSerif.otf]/OT:script=latn;languag
e=dflt;!
Missing character: There is no 个 in font [FreeSerif.otf]/OT:script=latn;languag
e=dflt;!
Missing character: There is no 影 in font [FreeSerif.otf]/OT:script=latn;languag
e=dflt;!
Missing character: There is no 响 in font [FreeSerif.otf]/OT:script=latn;languag
e=dflt;!
Missing character: There is no 因 in font [FreeSerif.otf]/OT:script=latn;languag
e=dflt;!
Missing character: There is no 素 in font [FreeSerif.otf]/OT:script=latn;languag
e=dflt;!
Missing character: There is no ： in font [FreeSerif.otf]/OT:script=latn;languag
e=dflt;!
Missing character: There is no 字 in font [FreeSerif.otf]/OT:script=latn;languag
e=dflt;!
Missing character: There is no 库 in font [FreeSerif.otf]/OT:script=latn;languag
e=dflt;!
Missing character: There is no 的 in font [FreeSerif.otf]/OT:script=latn;languag
e=dflt;!
Missing character: There is no 大 in font [FreeSerif.otf]/OT:script=latn;languag
e=dflt;!
Missing character: There is no 小 in font [FreeSerif.otf]/OT:script=latn;languag
e=dflt;!
Missing character: There is no 和 in font [FreeSerif.otf]/OT:script=latn;languag
e=dflt;!
Missing character: There is no 词 in font [FreeSerif.otf]/OT:script=latn;languag
e=dflt;!
Missing character: There is no 库 in font [FreeSerif.otf]/OT:script=latn;languag
e=dflt;!
Missing character: There is no 的 in font [FreeSerif.otf]/OT:script=latn;languag
e=dflt;!
Missing character: There is no 大 in font [FreeSerif.otf]/OT:script=latn;languag
e=dflt;!
Missing character: There is no 小 in font [FreeSerif.otf]/OT:script=latn;languag
e=dflt;!
Missing character: There is no 。 in font [FreeSerif.otf]/OT:script=latn;languag
e=dflt;!
Missing character: There is no 在 in font [FreeSerif.otf]/OT:script=latn;languag
e=dflt;!
Missing character: There is no 中 in font [FreeSerif.otf]/OT:script=latn;languag
e=dflt;!
Missing character: There is no 打 in font [FreeSerif.otf]/OT:script=latn;languag
e=dflt;!
Missing character: There is no 开 in font [FreeSerif.otf]/OT:script=latn;languag
e=dflt;!
Missing character: There is no 。 in font [FreeSerif.otf]/OT:script=latn;languag
e=dflt;!
Missing character: There is no 首 in font [FreeSerif.otf]/OT:script=latn;languag
e=dflt;!
Missing character: There is no 先 in font [FreeSerif.otf]/OT:script=latn;languag
e=dflt;!
Missing character: There is no ， in font [FreeSerif.otf]/OT:script=latn;languag
e=dflt;!
Missing character: There is no 使 in font [FreeSerif.otf]/OT:script=latn;languag
e=dflt;!
Missing character: There is no 用 in font [FreeSerif.otf]/OT:script=latn;languag
e=dflt;!
Missing character: There is no 函 in font [FreeSerif.otf]/OT:script=latn;languag
e=dflt;!
Missing character: There is no 数 in font [FreeSerif.otf]/OT:script=latn;languag
e=dflt;!
Missing character: There is no 创 in font [FreeSerif.otf]/OT:script=latn;languag
e=dflt;!
Missing character: There is no 建 in font [FreeSerif.otf]/OT:script=latn;languag
e=dflt;!
Missing character: There is no 一 in font [FreeSerif.otf]/OT:script=latn;languag
e=dflt;!
Missing character: There is no 个 in font [FreeSerif.otf]/OT:script=latn;languag
e=dflt;!
Missing character: There is no 拼 in font [FreeSerif.otf]/OT:script=latn;languag
e=dflt;!
Missing character: There is no 音 in font [FreeSerif.otf]/OT:script=latn;languag
e=dflt;!
Missing character: There is no 输 in font [FreeSerif.otf]/OT:script=latn;languag
e=dflt;!
Missing character: There is no 入 in font [FreeSerif.otf]/OT:script=latn;languag
e=dflt;!
Missing character: There is no 法 in font [FreeSerif.otf]/OT:script=latn;languag
e=dflt;!
Missing character: There is no 插 in font [FreeSerif.otf]/OT:script=latn;languag
e=dflt;!
Missing character: There is no 件 in font [FreeSerif.otf]/OT:script=latn;languag
e=dflt;!
Missing character: There is no ， in font [FreeSerif.otf]/OT:script=latn;languag
e=dflt;!
Missing character: There is no 然 in font [FreeSerif.otf]/OT:script=latn;languag
e=dflt;!
Missing character: There is no 后 in font [FreeSerif.otf]/OT:script=latn;languag
e=dflt;!
Missing character: There is no 使 in font [FreeSerif.otf]/OT:script=latn;languag
e=dflt;!
Missing character: There is no 用 in font [FreeSerif.otf]/OT:script=latn;languag
e=dflt;!
Missing character: There is no 函 in font [FreeSerif.otf]/OT:script=latn;languag
e=dflt;!
Missing character: There is no 数 in font [FreeSerif.otf]/OT:script=latn;languag
e=dflt;!
Missing character: There is no 将 in font [FreeSerif.otf]/OT:script=latn;languag
e=dflt;!
Missing character: There is no 您 in font [FreeSerif.otf]/OT:script=latn;languag
e=dflt;!
Missing character: There is no 创 in font [FreeSerif.otf]/OT:script=latn;languag
e=dflt;!
Missing character: There is no 建 in font [FreeSerif.otf]/OT:script=latn;languag
e=dflt;!
Missing character: There is no 的 in font [FreeSerif.otf]/OT:script=latn;languag
e=dflt;!
Missing character: There is no 键 in font [FreeSerif.otf]/OT:script=latn;languag
e=dflt;!
Missing character: There is no 盘 in font [FreeSerif.otf]/OT:script=latn;languag
e=dflt;!
Missing character: There is no 组 in font [FreeSerif.otf]/OT:script=latn;languag
e=dflt;!
Missing character: There is no 件 in font [FreeSerif.otf]/OT:script=latn;languag
e=dflt;!
Missing character: There is no 添 in font [FreeSerif.otf]/OT:script=latn;languag
e=dflt;!
Missing character: There is no 加 in font [FreeSerif.otf]/OT:script=latn;languag
e=dflt;!
Missing character: There is no 到 in font [FreeSerif.otf]/OT:script=latn;languag
e=dflt;!
Missing character: There is no 插 in font [FreeSerif.otf]/OT:script=latn;languag
e=dflt;!
Missing character: There is no 件 in font [FreeSerif.otf]/OT:script=latn;languag
e=dflt;!
Missing character: There is no 中 in font [FreeSerif.otf]/OT:script=latn;languag
e=dflt;!
Missing character: There is no 。 in font [FreeSerif.otf]/OT:script=latn;languag
e=dflt;!

Underfull \hbox (badness 10000) in paragraph at lines 86301--86304
[]\TU/FreeSerif(0)/m/n/10 首先，使用 \TU/DejaVuSansMono(0)/m/it/10 lv_ime_pinyin_cre
ate(lv_scr_act()) \TU/FreeSerif(0)/m/n/10 函数创建一个拼音输入法插件， 然后使用
 []

[883]
Missing character: There is no 内 in font [FreeSerif.otf]/OT:script=latn;languag
e=dflt;!
Missing character: There is no 置 in font [FreeSerif.otf]/OT:script=latn;languag
e=dflt;!
Missing character: There is no 的 in font [FreeSerif.otf]/OT:script=latn;languag
e=dflt;!
Missing character: There is no 词 in font [FreeSerif.otf]/OT:script=latn;languag
e=dflt;!
Missing character: There is no 库 in font [FreeSerif.otf]/OT:script=latn;languag
e=dflt;!
Missing character: There is no 是 in font [FreeSerif.otf]/OT:script=latn;languag
e=dflt;!
Missing character: There is no 基 in font [FreeSerif.otf]/OT:script=latn;languag
e=dflt;!
Missing character: There is no 于 in font [FreeSerif.otf]/OT:script=latn;languag
e=dflt;!
Missing character: There is no 的 in font [FreeSerif.otf]/OT:script=latn;languag
e=dflt;!
Missing character: There is no 字 in font [FreeSerif.otf]/OT:script=latn;languag
e=dflt;!
Missing character: There is no 库 in font [FreeSerif.otf]/OT:script=latn;languag
e=dflt;!
Missing character: There is no 定 in font [FreeSerif.otf]/OT:script=latn;languag
e=dflt;!
Missing character: There is no 制 in font [FreeSerif.otf]/OT:script=latn;languag
e=dflt;!
Missing character: There is no ， in font [FreeSerif.otf]/OT:script=latn;languag
e=dflt;!
Missing character: There is no 这 in font [FreeSerif.otf]/OT:script=latn;languag
e=dflt;!
Missing character: There is no 个 in font [FreeSerif.otf]/OT:script=latn;languag
e=dflt;!
Missing character: There is no 字 in font [FreeSerif.otf]/OT:script=latn;languag
e=dflt;!
Missing character: There is no 库 in font [FreeSerif.otf]/OT:script=latn;languag
e=dflt;!
Missing character: There is no 目 in font [FreeSerif.otf]/OT:script=latn;languag
e=dflt;!
Missing character: There is no 前 in font [FreeSerif.otf]/OT:script=latn;languag
e=dflt;!
Missing character: There is no 只 in font [FreeSerif.otf]/OT:script=latn;languag
e=dflt;!
Missing character: There is no 有 in font [FreeSerif.otf]/OT:script=latn;languag
e=dflt;!
Missing character: There is no 多 in font [FreeSerif.otf]/OT:script=latn;languag
e=dflt;!
Missing character: There is no 个 in font [FreeSerif.otf]/OT:script=latn;languag
e=dflt;!
Missing character: There is no 最 in font [FreeSerif.otf]/OT:script=latn;languag
e=dflt;!
Missing character: There is no 常 in font [FreeSerif.otf]/OT:script=latn;languag
e=dflt;!
Missing character: There is no 见 in font [FreeSerif.otf]/OT:script=latn;languag
e=dflt;!
Missing character: There is no 的 in font [FreeSerif.otf]/OT:script=latn;languag
e=dflt;!
Missing character: There is no 部 in font [FreeSerif.otf]/OT:script=latn;languag
e=dflt;!
Missing character: There is no 首 in font [FreeSerif.otf]/OT:script=latn;languag
e=dflt;!
Missing character: There is no ， in font [FreeSerif.otf]/OT:script=latn;languag
e=dflt;!
Missing character: There is no 所 in font [FreeSerif.otf]/OT:script=latn;languag
e=dflt;!
Missing character: There is no 以 in font [FreeSerif.otf]/OT:script=latn;languag
e=dflt;!
Missing character: There is no 建 in font [FreeSerif.otf]/OT:script=latn;languag
e=dflt;!
Missing character: There is no 议 in font [FreeSerif.otf]/OT:script=latn;languag
e=dflt;!
Missing character: There is no 使 in font [FreeSerif.otf]/OT:script=latn;languag
e=dflt;!
Missing character: There is no 用 in font [FreeSerif.otf]/OT:script=latn;languag
e=dflt;!
Missing character: There is no 自 in font [FreeSerif.otf]/OT:script=latn;languag
e=dflt;!
Missing character: There is no 定 in font [FreeSerif.otf]/OT:script=latn;languag
e=dflt;!
Missing character: There is no 义 in font [FreeSerif.otf]/OT:script=latn;languag
e=dflt;!
Missing character: There is no 字 in font [FreeSerif.otf]/OT:script=latn;languag
e=dflt;!
Missing character: There is no 库 in font [FreeSerif.otf]/OT:script=latn;languag
e=dflt;!
Missing character: There is no 和 in font [FreeSerif.otf]/OT:script=latn;languag
e=dflt;!
Missing character: There is no 词 in font [FreeSerif.otf]/OT:script=latn;languag
e=dflt;!
Missing character: There is no 库 in font [FreeSerif.otf]/OT:script=latn;languag
e=dflt;!
Missing character: There is no 。 in font [FreeSerif.otf]/OT:script=latn;languag
e=dflt;!

Underfull \hbox (badness 10000) in paragraph at lines 86305--86307
[]\TU/FreeSerif(0)/m/n/10 内置的词库是基于 LVGL 的 \TU/FreeSerif(0)/b/n/10 LV_FONT_SIMSU
N_16_CJK \TU/FreeSerif(0)/m/n/10 字库定制，这个字库目前只有 \TU/DejaVuSansMono(0)/m/it/10 10
00 \TU/FreeSerif(0)/m/n/10 多个最常见的 CJK
 []

Missing character: There is no 您 in font [FreeSerif.otf]/OT:script=latn;languag
e=dflt;!
Missing character: There is no 可 in font [FreeSerif.otf]/OT:script=latn;languag
e=dflt;!
Missing character: There is no 以 in font [FreeSerif.otf]/OT:script=latn;languag
e=dflt;!
Missing character: There is no 使 in font [FreeSerif.otf]/OT:script=latn;languag
e=dflt;!
Missing character: There is no 用 in font [FreeSerif.otf]/OT:script=latn;languag
e=dflt;!
Missing character: There is no 函 in font [FreeSerif.otf]/OT:script=latn;languag
e=dflt;!
Missing character: There is no 数 in font [FreeSerif.otf]/OT:script=latn;languag
e=dflt;!
Missing character: There is no 来 in font [FreeSerif.otf]/OT:script=latn;languag
e=dflt;!
Missing character: There is no 设 in font [FreeSerif.otf]/OT:script=latn;languag
e=dflt;!
Missing character: There is no 置 in font [FreeSerif.otf]/OT:script=latn;languag
e=dflt;!
Missing character: There is no 使 in font [FreeSerif.otf]/OT:script=latn;languag
e=dflt;!
Missing character: There is no 用 in font [FreeSerif.otf]/OT:script=latn;languag
e=dflt;!
Missing character: There is no 自 in font [FreeSerif.otf]/OT:script=latn;languag
e=dflt;!
Missing character: There is no 定 in font [FreeSerif.otf]/OT:script=latn;languag
e=dflt;!
Missing character: There is no 义 in font [FreeSerif.otf]/OT:script=latn;languag
e=dflt;!
Missing character: There is no 的 in font [FreeSerif.otf]/OT:script=latn;languag
e=dflt;!
Missing character: There is no 词 in font [FreeSerif.otf]/OT:script=latn;languag
e=dflt;!
Missing character: There is no 库 in font [FreeSerif.otf]/OT:script=latn;languag
e=dflt;!
Missing character: There is no ， in font [FreeSerif.otf]/OT:script=latn;languag
e=dflt;!
Missing character: There is no 如 in font [FreeSerif.otf]/OT:script=latn;languag
e=dflt;!
Missing character: There is no 果 in font [FreeSerif.otf]/OT:script=latn;languag
e=dflt;!
Missing character: There is no 您 in font [FreeSerif.otf]/OT:script=latn;languag
e=dflt;!
Missing character: There is no 一 in font [FreeSerif.otf]/OT:script=latn;languag
e=dflt;!
Missing character: There is no 开 in font [FreeSerif.otf]/OT:script=latn;languag
e=dflt;!
Missing character: There is no 始 in font [FreeSerif.otf]/OT:script=latn;languag
e=dflt;!
Missing character: There is no 就 in font [FreeSerif.otf]/OT:script=latn;languag
e=dflt;!
Missing character: There is no 不 in font [FreeSerif.otf]/OT:script=latn;languag
e=dflt;!
Missing character: There is no 打 in font [FreeSerif.otf]/OT:script=latn;languag
e=dflt;!
Missing character: There is no 算 in font [FreeSerif.otf]/OT:script=latn;languag
e=dflt;!
Missing character: There is no 使 in font [FreeSerif.otf]/OT:script=latn;languag
e=dflt;!
Missing character: There is no 用 in font [FreeSerif.otf]/OT:script=latn;languag
e=dflt;!
Missing character: There is no 内 in font [FreeSerif.otf]/OT:script=latn;languag
e=dflt;!
Missing character: There is no 置 in font [FreeSerif.otf]/OT:script=latn;languag
e=dflt;!
Missing character: There is no 的 in font [FreeSerif.otf]/OT:script=latn;languag
e=dflt;!
Missing character: There is no 词 in font [FreeSerif.otf]/OT:script=latn;languag
e=dflt;!
Missing character: There is no 库 in font [FreeSerif.otf]/OT:script=latn;languag
e=dflt;!
Missing character: There is no ， in font [FreeSerif.otf]/OT:script=latn;languag
e=dflt;!
Missing character: There is no 建 in font [FreeSerif.otf]/OT:script=latn;languag
e=dflt;!
Missing character: There is no 议 in font [FreeSerif.otf]/OT:script=latn;languag
e=dflt;!
Missing character: There is no 您 in font [FreeSerif.otf]/OT:script=latn;languag
e=dflt;!
Missing character: There is no 在 in font [FreeSerif.otf]/OT:script=latn;languag
e=dflt;!
Missing character: There is no 中 in font [FreeSerif.otf]/OT:script=latn;languag
e=dflt;!
Missing character: There is no 将 in font [FreeSerif.otf]/OT:script=latn;languag
e=dflt;!
Missing character: There is no 关 in font [FreeSerif.otf]/OT:script=latn;languag
e=dflt;!
Missing character: There is no 闭 in font [FreeSerif.otf]/OT:script=latn;languag
e=dflt;!
Missing character: There is no ， in font [FreeSerif.otf]/OT:script=latn;languag
e=dflt;!
Missing character: There is no 这 in font [FreeSerif.otf]/OT:script=latn;languag
e=dflt;!
Missing character: There is no 可 in font [FreeSerif.otf]/OT:script=latn;languag
e=dflt;!
Missing character: There is no 以 in font [FreeSerif.otf]/OT:script=latn;languag
e=dflt;!
Missing character: There is no 节 in font [FreeSerif.otf]/OT:script=latn;languag
e=dflt;!
Missing character: There is no 省 in font [FreeSerif.otf]/OT:script=latn;languag
e=dflt;!
Missing character: There is no 一 in font [FreeSerif.otf]/OT:script=latn;languag
e=dflt;!
Missing character: There is no 些 in font [FreeSerif.otf]/OT:script=latn;languag
e=dflt;!
Missing character: There is no 内 in font [FreeSerif.otf]/OT:script=latn;languag
e=dflt;!
Missing character: There is no 存 in font [FreeSerif.otf]/OT:script=latn;languag
e=dflt;!
Missing character: There is no 空 in font [FreeSerif.otf]/OT:script=latn;languag
e=dflt;!
Missing character: There is no 间 in font [FreeSerif.otf]/OT:script=latn;languag
e=dflt;!
Missing character: There is no 。 in font [FreeSerif.otf]/OT:script=latn;languag
e=dflt;!

Overfull \hbox (48.49434pt too wide) in paragraph at lines 86308--86310
[]\TU/FreeSerif(0)/m/n/10 您可以使用 \TU/DejaVuSansMono(0)/m/it/10 lv_ime_pinyin_set
_dict(pinyin_ime, your_dict) \TU/FreeSerif(0)/m/n/10 函数来设置使用自定义的词库，如果您一开始就不打算使用
内置的词库，建议您在
 []

Missing character: There is no 如 in font [FreeSerif.otf]/OT:script=latn;languag
e=dflt;!
Missing character: There is no 果 in font [FreeSerif.otf]/OT:script=latn;languag
e=dflt;!
Missing character: There is no 您 in font [FreeSerif.otf]/OT:script=latn;languag
e=dflt;!
Missing character: There is no 不 in font [FreeSerif.otf]/OT:script=latn;languag
e=dflt;!
Missing character: There is no 想 in font [FreeSerif.otf]/OT:script=latn;languag
e=dflt;!
Missing character: There is no 使 in font [FreeSerif.otf]/OT:script=latn;languag
e=dflt;!
Missing character: There is no 用 in font [FreeSerif.otf]/OT:script=latn;languag
e=dflt;!
Missing character: There is no 内 in font [FreeSerif.otf]/OT:script=latn;languag
e=dflt;!
Missing character: There is no 置 in font [FreeSerif.otf]/OT:script=latn;languag
e=dflt;!
Missing character: There is no 的 in font [FreeSerif.otf]/OT:script=latn;languag
e=dflt;!
Missing character: There is no 词 in font [FreeSerif.otf]/OT:script=latn;languag
e=dflt;!
Missing character: There is no 库 in font [FreeSerif.otf]/OT:script=latn;languag
e=dflt;!
Missing character: There is no ， in font [FreeSerif.otf]/OT:script=latn;languag
e=dflt;!
Missing character: There is no 可 in font [FreeSerif.otf]/OT:script=latn;languag
e=dflt;!
Missing character: There is no 以 in font [FreeSerif.otf]/OT:script=latn;languag
e=dflt;!
Missing character: There is no 通 in font [FreeSerif.otf]/OT:script=latn;languag
e=dflt;!
Missing character: There is no 过 in font [FreeSerif.otf]/OT:script=latn;languag
e=dflt;!
Missing character: There is no 下 in font [FreeSerif.otf]/OT:script=latn;languag
e=dflt;!
Missing character: There is no 面 in font [FreeSerif.otf]/OT:script=latn;languag
e=dflt;!
Missing character: There is no 的 in font [FreeSerif.otf]/OT:script=latn;languag
e=dflt;!
Missing character: There is no 方 in font [FreeSerif.otf]/OT:script=latn;languag
e=dflt;!
Missing character: There is no 法 in font [FreeSerif.otf]/OT:script=latn;languag
e=dflt;!
Missing character: There is no 自 in font [FreeSerif.otf]/OT:script=latn;languag
e=dflt;!
Missing character: There is no 定 in font [FreeSerif.otf]/OT:script=latn;languag
e=dflt;!
Missing character: There is no 义 in font [FreeSerif.otf]/OT:script=latn;languag
e=dflt;!
Missing character: There is no 词 in font [FreeSerif.otf]/OT:script=latn;languag
e=dflt;!
Missing character: There is no 库 in font [FreeSerif.otf]/OT:script=latn;languag
e=dflt;!
Missing character: There is no 。 in font [FreeSerif.otf]/OT:script=latn;languag
e=dflt;!
Missing character: There is no 自 in font [FreeSerif.otf]/OT:script=latn;languag
e=dflt;!
Missing character: There is no 定 in font [FreeSerif.otf]/OT:script=latn;languag
e=dflt;!
Missing character: There is no 义 in font [FreeSerif.otf]/OT:script=latn;languag
e=dflt;!
Missing character: There is no 词 in font [FreeSerif.otf]/OT:script=latn;languag
e=dflt;!
Missing character: There is no 典 in font [FreeSerif.otf]/OT:script=latn;languag
e=dflt;!
Missing character: There is no 非 in font [FreeSerif.otf]/OT:script=latn;languag
e=dflt;!
Missing character: There is no 常 in font [FreeSerif.otf]/OT:script=latn;languag
e=dflt;!
Missing character: There is no 简 in font [FreeSerif.otf]/OT:script=latn;languag
e=dflt;!
Missing character: There is no 单 in font [FreeSerif.otf]/OT:script=latn;languag
e=dflt;!
Missing character: There is no 。 in font [FreeSerif.otf]/OT:script=latn;languag
e=dflt;!
Missing character: There is no 首 in font [FreeSerif.otf]/OT:script=latn;languag
e=dflt;!
Missing character: There is no 先 in font [FreeSerif.otf]/OT:script=latn;languag
e=dflt;!
Missing character: There is no ， in font [FreeSerif.otf]/OT:script=latn;languag
e=dflt;!
Missing character: There is no 在 in font [FreeSerif.otf]/OT:script=latn;languag
e=dflt;!
Missing character: There is no 将 in font [FreeSerif.otf]/OT:script=latn;languag
e=dflt;!
Missing character: There is no 设 in font [FreeSerif.otf]/OT:script=latn;languag
e=dflt;!
Missing character: There is no 置 in font [FreeSerif.otf]/OT:script=latn;languag
e=dflt;!
Missing character: There is no 为 in font [FreeSerif.otf]/OT:script=latn;languag
e=dflt;!
Missing character: There is no 。 in font [FreeSerif.otf]/OT:script=latn;languag
e=dflt;!
Missing character: There is no 然 in font [FreeSerif.otf]/OT:script=latn;languag
e=dflt;!
Missing character: There is no 后 in font [FreeSerif.otf]/OT:script=latn;languag
e=dflt;!
Missing character: There is no 按 in font [FreeSerif.otf]/OT:script=latn;languag
e=dflt;!
Missing character: There is no 照 in font [FreeSerif.otf]/OT:script=latn;languag
e=dflt;!
Missing character: There is no 下 in font [FreeSerif.otf]/OT:script=latn;languag
e=dflt;!
Missing character: There is no 面 in font [FreeSerif.otf]/OT:script=latn;languag
e=dflt;!
Missing character: There is no 的 in font [FreeSerif.otf]/OT:script=latn;languag
e=dflt;!
Missing character: There is no 格 in font [FreeSerif.otf]/OT:script=latn;languag
e=dflt;!
Missing character: There is no 式 in font [FreeSerif.otf]/OT:script=latn;languag
e=dflt;!
Missing character: There is no 编 in font [FreeSerif.otf]/OT:script=latn;languag
e=dflt;!
Missing character: There is no 写 in font [FreeSerif.otf]/OT:script=latn;languag
e=dflt;!
Missing character: There is no 词 in font [FreeSerif.otf]/OT:script=latn;languag
e=dflt;!
Missing character: There is no 库 in font [FreeSerif.otf]/OT:script=latn;languag
e=dflt;!
Missing character: There is no 。 in font [FreeSerif.otf]/OT:script=latn;languag
e=dflt;!
Missing character: There is no 注 in font [FreeSerifBold.otf]/OT:script=latn;lan
guage=dflt;!
Missing character: There is no 意 in font [FreeSerifBold.otf]/OT:script=latn;lan
guage=dflt;!
Missing character: There is no ， in font [FreeSerif.otf]/OT:script=latn;languag
e=dflt;!
Missing character: There is no 各 in font [FreeSerif.otf]/OT:script=latn;languag
e=dflt;!
Missing character: There is no 个 in font [FreeSerif.otf]/OT:script=latn;languag
e=dflt;!
Missing character: There is no 拼 in font [FreeSerif.otf]/OT:script=latn;languag
e=dflt;!
Missing character: There is no 音 in font [FreeSerif.otf]/OT:script=latn;languag
e=dflt;!
Missing character: There is no 音 in font [FreeSerif.otf]/OT:script=latn;languag
e=dflt;!
Missing character: There is no 节 in font [FreeSerif.otf]/OT:script=latn;languag
e=dflt;!
Missing character: There is no 的 in font [FreeSerif.otf]/OT:script=latn;languag
e=dflt;!
Missing character: There is no 排 in font [FreeSerif.otf]/OT:script=latn;languag
e=dflt;!
Missing character: There is no 列 in font [FreeSerif.otf]/OT:script=latn;languag
e=dflt;!
Missing character: There is no 顺 in font [FreeSerif.otf]/OT:script=latn;languag
e=dflt;!
Missing character: There is no 序 in font [FreeSerif.otf]/OT:script=latn;languag
e=dflt;!
Missing character: There is no 非 in font [FreeSerif.otf]/OT:script=latn;languag
e=dflt;!
Missing character: There is no 常 in font [FreeSerif.otf]/OT:script=latn;languag
e=dflt;!
Missing character: There is no 重 in font [FreeSerif.otf]/OT:script=latn;languag
e=dflt;!
Missing character: There is no 要 in font [FreeSerif.otf]/OT:script=latn;languag
e=dflt;!
Missing character: There is no ， in font [FreeSerif.otf]/OT:script=latn;languag
e=dflt;!
Missing character: There is no 您 in font [FreeSerif.otf]/OT:script=latn;languag
e=dflt;!
Missing character: There is no 需 in font [FreeSerif.otf]/OT:script=latn;languag
e=dflt;!
Missing character: There is no 要 in font [FreeSerif.otf]/OT:script=latn;languag
e=dflt;!
Missing character: There is no 按 in font [FreeSerif.otf]/OT:script=latn;languag
e=dflt;!
Missing character: There is no 照 in font [FreeSerif.otf]/OT:script=latn;languag
e=dflt;!
Missing character: There is no 汉 in font [FreeSerif.otf]/OT:script=latn;languag
e=dflt;!
Missing character: There is no 语 in font [FreeSerif.otf]/OT:script=latn;languag
e=dflt;!
Missing character: There is no 拼 in font [FreeSerif.otf]/OT:script=latn;languag
e=dflt;!
Missing character: There is no 音 in font [FreeSerif.otf]/OT:script=latn;languag
e=dflt;!
Missing character: There is no 音 in font [FreeSerif.otf]/OT:script=latn;languag
e=dflt;!
Missing character: There is no 节 in font [FreeSerif.otf]/OT:script=latn;languag
e=dflt;!
Missing character: There is no 表 in font [FreeSerif.otf]/OT:script=latn;languag
e=dflt;!
Missing character: There is no 定 in font [FreeSerif.otf]/OT:script=latn;languag
e=dflt;!
Missing character: There is no 制 in font [FreeSerif.otf]/OT:script=latn;languag
e=dflt;!
Missing character: There is no 自 in font [FreeSerif.otf]/OT:script=latn;languag
e=dflt;!
Missing character: There is no 己 in font [FreeSerif.otf]/OT:script=latn;languag
e=dflt;!
Missing character: There is no 的 in font [FreeSerif.otf]/OT:script=latn;languag
e=dflt;!
Missing character: There is no 词 in font [FreeSerif.otf]/OT:script=latn;languag
e=dflt;!
Missing character: There is no 库 in font [FreeSerif.otf]/OT:script=latn;languag
e=dflt;!
Missing character: There is no ， in font [FreeSerif.otf]/OT:script=latn;languag
e=dflt;!
Missing character: There is no 可 in font [FreeSerif.otf]/OT:script=latn;languag
e=dflt;!
Missing character: There is no 以 in font [FreeSerif.otf]/OT:script=latn;languag
e=dflt;!
Missing character: There is no 阅 in font [FreeSerif.otf]/OT:script=latn;languag
e=dflt;!
Missing character: There is no 读 in font [FreeSerif.otf]/OT:script=latn;languag
e=dflt;!
Missing character: There is no 这 in font [FreeSerif.otf]/OT:script=latn;languag
e=dflt;!
Missing character: There is no 里 in font [FreeSerif.otf]/OT:script=latn;languag
e=dflt;!
Missing character: There is no 了 in font [FreeSerif.otf]/OT:script=latn;languag
e=dflt;!
Missing character: There is no 解 in font [FreeSerif.otf]/OT:script=latn;languag
e=dflt;!
Missing character: There is no 汉 in font [FreeSerif.otf]/OT:script=latn;languag
e=dflt;!
Missing character: There is no 语 in font [FreeSerif.otf]/OT:script=latn;languag
e=dflt;!
Missing character: There is no 拼 in font [FreeSerif.otf]/OT:script=latn;languag
e=dflt;!
Missing character: There is no 音 in font [FreeSerif.otf]/OT:script=latn;languag
e=dflt;!
Missing character: There is no 音 in font [FreeSerif.otf]/OT:script=latn;languag
e=dflt;!
Missing character: There is no 节 in font [FreeSerif.otf]/OT:script=latn;languag
e=dflt;!
Missing character: There is no 以 in font [FreeSerif.otf]/OT:script=latn;languag
e=dflt;!
Missing character: There is no 及 in font [FreeSerif.otf]/OT:script=latn;languag
e=dflt;!
Missing character: There is no 音 in font [FreeSerif.otf]/OT:script=latn;languag
e=dflt;!
Missing character: There is no 节 in font [FreeSerif.otf]/OT:script=latn;languag
e=dflt;!
Missing character: There is no 表 in font [FreeSerif.otf]/OT:script=latn;languag
e=dflt;!
Missing character: There is no 。 in font [FreeSerif.otf]/OT:script=latn;languag
e=dflt;!
Missing character: There is no 然 in font [FreeSerif.otf]/OT:script=latn;languag
e=dflt;!
Missing character: There is no 后 in font [FreeSerif.otf]/OT:script=latn;languag
e=dflt;!
Missing character: There is no ， in font [FreeSerif.otf]/OT:script=latn;languag
e=dflt;!
Missing character: There is no 根 in font [FreeSerif.otf]/OT:script=latn;languag
e=dflt;!
Missing character: There is no 据 in font [FreeSerif.otf]/OT:script=latn;languag
e=dflt;!
Missing character: There is no 下 in font [FreeSerif.otf]/OT:script=latn;languag
e=dflt;!
Missing character: There is no 面 in font [FreeSerif.otf]/OT:script=latn;languag
e=dflt;!
Missing character: There is no 的 in font [FreeSerif.otf]/OT:script=latn;languag
e=dflt;!
Missing character: There is no 格 in font [FreeSerif.otf]/OT:script=latn;languag
e=dflt;!
Missing character: There is no 式 in font [FreeSerif.otf]/OT:script=latn;languag
e=dflt;!
Missing character: There is no 编 in font [FreeSerif.otf]/OT:script=latn;languag
e=dflt;!
Missing character: There is no 写 in font [FreeSerif.otf]/OT:script=latn;languag
e=dflt;!
Missing character: There is no 自 in font [FreeSerif.otf]/OT:script=latn;languag
e=dflt;!
Missing character: There is no 己 in font [FreeSerif.otf]/OT:script=latn;languag
e=dflt;!
Missing character: There is no 的 in font [FreeSerif.otf]/OT:script=latn;languag
e=dflt;!
Missing character: There is no 词 in font [FreeSerif.otf]/OT:script=latn;languag
e=dflt;!
Missing character: There is no 库 in font [FreeSerif.otf]/OT:script=latn;languag
e=dflt;!
Missing character: There is no ： in font [FreeSerif.otf]/OT:script=latn;languag
e=dflt;!
Missing character: There is no 啊 in font DejaVu Sans Mono/OT:script=latn;langua
ge=dflt;!
Missing character: There is no 阿 in font DejaVu Sans Mono/OT:script=latn;langua
ge=dflt;!
Missing character: There is no 呵 in font DejaVu Sans Mono/OT:script=latn;langua
ge=dflt;!
Missing character: There is no 吖 in font DejaVu Sans Mono/OT:script=latn;langua
ge=dflt;!
Missing character: There is no 埃 in font DejaVu Sans Mono/OT:script=latn;langua
ge=dflt;!
Missing character: There is no 挨 in font DejaVu Sans Mono/OT:script=latn;langua
ge=dflt;!
Missing character: There is no 哎 in font DejaVu Sans Mono/OT:script=latn;langua
ge=dflt;!
Missing character: There is no 唉 in font DejaVu Sans Mono/OT:script=latn;langua
ge=dflt;!
Missing character: There is no 哀 in font DejaVu Sans Mono/OT:script=latn;langua
ge=dflt;!
Missing character: There is no 皑 in font DejaVu Sans Mono/OT:script=latn;langua
ge=dflt;!
Missing character: There is no 蔼 in font DejaVu Sans Mono/OT:script=latn;langua
ge=dflt;!
Missing character: There is no 矮 in font DejaVu Sans Mono/OT:script=latn;langua
ge=dflt;!
Missing character: There is no 碍 in font DejaVu Sans Mono/OT:script=latn;langua
ge=dflt;!
Missing character: There is no 爱 in font DejaVu Sans Mono/OT:script=latn;langua
ge=dflt;!
Missing character: There is no 隘 in font DejaVu Sans Mono/OT:script=latn;langua
ge=dflt;!
Missing character: There is no 癌 in font DejaVu Sans Mono/OT:script=latn;langua
ge=dflt;!
Missing character: There is no 艾 in font DejaVu Sans Mono/OT:script=latn;langua
ge=dflt;!
Missing character: There is no 按 in font DejaVu Sans Mono/OT:script=latn;langua
ge=dflt;!
Missing character: There is no 安 in font DejaVu Sans Mono/OT:script=latn;langua
ge=dflt;!
Missing character: There is no 暗 in font DejaVu Sans Mono/OT:script=latn;langua
ge=dflt;!
Missing character: There is no 岸 in font DejaVu Sans Mono/OT:script=latn;langua
ge=dflt;!
Missing character: There is no 俺 in font DejaVu Sans Mono/OT:script=latn;langua
ge=dflt;!
Missing character: There is no 案 in font DejaVu Sans Mono/OT:script=latn;langua
ge=dflt;!
Missing character: There is no 鞍 in font DejaVu Sans Mono/OT:script=latn;langua
ge=dflt;!
Missing character: There is no 氨 in font DejaVu Sans Mono/OT:script=latn;langua
ge=dflt;!
Missing character: There is no 胺 in font DejaVu Sans Mono/OT:script=latn;langua
ge=dflt;!
Missing character: There is no 厂 in font DejaVu Sans Mono/OT:script=latn;langua
ge=dflt;!
Missing character: There is no 广 in font DejaVu Sans Mono/OT:script=latn;langua
ge=dflt;!
Missing character: There is no 庵 in font DejaVu Sans Mono/OT:script=latn;langua
ge=dflt;!
Missing character: There is no 揞 in font DejaVu Sans Mono/OT:script=latn;langua
ge=dflt;!
Missing character: There is no 犴 in font DejaVu Sans Mono/OT:script=latn;langua
ge=dflt;!
Missing character: There is no 铵 in font DejaVu Sans Mono/OT:script=latn;langua
ge=dflt;!
Missing character: There is no 桉 in font DejaVu Sans Mono/OT:script=latn;langua
ge=dflt;!
Missing character: There is no 谙 in font DejaVu Sans Mono/OT:script=latn;langua
ge=dflt;!
Missing character: There is no 鹌 in font DejaVu Sans Mono/OT:script=latn;langua
ge=dflt;!
Missing character: There is no 埯 in font DejaVu Sans Mono/OT:script=latn;langua
ge=dflt;!
Missing character: There is no 黯 in font DejaVu Sans Mono/OT:script=latn;langua
ge=dflt;!
Missing character: There is no 昂 in font DejaVu Sans Mono/OT:script=latn;langua
ge=dflt;!
Missing character: There is no 肮 in font DejaVu Sans Mono/OT:script=latn;langua
ge=dflt;!
Missing character: There is no 盎 in font DejaVu Sans Mono/OT:script=latn;langua
ge=dflt;!
Missing character: There is no 仰 in font DejaVu Sans Mono/OT:script=latn;langua
ge=dflt;!
Missing character: There is no 凹 in font DejaVu Sans Mono/OT:script=latn;langua
ge=dflt;!
Missing character: There is no 敖 in font DejaVu Sans Mono/OT:script=latn;langua
ge=dflt;!
Missing character: There is no 熬 in font DejaVu Sans Mono/OT:script=latn;langua
ge=dflt;!
Missing character: There is no 翱 in font DejaVu Sans Mono/OT:script=latn;langua
ge=dflt;!
Missing character: There is no 袄 in font DejaVu Sans Mono/OT:script=latn;langua
ge=dflt;!
Missing character: There is no 傲 in font DejaVu Sans Mono/OT:script=latn;langua
ge=dflt;!
Missing character: There is no 奥 in font DejaVu Sans Mono/OT:script=latn;langua
ge=dflt;!
Missing character: There is no 懊 in font DejaVu Sans Mono/OT:script=latn;langua
ge=dflt;!
Missing character: There is no 澳 in font DejaVu Sans Mono/OT:script=latn;langua
ge=dflt;!
Missing character: There is no 芭 in font DejaVu Sans Mono/OT:script=latn;langua
ge=dflt;!
Missing character: There is no 捌 in font DejaVu Sans Mono/OT:script=latn;langua
ge=dflt;!
Missing character: There is no 叭 in font DejaVu Sans Mono/OT:script=latn;langua
ge=dflt;!
Missing character: There is no 吧 in font DejaVu Sans Mono/OT:script=latn;langua
ge=dflt;!
Missing character: There is no 笆 in font DejaVu Sans Mono/OT:script=latn;langua
ge=dflt;!
Missing character: There is no 八 in font DejaVu Sans Mono/OT:script=latn;langua
ge=dflt;!
Missing character: There is no 疤 in font DejaVu Sans Mono/OT:script=latn;langua
ge=dflt;!
Missing character: There is no 巴 in font DejaVu Sans Mono/OT:script=latn;langua
ge=dflt;!
Missing character: There is no 拔 in font DejaVu Sans Mono/OT:script=latn;langua
ge=dflt;!
Missing character: There is no 跋 in font DejaVu Sans Mono/OT:script=latn;langua
ge=dflt;!
Missing character: There is no 靶 in font DejaVu Sans Mono/OT:script=latn;langua
ge=dflt;!
Missing character: There is no 把 in font DejaVu Sans Mono/OT:script=latn;langua
ge=dflt;!
Missing character: There is no 坝 in font DejaVu Sans Mono/OT:script=latn;langua
ge=dflt;!
Missing character: There is no 霸 in font DejaVu Sans Mono/OT:script=latn;langua
ge=dflt;!
Missing character: There is no 罢 in font DejaVu Sans Mono/OT:script=latn;langua
ge=dflt;!
Missing character: There is no 爸 in font DejaVu Sans Mono/OT:script=latn;langua
ge=dflt;!
Missing character: There is no 扒 in font DejaVu Sans Mono/OT:script=latn;langua
ge=dflt;!
Missing character: There is no 耙 in font DejaVu Sans Mono/OT:script=latn;langua
ge=dflt;!
Missing character: There is no 白 in font DejaVu Sans Mono/OT:script=latn;langua
ge=dflt;!
Missing character: There is no 摆 in font DejaVu Sans Mono/OT:script=latn;langua
ge=dflt;!
Missing character: There is no 佰 in font DejaVu Sans Mono/OT:script=latn;langua
ge=dflt;!
Missing character: There is no 败 in font DejaVu Sans Mono/OT:script=latn;langua
ge=dflt;!
Missing character: There is no 拜 in font DejaVu Sans Mono/OT:script=latn;langua
ge=dflt;!
Missing character: There is no 柏 in font DejaVu Sans Mono/OT:script=latn;langua
ge=dflt;!
Missing character: There is no 百 in font DejaVu Sans Mono/OT:script=latn;langua
ge=dflt;!
Missing character: There is no 稗 in font DejaVu Sans Mono/OT:script=latn;langua
ge=dflt;!
Missing character: There is no 伯 in font DejaVu Sans Mono/OT:script=latn;langua
ge=dflt;!
Missing character: There is no 昨 in font DejaVu Sans Mono/OT:script=latn;langua
ge=dflt;!
Missing character: There is no 左 in font DejaVu Sans Mono/OT:script=latn;langua
ge=dflt;!
Missing character: There is no 佐 in font DejaVu Sans Mono/OT:script=latn;langua
ge=dflt;!
Missing character: There is no 做 in font DejaVu Sans Mono/OT:script=latn;langua
ge=dflt;!
Missing character: There is no 作 in font DejaVu Sans Mono/OT:script=latn;langua
ge=dflt;!
Missing character: There is no 坐 in font DejaVu Sans Mono/OT:script=latn;langua
ge=dflt;!
Missing character: There is no 座 in font DejaVu Sans Mono/OT:script=latn;langua
ge=dflt;!
Missing character: There is no 撮 in font DejaVu Sans Mono/OT:script=latn;langua
ge=dflt;!
Missing character: There is no 琢 in font DejaVu Sans Mono/OT:script=latn;langua
ge=dflt;!
Missing character: There is no 柞 in font DejaVu Sans Mono/OT:script=latn;langua
ge=dflt;!
[884]
Missing character: There is no 按 in font [FreeSerif.otf]/OT:script=latn;languag
e=dflt;!
Missing character: There is no 照 in font [FreeSerif.otf]/OT:script=latn;languag
e=dflt;!
Missing character: There is no 上 in font [FreeSerif.otf]/OT:script=latn;languag
e=dflt;!
Missing character: There is no 面 in font [FreeSerif.otf]/OT:script=latn;languag
e=dflt;!
Missing character: There is no 的 in font [FreeSerif.otf]/OT:script=latn;languag
e=dflt;!
Missing character: There is no 词 in font [FreeSerif.otf]/OT:script=latn;languag
e=dflt;!
Missing character: There is no 库 in font [FreeSerif.otf]/OT:script=latn;languag
e=dflt;!
Missing character: There is no 格 in font [FreeSerif.otf]/OT:script=latn;languag
e=dflt;!
Missing character: There is no 式 in font [FreeSerif.otf]/OT:script=latn;languag
e=dflt;!
Missing character: There is no 编 in font [FreeSerif.otf]/OT:script=latn;languag
e=dflt;!
Missing character: There is no 写 in font [FreeSerif.otf]/OT:script=latn;languag
e=dflt;!
Missing character: There is no 好 in font [FreeSerif.otf]/OT:script=latn;languag
e=dflt;!
Missing character: There is no 自 in font [FreeSerif.otf]/OT:script=latn;languag
e=dflt;!
Missing character: There is no 己 in font [FreeSerif.otf]/OT:script=latn;languag
e=dflt;!
Missing character: There is no 的 in font [FreeSerif.otf]/OT:script=latn;languag
e=dflt;!
Missing character: There is no 词 in font [FreeSerif.otf]/OT:script=latn;languag
e=dflt;!
Missing character: There is no 库 in font [FreeSerif.otf]/OT:script=latn;languag
e=dflt;!
Missing character: There is no 之 in font [FreeSerif.otf]/OT:script=latn;languag
e=dflt;!
Missing character: There is no 后 in font [FreeSerif.otf]/OT:script=latn;languag
e=dflt;!
Missing character: There is no ， in font [FreeSerif.otf]/OT:script=latn;languag
e=dflt;!
Missing character: There is no 参 in font [FreeSerif.otf]/OT:script=latn;languag
e=dflt;!
Missing character: There is no 考 in font [FreeSerif.otf]/OT:script=latn;languag
e=dflt;!
Missing character: There is no 下 in font [FreeSerif.otf]/OT:script=latn;languag
e=dflt;!
Missing character: There is no 面 in font [FreeSerif.otf]/OT:script=latn;languag
e=dflt;!
Missing character: There is no 的 in font [FreeSerif.otf]/OT:script=latn;languag
e=dflt;!
Missing character: There is no 用 in font [FreeSerif.otf]/OT:script=latn;languag
e=dflt;!
Missing character: There is no 法 in font [FreeSerif.otf]/OT:script=latn;languag
e=dflt;!
Missing character: There is no ， in font [FreeSerif.otf]/OT:script=latn;languag
e=dflt;!
Missing character: There is no 调 in font [FreeSerif.otf]/OT:script=latn;languag
e=dflt;!
Missing character: There is no 用 in font [FreeSerif.otf]/OT:script=latn;languag
e=dflt;!
Missing character: There is no 函 in font [FreeSerif.otf]/OT:script=latn;languag
e=dflt;!
Missing character: There is no 数 in font [FreeSerif.otf]/OT:script=latn;languag
e=dflt;!
Missing character: There is no 即 in font [FreeSerif.otf]/OT:script=latn;languag
e=dflt;!
Missing character: There is no 可 in font [FreeSerif.otf]/OT:script=latn;languag
e=dflt;!
Missing character: There is no 设 in font [FreeSerif.otf]/OT:script=latn;languag
e=dflt;!
Missing character: There is no 置 in font [FreeSerif.otf]/OT:script=latn;languag
e=dflt;!
Missing character: There is no 和 in font [FreeSerif.otf]/OT:script=latn;languag
e=dflt;!
Missing character: There is no 使 in font [FreeSerif.otf]/OT:script=latn;languag
e=dflt;!
Missing character: There is no 用 in font [FreeSerif.otf]/OT:script=latn;languag
e=dflt;!
Missing character: There is no 新 in font [FreeSerif.otf]/OT:script=latn;languag
e=dflt;!
Missing character: There is no 词 in font [FreeSerif.otf]/OT:script=latn;languag
e=dflt;!
Missing character: There is no 库 in font [FreeSerif.otf]/OT:script=latn;languag
e=dflt;!
Missing character: There is no ： in font [FreeSerif.otf]/OT:script=latn;languag
e=dflt;!

Underfull \hbox (badness 10000) in paragraph at lines 86385--86387
[]\TU/FreeSerif(0)/m/n/10 按照上面的词库格式编写好自己的词库之后，参考下面的用法，调用 \TU/DejaVuSansMono(0)/
m/it/10 lv_100ask_pinyin_ime_set_dict(pinyin_ime,
 []

Missing character: There is no 支 in font [FreeSerif.otf]/OT:script=latn;languag
e=dflt;!
Missing character: There is no 持 in font [FreeSerif.otf]/OT:script=latn;languag
e=dflt;!
Missing character: There is no 键 in font [FreeSerif.otf]/OT:script=latn;languag
e=dflt;!
Missing character: There is no 和 in font [FreeSerif.otf]/OT:script=latn;languag
e=dflt;!
Missing character: There is no 键 in font [FreeSerif.otf]/OT:script=latn;languag
e=dflt;!
Missing character: There is no 输 in font [FreeSerif.otf]/OT:script=latn;languag
e=dflt;!
Missing character: There is no 入 in font [FreeSerif.otf]/OT:script=latn;languag
e=dflt;!
Missing character: There is no 模 in font [FreeSerif.otf]/OT:script=latn;languag
e=dflt;!
Missing character: There is no 式 in font [FreeSerif.otf]/OT:script=latn;languag
e=dflt;!
Missing character: There is no 。 in font [FreeSerif.otf]/OT:script=latn;languag
e=dflt;!
Missing character: There is no 模 in font [FreeSerif.otf]/OT:script=latn;languag
e=dflt;!
Missing character: There is no 式 in font [FreeSerif.otf]/OT:script=latn;languag
e=dflt;!
Missing character: There is no 的 in font [FreeSerif.otf]/OT:script=latn;languag
e=dflt;!
Missing character: There is no 切 in font [FreeSerif.otf]/OT:script=latn;languag
e=dflt;!
Missing character: There is no 换 in font [FreeSerif.otf]/OT:script=latn;languag
e=dflt;!
Missing character: There is no 非 in font [FreeSerif.otf]/OT:script=latn;languag
e=dflt;!
Missing character: There is no 常 in font [FreeSerif.otf]/OT:script=latn;languag
e=dflt;!
Missing character: There is no 简 in font [FreeSerif.otf]/OT:script=latn;languag
e=dflt;!
Missing character: There is no 单 in font [FreeSerif.otf]/OT:script=latn;languag
e=dflt;!
Missing character: There is no ， in font [FreeSerif.otf]/OT:script=latn;languag
e=dflt;!
Missing character: There is no 只 in font [FreeSerif.otf]/OT:script=latn;languag
e=dflt;!
Missing character: There is no 需 in font [FreeSerif.otf]/OT:script=latn;languag
e=dflt;!
Missing character: There is no 调 in font [FreeSerif.otf]/OT:script=latn;languag
e=dflt;!
Missing character: There is no 用 in font [FreeSerif.otf]/OT:script=latn;languag
e=dflt;!
Missing character: There is no 函 in font [FreeSerif.otf]/OT:script=latn;languag
e=dflt;!
Missing character: There is no 数 in font [FreeSerif.otf]/OT:script=latn;languag
e=dflt;!
Missing character: There is no 即 in font [FreeSerif.otf]/OT:script=latn;languag
e=dflt;!
Missing character: There is no 可 in font [FreeSerif.otf]/OT:script=latn;languag
e=dflt;!
Missing character: There is no 。 in font [FreeSerif.otf]/OT:script=latn;languag
e=dflt;!
Missing character: There is no 如 in font [FreeSerif.otf]/OT:script=latn;languag
e=dflt;!
Missing character: There is no 果 in font [FreeSerif.otf]/OT:script=latn;languag
e=dflt;!
Missing character: There is no 函 in font [FreeSerif.otf]/OT:script=latn;languag
e=dflt;!
Missing character: There is no 数 in font [FreeSerif.otf]/OT:script=latn;languag
e=dflt;!
Missing character: There is no 的 in font [FreeSerif.otf]/OT:script=latn;languag
e=dflt;!
Missing character: There is no 第 in font [FreeSerif.otf]/OT:script=latn;languag
e=dflt;!
Missing character: There is no 个 in font [FreeSerif.otf]/OT:script=latn;languag
e=dflt;!
Missing character: There is no 参 in font [FreeSerif.otf]/OT:script=latn;languag
e=dflt;!
Missing character: There is no 数 in font [FreeSerif.otf]/OT:script=latn;languag
e=dflt;!
Missing character: There is no 为 in font [FreeSerif.otf]/OT:script=latn;languag
e=dflt;!
Missing character: There is no 则 in font [FreeSerif.otf]/OT:script=latn;languag
e=dflt;!
Missing character: There is no 切 in font [FreeSerif.otf]/OT:script=latn;languag
e=dflt;!
Missing character: There is no 换 in font [FreeSerif.otf]/OT:script=latn;languag
e=dflt;!
Missing character: There is no 到 in font [FreeSerif.otf]/OT:script=latn;languag
e=dflt;!
Missing character: There is no 键 in font [FreeSerif.otf]/OT:script=latn;languag
e=dflt;!
Missing character: There is no 输 in font [FreeSerif.otf]/OT:script=latn;languag
e=dflt;!
Missing character: There is no 入 in font [FreeSerif.otf]/OT:script=latn;languag
e=dflt;!
Missing character: There is no 模 in font [FreeSerif.otf]/OT:script=latn;languag
e=dflt;!
Missing character: There is no 式 in font [FreeSerif.otf]/OT:script=latn;languag
e=dflt;!
Missing character: There is no ， in font [FreeSerif.otf]/OT:script=latn;languag
e=dflt;!
Missing character: There is no 如 in font [FreeSerif.otf]/OT:script=latn;languag
e=dflt;!
Missing character: There is no 果 in font [FreeSerif.otf]/OT:script=latn;languag
e=dflt;!
Missing character: There is no 为 in font [FreeSerif.otf]/OT:script=latn;languag
e=dflt;!
Missing character: There is no 则 in font [FreeSerif.otf]/OT:script=latn;languag
e=dflt;!
Missing character: There is no 切 in font [FreeSerif.otf]/OT:script=latn;languag
e=dflt;!
Missing character: There is no 换 in font [FreeSerif.otf]/OT:script=latn;languag
e=dflt;!
Missing character: There is no 到 in font [FreeSerif.otf]/OT:script=latn;languag
e=dflt;!
Missing character: There is no 键 in font [FreeSerif.otf]/OT:script=latn;languag
e=dflt;!
Missing character: There is no 输 in font [FreeSerif.otf]/OT:script=latn;languag
e=dflt;!
Missing character: There is no 入 in font [FreeSerif.otf]/OT:script=latn;languag
e=dflt;!
Missing character: There is no 法 in font [FreeSerif.otf]/OT:script=latn;languag
e=dflt;!
Missing character: There is no 模 in font [FreeSerif.otf]/OT:script=latn;languag
e=dflt;!
Missing character: There is no 式 in font [FreeSerif.otf]/OT:script=latn;languag
e=dflt;!
Missing character: There is no ， in font [FreeSerif.otf]/OT:script=latn;languag
e=dflt;!
Missing character: There is no 默 in font [FreeSerif.otf]/OT:script=latn;languag
e=dflt;!
Missing character: There is no 认 in font [FreeSerif.otf]/OT:script=latn;languag
e=dflt;!
Missing character: There is no 为 in font [FreeSerif.otf]/OT:script=latn;languag
e=dflt;!
Missing character: There is no 。 in font [FreeSerif.otf]/OT:script=latn;languag
e=dflt;!

Underfull \hbox (badness 10000) in paragraph at lines 86403--86405
[]\TU/DejaVuSansMono(0)/m/it/10 lv_ime_pinyin \TU/FreeSerif(0)/m/n/10 支持26键和9键输
入模式。模式的切换非常简单，只需调用函数 \TU/DejaVuSansMono(0)/m/it/10 lv_ime_pinyin_set_mode \TU/F
reeSerif(0)/m/n/10 即可。如果函数
 []

Missing character: There is no 嵌 in font DejaVu Sans Mono/OT:script=latn;langua
ge=dflt;!
Missing character: There is no 入 in font DejaVu Sans Mono/OT:script=latn;langua
ge=dflt;!
Missing character: There is no 式 in font DejaVu Sans Mono/OT:script=latn;langua
ge=dflt;!
Missing character: There is no 系 in font DejaVu Sans Mono/OT:script=latn;langua
ge=dflt;!
Missing character: There is no 统 in font DejaVu Sans Mono/OT:script=latn;langua
ge=dflt;!
Missing character: There is no （ in font DejaVu Sans Mono/OT:script=latn;langua
ge=dflt;!
Missing character: There is no ） in font DejaVu Sans Mono/OT:script=latn;langua
ge=dflt;!
Missing character: There is no ， in font DejaVu Sans Mono/OT:script=latn;langua
ge=dflt;!
Missing character: There is no 是 in font DejaVu Sans Mono/OT:script=latn;langua
ge=dflt;!
Missing character: There is no 一 in font DejaVu Sans Mono/OT:script=latn;langua
ge=dflt;!
Missing character: There is no 种 in font DejaVu Sans Mono/OT:script=latn;langua
ge=dflt;!
Missing character: There is no 嵌 in font DejaVu Sans Mono/OT:script=latn;langua
ge=dflt;!
Missing character: There is no 入 in font DejaVu Sans Mono/OT:script=latn;langua
ge=dflt;!
Missing character: There is no 机 in font DejaVu Sans Mono/OT:script=latn;langua
ge=dflt;!
Missing character: There is no 械 in font DejaVu Sans Mono/OT:script=latn;langua
ge=dflt;!
Missing character: There is no 或 in font DejaVu Sans Mono/OT:script=latn;langua
ge=dflt;!
Missing character: There is no 电 in font DejaVu Sans Mono/OT:script=latn;langua
ge=dflt;!
Missing character: There is no 气 in font DejaVu Sans Mono/OT:script=latn;langua
ge=dflt;!
Missing character: There is no 系 in font DejaVu Sans Mono/OT:script=latn;langua
ge=dflt;!
Missing character: There is no 统 in font DejaVu Sans Mono/OT:script=latn;langua
ge=dflt;!
Missing character: There is no 内 in font DejaVu Sans Mono/OT:script=latn;langua
ge=dflt;!
Missing character: There is no 部 in font DejaVu Sans Mono/OT:script=latn;langua
ge=dflt;!
Missing character: There is no 、 in font DejaVu Sans Mono/OT:script=latn;langua
ge=dflt;!
Missing character: There is no 具 in font DejaVu Sans Mono/OT:script=latn;langua
ge=dflt;!
Missing character: There is no 有 in font DejaVu Sans Mono/OT:script=latn;langua
ge=dflt;!
Missing character: There is no 专 in font DejaVu Sans Mono/OT:script=latn;langua
ge=dflt;!
Missing character: There is no 一 in font DejaVu Sans Mono/OT:script=latn;langua
ge=dflt;!
Missing character: There is no 功 in font DejaVu Sans Mono/OT:script=latn;langua
ge=dflt;!
Missing character: There is no 能 in font DejaVu Sans Mono/OT:script=latn;langua
ge=dflt;!
Missing character: There is no 和 in font DejaVu Sans Mono/OT:script=latn;langua
ge=dflt;!
Missing character: There is no 实 in font DejaVu Sans Mono/OT:script=latn;langua
ge=dflt;!
Missing character: There is no 时 in font DejaVu Sans Mono/OT:script=latn;langua
ge=dflt;!
Missing character: There is no 计 in font DejaVu Sans Mono/OT:script=latn;langua
ge=dflt;!
Missing character: There is no 算 in font DejaVu Sans Mono/OT:script=latn;langua
ge=dflt;!
Missing character: There is no 性 in font DejaVu Sans Mono/OT:script=latn;langua
ge=dflt;!
Missing character: There is no 能 in font DejaVu Sans Mono/OT:script=latn;langua
ge=dflt;!
Missing character: There is no 的 in font DejaVu Sans Mono/OT:script=latn;langua
ge=dflt;!
Missing character: There is no 计 in font DejaVu Sans Mono/OT:script=latn;langua
ge=dflt;!
Missing character: There is no 算 in font DejaVu Sans Mono/OT:script=latn;langua
ge=dflt;!
Missing character: There is no 机 in font DejaVu Sans Mono/OT:script=latn;langua
ge=dflt;!
Missing character: There is no 系 in font DejaVu Sans Mono/OT:script=latn;langua
ge=dflt;!
Missing character: There is no 统 in font DejaVu Sans Mono/OT:script=latn;langua
ge=dflt;!
Missing character: There is no 。 in font DejaVu Sans Mono/OT:script=latn;langua
ge=dflt;!
[885]
Missing character: There is no 嵌 in font DejaVu Sans Mono/OT:script=latn;langua
ge=dflt;!
Missing character: There is no 入 in font DejaVu Sans Mono/OT:script=latn;langua
ge=dflt;!
Missing character: There is no 式 in font DejaVu Sans Mono/OT:script=latn;langua
ge=dflt;!
Missing character: There is no 系 in font DejaVu Sans Mono/OT:script=latn;langua
ge=dflt;!
Missing character: There is no 统 in font DejaVu Sans Mono/OT:script=latn;langua
ge=dflt;!
Missing character: There is no （ in font DejaVu Sans Mono/OT:script=latn;langua
ge=dflt;!
Missing character: There is no ） in font DejaVu Sans Mono/OT:script=latn;langua
ge=dflt;!
Missing character: There is no ， in font DejaVu Sans Mono/OT:script=latn;langua
ge=dflt;!
Missing character: There is no 是 in font DejaVu Sans Mono/OT:script=latn;langua
ge=dflt;!
Missing character: There is no 一 in font DejaVu Sans Mono/OT:script=latn;langua
ge=dflt;!
Missing character: There is no 种 in font DejaVu Sans Mono/OT:script=latn;langua
ge=dflt;!
Missing character: There is no 嵌 in font DejaVu Sans Mono/OT:script=latn;langua
ge=dflt;!
Missing character: There is no 入 in font DejaVu Sans Mono/OT:script=latn;langua
ge=dflt;!
Missing character: There is no 机 in font DejaVu Sans Mono/OT:script=latn;langua
ge=dflt;!
Missing character: There is no 械 in font DejaVu Sans Mono/OT:script=latn;langua
ge=dflt;!
Missing character: There is no 或 in font DejaVu Sans Mono/OT:script=latn;langua
ge=dflt;!
Missing character: There is no 电 in font DejaVu Sans Mono/OT:script=latn;langua
ge=dflt;!
Missing character: There is no 气 in font DejaVu Sans Mono/OT:script=latn;langua
ge=dflt;!
Missing character: There is no 系 in font DejaVu Sans Mono/OT:script=latn;langua
ge=dflt;!
Missing character: There is no 统 in font DejaVu Sans Mono/OT:script=latn;langua
ge=dflt;!
Missing character: There is no 内 in font DejaVu Sans Mono/OT:script=latn;langua
ge=dflt;!
Missing character: There is no 部 in font DejaVu Sans Mono/OT:script=latn;langua
ge=dflt;!
Missing character: There is no 、 in font DejaVu Sans Mono/OT:script=latn;langua
ge=dflt;!
Missing character: There is no 具 in font DejaVu Sans Mono/OT:script=latn;langua
ge=dflt;!
Missing character: There is no 有 in font DejaVu Sans Mono/OT:script=latn;langua
ge=dflt;!
Missing character: There is no 专 in font DejaVu Sans Mono/OT:script=latn;langua
ge=dflt;!
Missing character: There is no 一 in font DejaVu Sans Mono/OT:script=latn;langua
ge=dflt;!
Missing character: There is no 功 in font DejaVu Sans Mono/OT:script=latn;langua
ge=dflt;!
Missing character: There is no 能 in font DejaVu Sans Mono/OT:script=latn;langua
ge=dflt;!
Missing character: There is no 和 in font DejaVu Sans Mono/OT:script=latn;langua
ge=dflt;!
Missing character: There is no 实 in font DejaVu Sans Mono/OT:script=latn;langua
ge=dflt;!
Missing character: There is no 时 in font DejaVu Sans Mono/OT:script=latn;langua
ge=dflt;!
Missing character: There is no 计 in font DejaVu Sans Mono/OT:script=latn;langua
ge=dflt;!
Missing character: There is no 算 in font DejaVu Sans Mono/OT:script=latn;langua
ge=dflt;!
Missing character: There is no 性 in font DejaVu Sans Mono/OT:script=latn;langua
ge=dflt;!
Missing character: There is no 能 in font DejaVu Sans Mono/OT:script=latn;langua
ge=dflt;!
Missing character: There is no 的 in font DejaVu Sans Mono/OT:script=latn;langua
ge=dflt;!
Missing character: There is no 计 in font DejaVu Sans Mono/OT:script=latn;langua
ge=dflt;!
Missing character: There is no 算 in font DejaVu Sans Mono/OT:script=latn;langua
ge=dflt;!
Missing character: There is no 机 in font DejaVu Sans Mono/OT:script=latn;langua
ge=dflt;!
Missing character: There is no 系 in font DejaVu Sans Mono/OT:script=latn;langua
ge=dflt;!
Missing character: There is no 统 in font DejaVu Sans Mono/OT:script=latn;langua
ge=dflt;!
Missing character: There is no 。 in font DejaVu Sans Mono/OT:script=latn;langua
ge=dflt;!
 [886] [887] [888] [889] [890]
Chapter 10.
[891

] [892] [893] [894] [895] [896] [897] [898]
Chapter 11.
[899

] [900] [901] [902] [903] [904] [905] [906] [907] [908] [909] [910]
[911] [912] [913] [914] [915] [916] [917] [918] [919] [920] [921] [922]
[923] [924] [925] [926] [927] [928] [929] [930] [931] [932] [933] [934]
[935] [936] [937] [938] [939] [940] [941] [942] [943] [944] [945] [946]
[947] [948] [949]
Underfull \hbox (badness 10000) in paragraph at lines 94213--94215
[]\TU/FreeSerif(0)/m/n/10 send gestures event if the object was dragged. User c
an check dragging with
 []

[950]
Underfull \hbox (badness 10000) in paragraph at lines 94322--94324
[]\TU/FreeSerif(0)/m/n/10 Add \TU/DejaVuSansMono(0)/m/it/10 lv_event_send_refre
sh\TU/FreeSerif(0)/m/n/10 , \TU/DejaVuSansMono(0)/m/it/10 lv_event_send_refresh
_recursive \TU/FreeSerif(0)/m/n/10 to easily send
 []

[951]
Underfull \hbox (badness 10000) in paragraph at lines 94427--94429
[]\TU/FreeSerif(0)/m/n/10 Add \TU/DejaVuSansMono(0)/m/it/10 lv_chart_set_y_rang
e() \TU/FreeSerif(0)/m/n/10 to allow setting range of secondary y-axis (based o
n
 []

[952] [953] [954] [955] [956] [957] [958]
Chapter 12.
(./LVGL.ind [959

]
Underfull \hbox (badness 10000) in paragraph at lines 12--13
[]\TU/DejaVuSansMono(0)/m/it/10 _lv_anim_t::current_value \TU/FreeSerif(0)/m/n/
10 (\TU/FreeSerif(0)/m/it/10 C++ member\TU/FreeSerif(0)/m/n/10 ),
 []


Underfull \hbox (badness 10000) in paragraph at lines 21--22
[]\TU/DejaVuSansMono(0)/m/it/10 _lv_anim_t::playback_time \TU/FreeSerif(0)/m/n/
10 (\TU/FreeSerif(0)/m/it/10 C++ member\TU/FreeSerif(0)/m/n/10 ),
 []


Underfull \hbox (badness 10000) in paragraph at lines 38--39
[]\TU/DejaVuSansMono(0)/m/it/10 _lv_color_filter_dsc_t::filter_cb \TU/FreeSerif
(0)/m/n/10 (\TU/FreeSerif(0)/m/it/10 C++
 []


Underfull \hbox (badness 10000) in paragraph at lines 39--40
[]\TU/DejaVuSansMono(0)/m/it/10 _lv_color_filter_dsc_t::user_data \TU/FreeSerif
(0)/m/n/10 (\TU/FreeSerif(0)/m/it/10 C++
 []


Underfull \hbox (badness 10000) in paragraph at lines 41--42
[]\TU/DejaVuSansMono(0)/m/it/10 _lv_disp_draw_buf_t::buf1 \TU/FreeSerif(0)/m/n/
10 (\TU/FreeSerif(0)/m/it/10 C++ member\TU/FreeSerif(0)/m/n/10 ),
 []


Underfull \hbox (badness 10000) in paragraph at lines 42--43
[]\TU/DejaVuSansMono(0)/m/it/10 _lv_disp_draw_buf_t::buf2 \TU/FreeSerif(0)/m/n/
10 (\TU/FreeSerif(0)/m/it/10 C++ member\TU/FreeSerif(0)/m/n/10 ),
 []


Underfull \hbox (badness 10000) in paragraph at lines 43--44
[]\TU/DejaVuSansMono(0)/m/it/10 _lv_disp_draw_buf_t::buf_act \TU/FreeSerif(0)/m
/n/10 (\TU/FreeSerif(0)/m/it/10 C++ mem-
 []


Underfull \hbox (badness 10000) in paragraph at lines 48--49
[]\TU/DejaVuSansMono(0)/m/it/10 _lv_disp_draw_buf_t::size \TU/FreeSerif(0)/m/n/
10 (\TU/FreeSerif(0)/m/it/10 C++ member\TU/FreeSerif(0)/m/n/10 ),
 []


Underfull \hbox (badness 10000) in paragraph at lines 50--51
[]\TU/DejaVuSansMono(0)/m/it/10 _lv_disp_drv_t::antialiasing \TU/FreeSerif(0)/m
/n/10 (\TU/FreeSerif(0)/m/it/10 C++ mem-
 []


Underfull \hbox (badness 10000) in paragraph at lines 51--52
[]\TU/DejaVuSansMono(0)/m/it/10 _lv_disp_drv_t::clean_dcache_cb \TU/FreeSerif(0
)/m/n/10 (\TU/FreeSerif(0)/m/it/10 C++
 []


Underfull \hbox (badness 10000) in paragraph at lines 53--54
[]\TU/DejaVuSansMono(0)/m/it/10 _lv_disp_drv_t::color_chroma_key \TU/FreeSerif(
0)/m/n/10 (\TU/FreeSerif(0)/m/it/10 C++
 []


Underfull \hbox (badness 10000) in paragraph at lines 58--59
[]\TU/DejaVuSansMono(0)/m/it/10 _lv_disp_drv_t::draw_ctx_deinit \TU/FreeSerif(0
)/m/n/10 (\TU/FreeSerif(0)/m/it/10 C++
 []


Underfull \hbox (badness 10000) in paragraph at lines 63--64
[]\TU/DejaVuSansMono(0)/m/it/10 _lv_disp_drv_t::full_refresh \TU/FreeSerif(0)/m
/n/10 (\TU/FreeSerif(0)/m/it/10 C++ mem-
 []

[960


]
Underfull \hbox (badness 10000) in paragraph at lines 68--69
[]\TU/DejaVuSansMono(0)/m/it/10 _lv_disp_drv_t::physical_hor_res \TU/FreeSerif(
0)/m/n/10 (\TU/FreeSerif(0)/m/it/10 C++
 []


Underfull \hbox (badness 10000) in paragraph at lines 69--70
[]\TU/DejaVuSansMono(0)/m/it/10 _lv_disp_drv_t::physical_ver_res \TU/FreeSerif(
0)/m/n/10 (\TU/FreeSerif(0)/m/it/10 C++
 []


Underfull \hbox (badness 10000) in paragraph at lines 70--71
[]\TU/DejaVuSansMono(0)/m/it/10 _lv_disp_drv_t::render_start_cb \TU/FreeSerif(0
)/m/n/10 (\TU/FreeSerif(0)/m/it/10 C++
 []


Underfull \hbox (badness 10000) in paragraph at lines 74--75
[]\TU/DejaVuSansMono(0)/m/it/10 _lv_disp_drv_t::set_px_cb \TU/FreeSerif(0)/m/n/
10 (\TU/FreeSerif(0)/m/it/10 C++ member\TU/FreeSerif(0)/m/n/10 ),
 []


Underfull \hbox (badness 10000) in paragraph at lines 75--76
[]\TU/DejaVuSansMono(0)/m/it/10 _lv_disp_drv_t::sw_rotate \TU/FreeSerif(0)/m/n/
10 (\TU/FreeSerif(0)/m/it/10 C++ member\TU/FreeSerif(0)/m/n/10 ),
 []


Underfull \hbox (badness 10000) in paragraph at lines 76--77
[]\TU/DejaVuSansMono(0)/m/it/10 _lv_disp_drv_t::user_data \TU/FreeSerif(0)/m/n/
10 (\TU/FreeSerif(0)/m/it/10 C++ member\TU/FreeSerif(0)/m/n/10 ),
 []


Underfull \hbox (badness 10000) in paragraph at lines 95--96
[]\TU/DejaVuSansMono(0)/m/it/10 _lv_disp_t::rendering_in_progress \TU/FreeSerif
(0)/m/n/10 (\TU/FreeSerif(0)/m/it/10 C++
 []


Underfull \hbox (badness 10000) in paragraph at lines 104--105
[]\TU/DejaVuSansMono(0)/m/it/10 _lv_fragment_class_t::attached_cb \TU/FreeSerif
(0)/m/n/10 (\TU/FreeSerif(0)/m/it/10 C++
 []


Underfull \hbox (badness 10000) in paragraph at lines 105--106
[]\TU/DejaVuSansMono(0)/m/it/10 _lv_fragment_class_t::constructor_cb
 []


Underfull \hbox (badness 10000) in paragraph at lines 106--107
[]\TU/DejaVuSansMono(0)/m/it/10 _lv_fragment_class_t::create_obj_cb
 []


Underfull \hbox (badness 10000) in paragraph at lines 107--108
[]\TU/DejaVuSansMono(0)/m/it/10 _lv_fragment_class_t::destructor_cb
 []


Underfull \hbox (badness 10000) in paragraph at lines 108--109
[]\TU/DejaVuSansMono(0)/m/it/10 _lv_fragment_class_t::detached_cb \TU/FreeSerif
(0)/m/n/10 (\TU/FreeSerif(0)/m/it/10 C++
 []


Underfull \hbox (badness 10000) in paragraph at lines 110--111
[]\TU/DejaVuSansMono(0)/m/it/10 _lv_fragment_class_t::instance_size
 []


Underfull \hbox (badness 10000) in paragraph at lines 111--112
[]\TU/DejaVuSansMono(0)/m/it/10 _lv_fragment_class_t::obj_created_cb
 []


Underfull \hbox (badness 10000) in paragraph at lines 112--113
[]\TU/DejaVuSansMono(0)/m/it/10 _lv_fragment_class_t::obj_deleted_cb
 []


Overfull \hbox (10.94281pt too wide) in paragraph at lines 113--115
[]\TU/DejaVuSansMono(0)/m/it/10 _lv_fragment_class_t::obj_will_delete_cb
 []


Overfull \hbox (10.94281pt too wide) in paragraph at lines 117--119
[]\TU/DejaVuSansMono(0)/m/it/10 _lv_fragment_managed_states_t::container
 []


Overfull \hbox (41.04535pt too wide) in paragraph at lines 119--121
[]\TU/DejaVuSansMono(0)/m/it/10 _lv_fragment_managed_states_t::destroying_obj
 []


Overfull \hbox (4.9223pt too wide) in paragraph at lines 121--123
[]\TU/DejaVuSansMono(0)/m/it/10 _lv_fragment_managed_states_t::in_stack
 []


Overfull \hbox (4.9223pt too wide) in paragraph at lines 123--125
[]\TU/DejaVuSansMono(0)/m/it/10 _lv_fragment_managed_states_t::instance
 []


Underfull \hbox (badness 10000) in paragraph at lines 125--127
[]\TU/DejaVuSansMono(0)/m/it/10 _lv_fragment_managed_states_t::manager
 []


Overfull \hbox (22.98383pt too wide) in paragraph at lines 127--129
[]\TU/DejaVuSansMono(0)/m/it/10 _lv_fragment_managed_states_t::obj_created
 []


Underfull \hbox (badness 10000) in paragraph at lines 138--139
[]\TU/DejaVuSansMono(0)/m/it/10 _lv_fs_drv_t::dir_open_cb \TU/FreeSerif(0)/m/n/
10 (\TU/FreeSerif(0)/m/it/10 C++ member\TU/FreeSerif(0)/m/n/10 ),
 []


Underfull \hbox (badness 10000) in paragraph at lines 139--140
[]\TU/DejaVuSansMono(0)/m/it/10 _lv_fs_drv_t::dir_read_cb \TU/FreeSerif(0)/m/n/
10 (\TU/FreeSerif(0)/m/it/10 C++ member\TU/FreeSerif(0)/m/n/10 ),
 []

[961]
Underfull \hbox (badness 10000) in paragraph at lines 160--161
[]\TU/DejaVuSansMono(0)/m/it/10 _lv_img_buf_get_transformed_area \TU/FreeSerif(
0)/m/n/10 (\TU/FreeSerif(0)/m/it/10 C++
 []


Underfull \hbox (badness 10000) in paragraph at lines 163--164
[]\TU/DejaVuSansMono(0)/m/it/10 _lv_indev_drv_t::feedback_cb \TU/FreeSerif(0)/m
/n/10 (\TU/FreeSerif(0)/m/it/10 C++ mem-
 []


Underfull \hbox (badness 10000) in paragraph at lines 165--167
[]\TU/DejaVuSansMono(0)/m/it/10 _lv_indev_drv_t::gesture_min_velocity
 []


Overfull \hbox (4.9223pt too wide) in paragraph at lines 167--169
[]\TU/DejaVuSansMono(0)/m/it/10 _lv_indev_drv_t::long_press_repeat_time
 []


Underfull \hbox (badness 10000) in paragraph at lines 169--170
[]\TU/DejaVuSansMono(0)/m/it/10 _lv_indev_drv_t::long_press_time \TU/FreeSerif(
0)/m/n/10 (\TU/FreeSerif(0)/m/it/10 C++
 []


Underfull \hbox (badness 10000) in paragraph at lines 178--179
[]\TU/DejaVuSansMono(0)/m/it/10 _lv_indev_proc_t::act_obj \TU/FreeSerif(0)/m/n/
10 (\TU/FreeSerif(0)/m/it/10 C++ member\TU/FreeSerif(0)/m/n/10 ),
 []


Underfull \hbox (badness 10000) in paragraph at lines 188--189
[]\TU/DejaVuSansMono(0)/m/it/10 _lv_indev_proc_t::last_point \TU/FreeSerif(0)/m
/n/10 (\TU/FreeSerif(0)/m/it/10 C++ mem-
 []


Underfull \hbox (badness 10000) in paragraph at lines 190--191
[]\TU/DejaVuSansMono(0)/m/it/10 _lv_indev_proc_t::last_raw_point \TU/FreeSerif(
0)/m/n/10 (\TU/FreeSerif(0)/m/it/10 C++
 []


Underfull \hbox (badness 10000) in paragraph at lines 191--192
[]\TU/DejaVuSansMono(0)/m/it/10 _lv_indev_proc_t::last_state \TU/FreeSerif(0)/m
/n/10 (\TU/FreeSerif(0)/m/it/10 C++ mem-
 []


Underfull \hbox (badness 10000) in paragraph at lines 193--195
[]\TU/DejaVuSansMono(0)/m/it/10 _lv_indev_proc_t::longpr_rep_timestamp
 []


Underfull \hbox (badness 10000) in paragraph at lines 195--196
[]\TU/DejaVuSansMono(0)/m/it/10 _lv_indev_proc_t::pointer \TU/FreeSerif(0)/m/n/
10 (\TU/FreeSerif(0)/m/it/10 C++ member\TU/FreeSerif(0)/m/n/10 ),
 []


Underfull \hbox (badness 10000) in paragraph at lines 199--200
[]\TU/DejaVuSansMono(0)/m/it/10 _lv_indev_proc_t::scroll_dir \TU/FreeSerif(0)/m
/n/10 (\TU/FreeSerif(0)/m/it/10 C++ mem-
 []


Underfull \hbox (badness 10000) in paragraph at lines 200--201
[]\TU/DejaVuSansMono(0)/m/it/10 _lv_indev_proc_t::scroll_obj \TU/FreeSerif(0)/m
/n/10 (\TU/FreeSerif(0)/m/it/10 C++ mem-
 []


Underfull \hbox (badness 10000) in paragraph at lines 201--202
[]\TU/DejaVuSansMono(0)/m/it/10 _lv_indev_proc_t::scroll_sum \TU/FreeSerif(0)/m
/n/10 (\TU/FreeSerif(0)/m/it/10 C++ mem-
 []


Underfull \hbox (badness 10000) in paragraph at lines 202--203
[]\TU/DejaVuSansMono(0)/m/it/10 _lv_indev_proc_t::scroll_throw_vect
 []


Overfull \hbox (4.9223pt too wide) in paragraph at lines 203--205
[]\TU/DejaVuSansMono(0)/m/it/10 _lv_indev_proc_t::scroll_throw_vect_ori
 []


Underfull \hbox (badness 10000) in paragraph at lines 208--209
[]\TU/DejaVuSansMono(0)/m/it/10 _lv_indev_proc_t::wait_until_release
 []

[962]
Underfull \hbox (badness 10000) in paragraph at lines 223--224
[]\TU/DejaVuSansMono(0)/m/it/10 _lv_obj_spec_attr_t::group_p \TU/FreeSerif(0)/m
/n/10 (\TU/FreeSerif(0)/m/it/10 C++ mem-
 []


Underfull \hbox (badness 10000) in paragraph at lines 224--225
[]\TU/DejaVuSansMono(0)/m/it/10 _lv_obj_spec_attr_t::layer_type \TU/FreeSerif(0
)/m/n/10 (\TU/FreeSerif(0)/m/it/10 C++
 []


Underfull \hbox (badness 10000) in paragraph at lines 226--227
[]\TU/DejaVuSansMono(0)/m/it/10 _lv_obj_spec_attr_t::scroll_dir \TU/FreeSerif(0
)/m/n/10 (\TU/FreeSerif(0)/m/it/10 C++
 []


Underfull \hbox (badness 10000) in paragraph at lines 229--230
[]\TU/DejaVuSansMono(0)/m/it/10 _lv_obj_spec_attr_t::scrollbar_mode
 []


Overfull \hbox (4.9223pt too wide) in paragraph at lines 238--240
[]\TU/DejaVuSansMono(0)/m/it/10 _lv_obj_t::readjust_scroll_after_layout
 []


Underfull \hbox (badness 10000) in paragraph at lines 240--241
[]\TU/DejaVuSansMono(0)/m/it/10 _lv_obj_t::scr_layout_inv \TU/FreeSerif(0)/m/n/
10 (\TU/FreeSerif(0)/m/it/10 C++ member\TU/FreeSerif(0)/m/n/10 ),
 []


Underfull \hbox (badness 10000) in paragraph at lines 253--254
[]\TU/DejaVuSansMono(0)/m/it/10 _lv_theme_t::color_secondary \TU/FreeSerif(0)/m
/n/10 (\TU/FreeSerif(0)/m/it/10 C++ mem-
 []


Underfull \hbox (badness 10000) in paragraph at lines 266--267
[]\TU/DejaVuSansMono(0)/m/it/10 _lv_timer_t::repeat_count \TU/FreeSerif(0)/m/n/
10 (\TU/FreeSerif(0)/m/it/10 C++ member\TU/FreeSerif(0)/m/n/10 ),
 []


Underfull \hbox (badness 10000) in paragraph at lines 278--279
[]\TU/DejaVuSansMono(0)/m/it/10 [anonymous]::LV_ARC_MODE_NORMAL \TU/FreeSerif(0
)/m/n/10 (\TU/FreeSerif(0)/m/it/10 C++
 []


Underfull \hbox (badness 10000) in paragraph at lines 279--281
[]\TU/DejaVuSansMono(0)/m/it/10 [anonymous]::LV_ARC_MODE_REVERSE \TU/FreeSerif(
0)/m/n/10 (\TU/FreeSerif(0)/m/it/10 C++
 []


Underfull \hbox (badness 10000) in paragraph at lines 281--283
[]\TU/DejaVuSansMono(0)/m/it/10 [anonymous]::LV_ARC_MODE_SYMMETRICAL
 []


Underfull \hbox (badness 10000) in paragraph at lines 283--284
[]\TU/DejaVuSansMono(0)/m/it/10 [anonymous]::LV_BAR_MODE_NORMAL \TU/FreeSerif(0
)/m/n/10 (\TU/FreeSerif(0)/m/it/10 C++
 []


Underfull \hbox (badness 10000) in paragraph at lines 285--287
[]\TU/DejaVuSansMono(0)/m/it/10 [anonymous]::LV_BAR_MODE_SYMMETRICAL
 []


Underfull \hbox (badness 10000) in paragraph at lines 287--289
[]\TU/DejaVuSansMono(0)/m/it/10 [anonymous]::LV_BLEND_MODE_ADDITIVE
 []


Underfull \hbox (badness 10000) in paragraph at lines 289--291
[]\TU/DejaVuSansMono(0)/m/it/10 [anonymous]::LV_BLEND_MODE_MULTIPLY
 []


Underfull \hbox (badness 10000) in paragraph at lines 291--293
[]\TU/DejaVuSansMono(0)/m/it/10 [anonymous]::LV_BLEND_MODE_NORMAL \TU/FreeSerif
(0)/m/n/10 (\TU/FreeSerif(0)/m/it/10 C++
 []


Underfull \hbox (badness 10000) in paragraph at lines 295--297
[]\TU/DejaVuSansMono(0)/m/it/10 [anonymous]::LV_BLEND_MODE_SUBTRACTIVE
 []


Underfull \hbox (badness 10000) in paragraph at lines 299--301
[]\TU/DejaVuSansMono(0)/m/it/10 [anonymous]::LV_BORDER_SIDE_FULL \TU/FreeSerif(
0)/m/n/10 (\TU/FreeSerif(0)/m/it/10 C++
 []


Underfull \hbox (badness 10000) in paragraph at lines 301--303
[]\TU/DejaVuSansMono(0)/m/it/10 [anonymous]::LV_BORDER_SIDE_INTERNAL
 []


Underfull \hbox (badness 10000) in paragraph at lines 303--305
[]\TU/DejaVuSansMono(0)/m/it/10 [anonymous]::LV_BORDER_SIDE_LEFT \TU/FreeSerif(
0)/m/n/10 (\TU/FreeSerif(0)/m/it/10 C++
 []


Underfull \hbox (badness 10000) in paragraph at lines 305--307
[]\TU/DejaVuSansMono(0)/m/it/10 [anonymous]::LV_BORDER_SIDE_NONE \TU/FreeSerif(
0)/m/n/10 (\TU/FreeSerif(0)/m/it/10 C++
 []


Underfull \hbox (badness 10000) in paragraph at lines 307--309
[]\TU/DejaVuSansMono(0)/m/it/10 [anonymous]::LV_BORDER_SIDE_RIGHT \TU/FreeSerif
(0)/m/n/10 (\TU/FreeSerif(0)/m/it/10 C++
 []


Underfull \hbox (badness 10000) in paragraph at lines 309--310
[]\TU/DejaVuSansMono(0)/m/it/10 [anonymous]::LV_BORDER_SIDE_TOP \TU/FreeSerif(0
)/m/n/10 (\TU/FreeSerif(0)/m/it/10 C++
 []


Overfull \hbox (10.94281pt too wide) in paragraph at lines 310--312
[]\TU/DejaVuSansMono(0)/m/it/10 [anonymous]::LV_BTNMATRIX_CTRL_CHECKABLE
 []

[963]
Underfull \hbox (badness 10000) in paragraph at lines 312--314
[]\TU/DejaVuSansMono(0)/m/it/10 [anonymous]::LV_BTNMATRIX_CTRL_CHECKED
 []


Overfull \hbox (16.96332pt too wide) in paragraph at lines 314--316
[]\TU/DejaVuSansMono(0)/m/it/10 [anonymous]::LV_BTNMATRIX_CTRL_CLICK_TRIG
 []


Overfull \hbox (4.9223pt too wide) in paragraph at lines 316--318
[]\TU/DejaVuSansMono(0)/m/it/10 [anonymous]::LV_BTNMATRIX_CTRL_CUSTOM_1
 []


Overfull \hbox (4.9223pt too wide) in paragraph at lines 318--320
[]\TU/DejaVuSansMono(0)/m/it/10 [anonymous]::LV_BTNMATRIX_CTRL_CUSTOM_2
 []


Overfull \hbox (4.9223pt too wide) in paragraph at lines 320--322
[]\TU/DejaVuSansMono(0)/m/it/10 [anonymous]::LV_BTNMATRIX_CTRL_DISABLED
 []


Underfull \hbox (badness 10000) in paragraph at lines 322--324
[]\TU/DejaVuSansMono(0)/m/it/10 [anonymous]::LV_BTNMATRIX_CTRL_HIDDEN
 []


Overfull \hbox (10.94281pt too wide) in paragraph at lines 324--326
[]\TU/DejaVuSansMono(0)/m/it/10 [anonymous]::LV_BTNMATRIX_CTRL_NO_REPEAT
 []


Underfull \hbox (badness 10000) in paragraph at lines 326--328
[]\TU/DejaVuSansMono(0)/m/it/10 [anonymous]::LV_BTNMATRIX_CTRL_POPOVER
 []


Underfull \hbox (badness 10000) in paragraph at lines 328--330
[]\TU/DejaVuSansMono(0)/m/it/10 [anonymous]::LV_BTNMATRIX_CTRL_RECOLOR
 []


Underfull \hbox (badness 10000) in paragraph at lines 330--332
[]\TU/DejaVuSansMono(0)/m/it/10 [anonymous]::LV_CHART_AXIS_PRIMARY_X
 []


Underfull \hbox (badness 10000) in paragraph at lines 332--334
[]\TU/DejaVuSansMono(0)/m/it/10 [anonymous]::LV_CHART_AXIS_PRIMARY_Y
 []


Underfull \hbox (badness 10000) in paragraph at lines 334--336
[]\TU/DejaVuSansMono(0)/m/it/10 [anonymous]::LV_CHART_AXIS_SECONDARY_X
 []


Underfull \hbox (badness 10000) in paragraph at lines 336--338
[]\TU/DejaVuSansMono(0)/m/it/10 [anonymous]::LV_CHART_AXIS_SECONDARY_Y
 []


Underfull \hbox (badness 10000) in paragraph at lines 339--340
[]\TU/DejaVuSansMono(0)/m/it/10 [anonymous]::LV_CHART_TYPE_LINE \TU/FreeSerif(0
)/m/n/10 (\TU/FreeSerif(0)/m/it/10 C++
 []


Underfull \hbox (badness 10000) in paragraph at lines 340--341
[]\TU/DejaVuSansMono(0)/m/it/10 [anonymous]::LV_CHART_TYPE_NONE \TU/FreeSerif(0
)/m/n/10 (\TU/FreeSerif(0)/m/it/10 C++
 []


Overfull \hbox (22.98383pt too wide) in paragraph at lines 343--345
[]\TU/DejaVuSansMono(0)/m/it/10 [anonymous]::LV_CHART_UPDATE_MODE_CIRCULAR
 []


Overfull \hbox (4.9223pt too wide) in paragraph at lines 345--347
[]\TU/DejaVuSansMono(0)/m/it/10 [anonymous]::LV_CHART_UPDATE_MODE_SHIFT
 []


Underfull \hbox (badness 10000) in paragraph at lines 347--349
[]\TU/DejaVuSansMono(0)/m/it/10 [anonymous]::LV_COLORWHEEL_MODE_HUE
 []


Overfull \hbox (22.98383pt too wide) in paragraph at lines 349--351
[]\TU/DejaVuSansMono(0)/m/it/10 [anonymous]::LV_COLORWHEEL_MODE_SATURATION
 []


Underfull \hbox (badness 10000) in paragraph at lines 351--353
[]\TU/DejaVuSansMono(0)/m/it/10 [anonymous]::LV_COLORWHEEL_MODE_VALUE
 []


Underfull \hbox (badness 10000) in paragraph at lines 353--354
[]\TU/DejaVuSansMono(0)/m/it/10 [anonymous]::LV_DITHER_ERR_DIFF \TU/FreeSerif(0
)/m/n/10 (\TU/FreeSerif(0)/m/it/10 C++
 []


Underfull \hbox (badness 6758) in paragraph at lines 359--360
[]\TU/DejaVuSansMono(0)/m/it/10 [anonymous]::LV_FS_RES_DENIED \TU/FreeSerif(0)/
m/n/10 (\TU/FreeSerif(0)/m/it/10 C++ enu-
 []


Underfull \hbox (badness 6758) in paragraph at lines 360--361
[]\TU/DejaVuSansMono(0)/m/it/10 [anonymous]::LV_FS_RES_FS_ERR \TU/FreeSerif(0)/
m/n/10 (\TU/FreeSerif(0)/m/it/10 C++ enu-
 []


Underfull \hbox (badness 6758) in paragraph at lines 362--363
[]\TU/DejaVuSansMono(0)/m/it/10 [anonymous]::LV_FS_RES_HW_ERR \TU/FreeSerif(0)/
m/n/10 (\TU/FreeSerif(0)/m/it/10 C++ enu-
 []


Underfull \hbox (badness 10000) in paragraph at lines 363--365
[]\TU/DejaVuSansMono(0)/m/it/10 [anonymous]::LV_FS_RES_INV_PARAM \TU/FreeSerif(
0)/m/n/10 (\TU/FreeSerif(0)/m/it/10 C++
 []


Underfull \hbox (badness 6758) in paragraph at lines 365--366
[]\TU/DejaVuSansMono(0)/m/it/10 [anonymous]::LV_FS_RES_LOCKED \TU/FreeSerif(0)/
m/n/10 (\TU/FreeSerif(0)/m/it/10 C++ enu-
 []


Underfull \hbox (badness 6758) in paragraph at lines 366--367
[]\TU/DejaVuSansMono(0)/m/it/10 [anonymous]::LV_FS_RES_NOT_EX \TU/FreeSerif(0)/
m/n/10 (\TU/FreeSerif(0)/m/it/10 C++ enu-
 []


Underfull \hbox (badness 10000) in paragraph at lines 369--371
[]\TU/DejaVuSansMono(0)/m/it/10 [anonymous]::LV_FS_RES_OUT_OF_MEM \TU/FreeSerif
(0)/m/n/10 (\TU/FreeSerif(0)/m/it/10 C++
 []


Underfull \hbox (badness 6758) in paragraph at lines 374--375
[]\TU/DejaVuSansMono(0)/m/it/10 [anonymous]::LV_GRAD_DIR_NONE \TU/FreeSerif(0)/
m/n/10 (\TU/FreeSerif(0)/m/it/10 C++ enu-
 []


Underfull \hbox (badness 10000) in paragraph at lines 376--378
[]\TU/DejaVuSansMono(0)/m/it/10 [anonymous]::LV_IMG_CF_ALPHA_1BIT \TU/FreeSerif
(0)/m/n/10 (\TU/FreeSerif(0)/m/it/10 C++
 []


Underfull \hbox (badness 10000) in paragraph at lines 378--380
[]\TU/DejaVuSansMono(0)/m/it/10 [anonymous]::LV_IMG_CF_ALPHA_2BIT \TU/FreeSerif
(0)/m/n/10 (\TU/FreeSerif(0)/m/it/10 C++
 []


Underfull \hbox (badness 10000) in paragraph at lines 380--382
[]\TU/DejaVuSansMono(0)/m/it/10 [anonymous]::LV_IMG_CF_ALPHA_4BIT \TU/FreeSerif
(0)/m/n/10 (\TU/FreeSerif(0)/m/it/10 C++
 []


Underfull \hbox (badness 10000) in paragraph at lines 382--384
[]\TU/DejaVuSansMono(0)/m/it/10 [anonymous]::LV_IMG_CF_ALPHA_8BIT \TU/FreeSerif
(0)/m/n/10 (\TU/FreeSerif(0)/m/it/10 C++
 []


Underfull \hbox (badness 10000) in paragraph at lines 384--386
[]\TU/DejaVuSansMono(0)/m/it/10 [anonymous]::LV_IMG_CF_INDEXED_1BIT
 []


Underfull \hbox (badness 10000) in paragraph at lines 386--388
[]\TU/DejaVuSansMono(0)/m/it/10 [anonymous]::LV_IMG_CF_INDEXED_2BIT
 []


Underfull \hbox (badness 10000) in paragraph at lines 388--390
[]\TU/DejaVuSansMono(0)/m/it/10 [anonymous]::LV_IMG_CF_INDEXED_4BIT
 []


Underfull \hbox (badness 10000) in paragraph at lines 390--392
[]\TU/DejaVuSansMono(0)/m/it/10 [anonymous]::LV_IMG_CF_INDEXED_8BIT
 []


Underfull \hbox (badness 10000) in paragraph at lines 393--395
[]\TU/DejaVuSansMono(0)/m/it/10 [anonymous]::LV_IMG_CF_RAW_ALPHA \TU/FreeSerif(
0)/m/n/10 (\TU/FreeSerif(0)/m/it/10 C++
 []


Overfull \hbox (4.9223pt too wide) in paragraph at lines 395--397
[]\TU/DejaVuSansMono(0)/m/it/10 [anonymous]::LV_IMG_CF_RAW_CHROMA_KEYED
 []

[964]
Underfull \hbox (badness 6741) in paragraph at lines 415--416
[]\TU/DejaVuSansMono(0)/m/it/10 [anonymous]::LV_IMG_CF_RGB565 \TU/FreeSerif(0)/
m/n/10 (\TU/FreeSerif(0)/m/it/10 C++ enu-
 []


Underfull \hbox (badness 10000) in paragraph at lines 416--417
[]\TU/DejaVuSansMono(0)/m/it/10 [anonymous]::LV_IMG_CF_RGB565A8 \TU/FreeSerif(0
)/m/n/10 (\TU/FreeSerif(0)/m/it/10 C++
 []


Underfull \hbox (badness 6741) in paragraph at lines 417--418
[]\TU/DejaVuSansMono(0)/m/it/10 [anonymous]::LV_IMG_CF_RGB888 \TU/FreeSerif(0)/
m/n/10 (\TU/FreeSerif(0)/m/it/10 C++ enu-
 []


Underfull \hbox (badness 10000) in paragraph at lines 418--419
[]\TU/DejaVuSansMono(0)/m/it/10 [anonymous]::LV_IMG_CF_RGBA5658 \TU/FreeSerif(0
)/m/n/10 (\TU/FreeSerif(0)/m/it/10 C++
 []


Underfull \hbox (badness 10000) in paragraph at lines 419--420
[]\TU/DejaVuSansMono(0)/m/it/10 [anonymous]::LV_IMG_CF_RGBA8888 \TU/FreeSerif(0
)/m/n/10 (\TU/FreeSerif(0)/m/it/10 C++
 []


Underfull \hbox (badness 10000) in paragraph at lines 420--421
[]\TU/DejaVuSansMono(0)/m/it/10 [anonymous]::LV_IMG_CF_RGBX8888 \TU/FreeSerif(0
)/m/n/10 (\TU/FreeSerif(0)/m/it/10 C++
 []


Underfull \hbox (badness 10000) in paragraph at lines 421--423
[]\TU/DejaVuSansMono(0)/m/it/10 [anonymous]::LV_IMG_CF_TRUE_COLOR \TU/FreeSerif
(0)/m/n/10 (\TU/FreeSerif(0)/m/it/10 C++
 []


Overfull \hbox (4.9223pt too wide) in paragraph at lines 423--425
[]\TU/DejaVuSansMono(0)/m/it/10 [anonymous]::LV_IMG_CF_TRUE_COLOR_ALPHA
 []


Overfull \hbox (47.06586pt too wide) in paragraph at lines 425--427
[]\TU/DejaVuSansMono(0)/m/it/10 [anonymous]::LV_IMG_CF_TRUE_COLOR_CHROMA_KEYED
 []


Underfull \hbox (badness 10000) in paragraph at lines 428--430
[]\TU/DejaVuSansMono(0)/m/it/10 [anonymous]::LV_IMG_CF_USER_ENCODED_0
 []


Underfull \hbox (badness 10000) in paragraph at lines 430--432
[]\TU/DejaVuSansMono(0)/m/it/10 [anonymous]::LV_IMG_CF_USER_ENCODED_1
 []


Underfull \hbox (badness 10000) in paragraph at lines 432--434
[]\TU/DejaVuSansMono(0)/m/it/10 [anonymous]::LV_IMG_CF_USER_ENCODED_2
 []


Underfull \hbox (badness 10000) in paragraph at lines 434--436
[]\TU/DejaVuSansMono(0)/m/it/10 [anonymous]::LV_IMG_CF_USER_ENCODED_3
 []


Underfull \hbox (badness 10000) in paragraph at lines 436--438
[]\TU/DejaVuSansMono(0)/m/it/10 [anonymous]::LV_IMG_CF_USER_ENCODED_4
 []


Underfull \hbox (badness 10000) in paragraph at lines 438--440
[]\TU/DejaVuSansMono(0)/m/it/10 [anonymous]::LV_IMG_CF_USER_ENCODED_5
 []


Underfull \hbox (badness 10000) in paragraph at lines 440--442
[]\TU/DejaVuSansMono(0)/m/it/10 [anonymous]::LV_IMG_CF_USER_ENCODED_6
 []


Underfull \hbox (badness 10000) in paragraph at lines 442--444
[]\TU/DejaVuSansMono(0)/m/it/10 [anonymous]::LV_IMG_CF_USER_ENCODED_7
 []


Underfull \hbox (badness 10000) in paragraph at lines 446--448
[]\TU/DejaVuSansMono(0)/m/it/10 [anonymous]::LV_IMG_SIZE_MODE_VIRTUAL
 []


Underfull \hbox (badness 10000) in paragraph at lines 448--450
[]\TU/DejaVuSansMono(0)/m/it/10 [anonymous]::LV_KEYBOARD_MODE_NUMBER
 []


Underfull \hbox (badness 10000) in paragraph at lines 450--452
[]\TU/DejaVuSansMono(0)/m/it/10 [anonymous]::LV_KEYBOARD_MODE_SPECIAL
 []


Overfull \hbox (10.94281pt too wide) in paragraph at lines 452--454
[]\TU/DejaVuSansMono(0)/m/it/10 [anonymous]::LV_KEYBOARD_MODE_TEXT_LOWER
 []


Overfull \hbox (10.94281pt too wide) in paragraph at lines 454--456
[]\TU/DejaVuSansMono(0)/m/it/10 [anonymous]::LV_KEYBOARD_MODE_TEXT_UPPER
 []


Underfull \hbox (badness 10000) in paragraph at lines 456--458
[]\TU/DejaVuSansMono(0)/m/it/10 [anonymous]::LV_KEYBOARD_MODE_USER_1
 []


Underfull \hbox (badness 10000) in paragraph at lines 458--460
[]\TU/DejaVuSansMono(0)/m/it/10 [anonymous]::LV_KEYBOARD_MODE_USER_2
 []


Underfull \hbox (badness 10000) in paragraph at lines 460--462
[]\TU/DejaVuSansMono(0)/m/it/10 [anonymous]::LV_KEYBOARD_MODE_USER_3
 []


Underfull \hbox (badness 10000) in paragraph at lines 462--464
[]\TU/DejaVuSansMono(0)/m/it/10 [anonymous]::LV_KEYBOARD_MODE_USER_4
 []


Underfull \hbox (badness 6758) in paragraph at lines 464--465
[]\TU/DejaVuSansMono(0)/m/it/10 [anonymous]::LV_KEY_BACKSPACE \TU/FreeSerif(0)/
m/n/10 (\TU/FreeSerif(0)/m/it/10 C++ enu-
 []


Underfull \hbox (badness 10000) in paragraph at lines 465--466
[]\TU/DejaVuSansMono(0)/m/it/10 [anonymous]::LV_KEY_DEL \TU/FreeSerif(0)/m/n/10
 (\TU/FreeSerif(0)/m/it/10 C++ enumerator\TU/FreeSerif(0)/m/n/10 ),
 []


Underfull \hbox (badness 10000) in paragraph at lines 467--468
[]\TU/DejaVuSansMono(0)/m/it/10 [anonymous]::LV_KEY_END \TU/FreeSerif(0)/m/n/10
 (\TU/FreeSerif(0)/m/it/10 C++ enumerator\TU/FreeSerif(0)/m/n/10 ),
 []


Underfull \hbox (badness 10000) in paragraph at lines 469--470
[]\TU/DejaVuSansMono(0)/m/it/10 [anonymous]::LV_KEY_ESC \TU/FreeSerif(0)/m/n/10
 (\TU/FreeSerif(0)/m/it/10 C++ enumerator\TU/FreeSerif(0)/m/n/10 ),
 []


Underfull \hbox (badness 10000) in paragraph at lines 476--477
[]\TU/DejaVuSansMono(0)/m/it/10 [anonymous]::LV_LABEL_LONG_CLIP \TU/FreeSerif(0
)/m/n/10 (\TU/FreeSerif(0)/m/it/10 C++
 []


Underfull \hbox (badness 10000) in paragraph at lines 478--480
[]\TU/DejaVuSansMono(0)/m/it/10 [anonymous]::LV_LABEL_LONG_SCROLL \TU/FreeSerif
(0)/m/n/10 (\TU/FreeSerif(0)/m/it/10 C++
 []


Overfull \hbox (22.98383pt too wide) in paragraph at lines 480--482
[]\TU/DejaVuSansMono(0)/m/it/10 [anonymous]::LV_LABEL_LONG_SCROLL_CIRCULAR
 []


Underfull \hbox (badness 10000) in paragraph at lines 482--483
[]\TU/DejaVuSansMono(0)/m/it/10 [anonymous]::LV_LABEL_LONG_WRAP \TU/FreeSerif(0
)/m/n/10 (\TU/FreeSerif(0)/m/it/10 C++
 []

[965]
Overfull \hbox (10.94281pt too wide) in paragraph at lines 483--485
[]\TU/DejaVuSansMono(0)/m/it/10 [anonymous]::LV_MENU_HEADER_BOTTOM_FIXED
 []


Underfull \hbox (badness 10000) in paragraph at lines 485--487
[]\TU/DejaVuSansMono(0)/m/it/10 [anonymous]::LV_MENU_HEADER_TOP_FIXED
 []


Overfull \hbox (4.9223pt too wide) in paragraph at lines 487--489
[]\TU/DejaVuSansMono(0)/m/it/10 [anonymous]::LV_MENU_HEADER_TOP_UNFIXED
 []


Overfull \hbox (29.00433pt too wide) in paragraph at lines 489--491
[]\TU/DejaVuSansMono(0)/m/it/10 [anonymous]::LV_MENU_ROOT_BACK_BTN_DISABLED
 []


Overfull \hbox (22.98383pt too wide) in paragraph at lines 491--493
[]\TU/DejaVuSansMono(0)/m/it/10 [anonymous]::LV_MENU_ROOT_BACK_BTN_ENABLED
 []


Overfull \hbox (10.94281pt too wide) in paragraph at lines 493--495
[]\TU/DejaVuSansMono(0)/m/it/10 [anonymous]::LV_METER_INDICATOR_TYPE_ARC
 []


Overfull \hbox (53.08636pt too wide) in paragraph at lines 495--497
[]\TU/DejaVuSansMono(0)/m/it/10 [anonymous]::LV_METER_INDICATOR_TYPE_NEEDLE_IMG

 []


Overfull \hbox (59.10687pt too wide) in paragraph at lines 497--499
[]\TU/DejaVuSansMono(0)/m/it/10 [anonymous]::LV_METER_INDICATOR_TYPE_NEEDLE_LIN
E
 []


Overfull \hbox (59.10687pt too wide) in paragraph at lines 499--501
[]\TU/DejaVuSansMono(0)/m/it/10 [anonymous]::LV_METER_INDICATOR_TYPE_SCALE_LINE
S
 []


Underfull \hbox (badness 10000) in paragraph at lines 501--503
[]\TU/DejaVuSansMono(0)/m/it/10 [anonymous]::LV_OBJ_FLAG_ADV_HITTEST
 []


Overfull \hbox (10.94281pt too wide) in paragraph at lines 507--509
[]\TU/DejaVuSansMono(0)/m/it/10 [anonymous]::LV_OBJ_FLAG_CLICK_FOCUSABLE
 []


Underfull \hbox (badness 10000) in paragraph at lines 509--511
[]\TU/DejaVuSansMono(0)/m/it/10 [anonymous]::LV_OBJ_FLAG_EVENT_BUBBLE
 []


Underfull \hbox (badness 10000) in paragraph at lines 511--513
[]\TU/DejaVuSansMono(0)/m/it/10 [anonymous]::LV_OBJ_FLAG_FLOATING \TU/FreeSerif
(0)/m/n/10 (\TU/FreeSerif(0)/m/it/10 C++
 []


Overfull \hbox (4.9223pt too wide) in paragraph at lines 513--515
[]\TU/DejaVuSansMono(0)/m/it/10 [anonymous]::LV_OBJ_FLAG_GESTURE_BUBBLE
 []


Underfull \hbox (badness 10000) in paragraph at lines 515--516
[]\TU/DejaVuSansMono(0)/m/it/10 [anonymous]::LV_OBJ_FLAG_HIDDEN \TU/FreeSerif(0
)/m/n/10 (\TU/FreeSerif(0)/m/it/10 C++
 []


Underfull \hbox (badness 10000) in paragraph at lines 516--518
[]\TU/DejaVuSansMono(0)/m/it/10 [anonymous]::LV_OBJ_FLAG_IGNORE_LAYOUT
 []


Underfull \hbox (badness 10000) in paragraph at lines 518--520
[]\TU/DejaVuSansMono(0)/m/it/10 [anonymous]::LV_OBJ_FLAG_LAYOUT_1 \TU/FreeSerif
(0)/m/n/10 (\TU/FreeSerif(0)/m/it/10 C++
 []


Underfull \hbox (badness 10000) in paragraph at lines 520--522
[]\TU/DejaVuSansMono(0)/m/it/10 [anonymous]::LV_OBJ_FLAG_LAYOUT_2 \TU/FreeSerif
(0)/m/n/10 (\TU/FreeSerif(0)/m/it/10 C++
 []


Overfull \hbox (16.96332pt too wide) in paragraph at lines 522--524
[]\TU/DejaVuSansMono(0)/m/it/10 [anonymous]::LV_OBJ_FLAG_OVERFLOW_VISIBLE
 []


Underfull \hbox (badness 10000) in paragraph at lines 524--526
[]\TU/DejaVuSansMono(0)/m/it/10 [anonymous]::LV_OBJ_FLAG_PRESS_LOCK
 []


Underfull \hbox (badness 10000) in paragraph at lines 526--528
[]\TU/DejaVuSansMono(0)/m/it/10 [anonymous]::LV_OBJ_FLAG_SCROLLABLE
 []


Underfull \hbox (badness 10000) in paragraph at lines 528--530
[]\TU/DejaVuSansMono(0)/m/it/10 [anonymous]::LV_OBJ_FLAG_SCROLL_CHAIN
 []


Overfull \hbox (16.96332pt too wide) in paragraph at lines 530--532
[]\TU/DejaVuSansMono(0)/m/it/10 [anonymous]::LV_OBJ_FLAG_SCROLL_CHAIN_HOR
 []


Overfull \hbox (16.96332pt too wide) in paragraph at lines 532--534
[]\TU/DejaVuSansMono(0)/m/it/10 [anonymous]::LV_OBJ_FLAG_SCROLL_CHAIN_VER
 []


Overfull \hbox (4.9223pt too wide) in paragraph at lines 534--536
[]\TU/DejaVuSansMono(0)/m/it/10 [anonymous]::LV_OBJ_FLAG_SCROLL_ELASTIC
 []


Overfull \hbox (10.94281pt too wide) in paragraph at lines 536--538
[]\TU/DejaVuSansMono(0)/m/it/10 [anonymous]::LV_OBJ_FLAG_SCROLL_MOMENTUM
 []


Underfull \hbox (badness 10000) in paragraph at lines 538--540
[]\TU/DejaVuSansMono(0)/m/it/10 [anonymous]::LV_OBJ_FLAG_SCROLL_ONE
 []


Overfull \hbox (10.94281pt too wide) in paragraph at lines 540--542
[]\TU/DejaVuSansMono(0)/m/it/10 [anonymous]::LV_OBJ_FLAG_SCROLL_ON_FOCUS
 []


Overfull \hbox (22.98383pt too wide) in paragraph at lines 542--544
[]\TU/DejaVuSansMono(0)/m/it/10 [anonymous]::LV_OBJ_FLAG_SCROLL_WITH_ARROW
 []


Underfull \hbox (badness 10000) in paragraph at lines 546--548
[]\TU/DejaVuSansMono(0)/m/it/10 [anonymous]::LV_OBJ_FLAG_USER_1 \TU/FreeSerif(0
)/m/n/10 (\TU/FreeSerif(0)/m/it/10 C++
 []


Underfull \hbox (badness 10000) in paragraph at lines 548--550
[]\TU/DejaVuSansMono(0)/m/it/10 [anonymous]::LV_OBJ_FLAG_USER_2 \TU/FreeSerif(0
)/m/n/10 (\TU/FreeSerif(0)/m/it/10 C++
 []


Underfull \hbox (badness 10000) in paragraph at lines 550--552
[]\TU/DejaVuSansMono(0)/m/it/10 [anonymous]::LV_OBJ_FLAG_USER_3 \TU/FreeSerif(0
)/m/n/10 (\TU/FreeSerif(0)/m/it/10 C++
 []


Underfull \hbox (badness 10000) in paragraph at lines 552--554
[]\TU/DejaVuSansMono(0)/m/it/10 [anonymous]::LV_OBJ_FLAG_USER_4 \TU/FreeSerif(0
)/m/n/10 (\TU/FreeSerif(0)/m/it/10 C++
 []


Underfull \hbox (badness 10000) in paragraph at lines 554--556
[]\TU/DejaVuSansMono(0)/m/it/10 [anonymous]::LV_OBJ_FLAG_WIDGET_1 \TU/FreeSerif
(0)/m/n/10 (\TU/FreeSerif(0)/m/it/10 C++
 []


Underfull \hbox (badness 10000) in paragraph at lines 556--558
[]\TU/DejaVuSansMono(0)/m/it/10 [anonymous]::LV_OBJ_FLAG_WIDGET_2 \TU/FreeSerif
(0)/m/n/10 (\TU/FreeSerif(0)/m/it/10 C++
 []


Underfull \hbox (badness 10000) in paragraph at lines 560--561
[]\TU/DejaVuSansMono(0)/m/it/10 [anonymous]::LV_OPA_100 \TU/FreeSerif(0)/m/n/10
 (\TU/FreeSerif(0)/m/it/10 C++ enumerator\TU/FreeSerif(0)/m/n/10 ),
 []


Underfull \hbox (badness 10000) in paragraph at lines 573--575
[]\TU/DejaVuSansMono(0)/m/it/10 [anonymous]::LV_PART_CUSTOM_FIRST \TU/FreeSerif
(0)/m/n/10 (\TU/FreeSerif(0)/m/it/10 C++
 []

[966]
Underfull \hbox (badness 6758) in paragraph at lines 580--581
[]\TU/DejaVuSansMono(0)/m/it/10 [anonymous]::LV_PART_SELECTED \TU/FreeSerif(0)/
m/n/10 (\TU/FreeSerif(0)/m/it/10 C++ enu-
 []


Overfull \hbox (16.96332pt too wide) in paragraph at lines 581--583
[]\TU/DejaVuSansMono(0)/m/it/10 [anonymous]::LV_PART_TEXTAREA_PLACEHOLDER
 []


Underfull \hbox (badness 10000) in paragraph at lines 584--586
[]\TU/DejaVuSansMono(0)/m/it/10 [anonymous]::LV_ROLLER_MODE_INFINITE
 []


Underfull \hbox (badness 10000) in paragraph at lines 590--592
[]\TU/DejaVuSansMono(0)/m/it/10 [anonymous]::LV_SLIDER_MODE_RANGE \TU/FreeSerif
(0)/m/n/10 (\TU/FreeSerif(0)/m/it/10 C++
 []


Overfull \hbox (4.9223pt too wide) in paragraph at lines 592--594
[]\TU/DejaVuSansMono(0)/m/it/10 [anonymous]::LV_SLIDER_MODE_SYMMETRICAL
 []


Underfull \hbox (badness 10000) in paragraph at lines 594--595
[]\TU/DejaVuSansMono(0)/m/it/10 [anonymous]::LV_SPAN_MODE_BREAK \TU/FreeSerif(0
)/m/n/10 (\TU/FreeSerif(0)/m/it/10 C++
 []


Underfull \hbox (badness 10000) in paragraph at lines 595--597
[]\TU/DejaVuSansMono(0)/m/it/10 [anonymous]::LV_SPAN_MODE_EXPAND \TU/FreeSerif(
0)/m/n/10 (\TU/FreeSerif(0)/m/it/10 C++
 []


Underfull \hbox (badness 10000) in paragraph at lines 597--598
[]\TU/DejaVuSansMono(0)/m/it/10 [anonymous]::LV_SPAN_MODE_FIXED \TU/FreeSerif(0
)/m/n/10 (\TU/FreeSerif(0)/m/it/10 C++
 []


Underfull \hbox (badness 10000) in paragraph at lines 600--602
[]\TU/DejaVuSansMono(0)/m/it/10 [anonymous]::LV_SPAN_OVERFLOW_ELLIPSIS
 []


Underfull \hbox (badness 6758) in paragraph at lines 603--604
[]\TU/DejaVuSansMono(0)/m/it/10 [anonymous]::LV_STATE_CHECKED \TU/FreeSerif(0)/
m/n/10 (\TU/FreeSerif(0)/m/it/10 C++ enu-
 []


Underfull \hbox (badness 6758) in paragraph at lines 604--605
[]\TU/DejaVuSansMono(0)/m/it/10 [anonymous]::LV_STATE_DEFAULT \TU/FreeSerif(0)/
m/n/10 (\TU/FreeSerif(0)/m/it/10 C++ enu-
 []


Underfull \hbox (badness 6758) in paragraph at lines 607--608
[]\TU/DejaVuSansMono(0)/m/it/10 [anonymous]::LV_STATE_FOCUSED \TU/FreeSerif(0)/
m/n/10 (\TU/FreeSerif(0)/m/it/10 C++ enu-
 []


Underfull \hbox (badness 10000) in paragraph at lines 608--609
[]\TU/DejaVuSansMono(0)/m/it/10 [anonymous]::LV_STATE_FOCUS_KEY \TU/FreeSerif(0
)/m/n/10 (\TU/FreeSerif(0)/m/it/10 C++
 []


Underfull \hbox (badness 6758) in paragraph at lines 609--610
[]\TU/DejaVuSansMono(0)/m/it/10 [anonymous]::LV_STATE_HOVERED \TU/FreeSerif(0)/
m/n/10 (\TU/FreeSerif(0)/m/it/10 C++ enu-
 []


Underfull \hbox (badness 6758) in paragraph at lines 610--611
[]\TU/DejaVuSansMono(0)/m/it/10 [anonymous]::LV_STATE_PRESSED \TU/FreeSerif(0)/
m/n/10 (\TU/FreeSerif(0)/m/it/10 C++ enu-
 []


Underfull \hbox (badness 10000) in paragraph at lines 616--617
[]\TU/DejaVuSansMono(0)/m/it/10 [anonymous]::LV_STYLE_RES_FOUND \TU/FreeSerif(0
)/m/n/10 (\TU/FreeSerif(0)/m/it/10 C++
 []


Underfull \hbox (badness 10000) in paragraph at lines 617--619
[]\TU/DejaVuSansMono(0)/m/it/10 [anonymous]::LV_STYLE_RES_INHERIT \TU/FreeSerif
(0)/m/n/10 (\TU/FreeSerif(0)/m/it/10 C++
 []


Underfull \hbox (badness 10000) in paragraph at lines 619--621
[]\TU/DejaVuSansMono(0)/m/it/10 [anonymous]::LV_STYLE_RES_NOT_FOUND
 []


Overfull \hbox (10.94281pt too wide) in paragraph at lines 621--623
[]\TU/DejaVuSansMono(0)/m/it/10 [anonymous]::LV_TABLE_CELL_CTRL_CUSTOM_1
 []


Overfull \hbox (10.94281pt too wide) in paragraph at lines 623--625
[]\TU/DejaVuSansMono(0)/m/it/10 [anonymous]::LV_TABLE_CELL_CTRL_CUSTOM_2
 []


Overfull \hbox (10.94281pt too wide) in paragraph at lines 625--627
[]\TU/DejaVuSansMono(0)/m/it/10 [anonymous]::LV_TABLE_CELL_CTRL_CUSTOM_3
 []


Overfull \hbox (10.94281pt too wide) in paragraph at lines 627--629
[]\TU/DejaVuSansMono(0)/m/it/10 [anonymous]::LV_TABLE_CELL_CTRL_CUSTOM_4
 []


Overfull \hbox (29.00433pt too wide) in paragraph at lines 629--631
[]\TU/DejaVuSansMono(0)/m/it/10 [anonymous]::LV_TABLE_CELL_CTRL_MERGE_RIGHT
 []


Overfull \hbox (16.96332pt too wide) in paragraph at lines 631--633
[]\TU/DejaVuSansMono(0)/m/it/10 [anonymous]::LV_TABLE_CELL_CTRL_TEXT_CROP
 []


Underfull \hbox (badness 10000) in paragraph at lines 633--634
[]\TU/DejaVuSansMono(0)/m/it/10 [anonymous]::LV_TEXT_DECOR_NONE \TU/FreeSerif(0
)/m/n/10 (\TU/FreeSerif(0)/m/it/10 C++
 []


Overfull \hbox (10.94281pt too wide) in paragraph at lines 634--636
[]\TU/DejaVuSansMono(0)/m/it/10 [anonymous]::LV_TEXT_DECOR_STRIKETHROUGH
 []


Underfull \hbox (badness 10000) in paragraph at lines 636--638
[]\TU/DejaVuSansMono(0)/m/it/10 [anonymous]::LV_TEXT_DECOR_UNDERLINE
 []


Overfull \hbox (22.98383pt too wide) in paragraph at lines 638--640
[]\TU/DejaVuSansMono(0)/m/it/10 [anonymous]::_LV_BTNMATRIX_CTRL_RESERVED_1
 []


Overfull \hbox (22.98383pt too wide) in paragraph at lines 640--642
[]\TU/DejaVuSansMono(0)/m/it/10 [anonymous]::_LV_BTNMATRIX_CTRL_RESERVED_2
 []


Underfull \hbox (badness 10000) in paragraph at lines 642--644
[]\TU/DejaVuSansMono(0)/m/it/10 [anonymous]::_LV_BTNMATRIX_WIDTH \TU/FreeSerif(
0)/m/n/10 (\TU/FreeSerif(0)/m/it/10 C++
 []


Underfull \hbox (badness 10000) in paragraph at lines 644--646
[]\TU/DejaVuSansMono(0)/m/it/10 [anonymous]::_LV_CHART_AXIS_LAST \TU/FreeSerif(
0)/m/n/10 (\TU/FreeSerif(0)/m/it/10 C++
 []


Underfull \hbox (badness 6758) in paragraph at lines 662--663
[]\TU/DejaVuSansMono(0)/m/it/10 lv_anim_enable_t::LV_ANIM_OFF \TU/FreeSerif(0)/
m/n/10 (\TU/FreeSerif(0)/m/it/10 C++ enu-
 []

[967]
Underfull \hbox (badness 10000) in paragraph at lines 690--691
[]\TU/DejaVuSansMono(0)/m/it/10 lv_anim_set_playback_time \TU/FreeSerif(0)/m/n/
10 (\TU/FreeSerif(0)/m/it/10 C++ function\TU/FreeSerif(0)/m/n/10 ),
 []


Underfull \hbox (badness 10000) in paragraph at lines 715--716
[]\TU/DejaVuSansMono(0)/m/it/10 lv_arc_align_obj_to_angle \TU/FreeSerif(0)/m/n/
10 (\TU/FreeSerif(0)/m/it/10 C++ function\TU/FreeSerif(0)/m/n/10 ),
 []


Overfull \hbox (83.1889pt too wide) in paragraph at lines 719--721
[]\TU/DejaVuSansMono(0)/m/it/10 lv_arc_draw_part_type_t::LV_ARC_DRAW_PART_BACKG
ROUND
 []


Overfull \hbox (83.1889pt too wide) in paragraph at lines 721--723
[]\TU/DejaVuSansMono(0)/m/it/10 lv_arc_draw_part_type_t::LV_ARC_DRAW_PART_FOREG
ROUND
 []


Overfull \hbox (47.06586pt too wide) in paragraph at lines 723--725
[]\TU/DejaVuSansMono(0)/m/it/10 lv_arc_draw_part_type_t::LV_ARC_DRAW_PART_KNOB
 []


Underfull \hbox (badness 10000) in paragraph at lines 728--729
[]\TU/DejaVuSansMono(0)/m/it/10 lv_arc_get_bg_angle_start \TU/FreeSerif(0)/m/n/
10 (\TU/FreeSerif(0)/m/it/10 C++ function\TU/FreeSerif(0)/m/n/10 ),
 []


Underfull \hbox (badness 10000) in paragraph at lines 738--739
[]\TU/DejaVuSansMono(0)/m/it/10 lv_arc_set_bg_start_angle \TU/FreeSerif(0)/m/n/
10 (\TU/FreeSerif(0)/m/it/10 C++ function\TU/FreeSerif(0)/m/n/10 ),
 []


Underfull \hbox (badness 10000) in paragraph at lines 752--753
[]\TU/DejaVuSansMono(0)/m/it/10 lv_arc_t::indic_angle_end \TU/FreeSerif(0)/m/n/
10 (\TU/FreeSerif(0)/m/it/10 C++ member\TU/FreeSerif(0)/m/n/10 ),
 []

[968]
Overfull \hbox (77.1684pt too wide) in paragraph at lines 769--771
[]\TU/DejaVuSansMono(0)/m/it/10 lv_bar_draw_part_type_t::LV_BAR_DRAW_PART_INDIC
ATOR
 []


Underfull \hbox (badness 10000) in paragraph at lines 801--802
[]\TU/DejaVuSansMono(0)/m/it/10 lv_btnmatrix_clear_btn_ctrl_all \TU/FreeSerif(0
)/m/n/10 (\TU/FreeSerif(0)/m/it/10 C++
 []


Overfull \hbox (113.29144pt too wide) in paragraph at lines 805--807
[]\TU/DejaVuSansMono(0)/m/it/10 lv_btnmatrix_draw_part_type_t::LV_BTNMATRIX_DRA
W_PART_BTN
 []


Underfull \hbox (badness 10000) in paragraph at lines 807--808
[]\TU/DejaVuSansMono(0)/m/it/10 lv_btnmatrix_get_btn_text \TU/FreeSerif(0)/m/n/
10 (\TU/FreeSerif(0)/m/it/10 C++ function\TU/FreeSerif(0)/m/n/10 ),
 []


Underfull \hbox (badness 10000) in paragraph at lines 809--810
[]\TU/DejaVuSansMono(0)/m/it/10 lv_btnmatrix_get_one_checked \TU/FreeSerif(0)/m
/n/10 (\TU/FreeSerif(0)/m/it/10 C++ func-
 []


Underfull \hbox (badness 10000) in paragraph at lines 810--811
[]\TU/DejaVuSansMono(0)/m/it/10 lv_btnmatrix_get_popovers \TU/FreeSerif(0)/m/n/
10 (\TU/FreeSerif(0)/m/it/10 C++ function\TU/FreeSerif(0)/m/n/10 ),
 []


Underfull \hbox (badness 10000) in paragraph at lines 812--813
[]\TU/DejaVuSansMono(0)/m/it/10 lv_btnmatrix_has_btn_ctrl \TU/FreeSerif(0)/m/n/
10 (\TU/FreeSerif(0)/m/it/10 C++ function\TU/FreeSerif(0)/m/n/10 ),
 []


Underfull \hbox (badness 10000) in paragraph at lines 813--814
[]\TU/DejaVuSansMono(0)/m/it/10 lv_btnmatrix_set_btn_ctrl \TU/FreeSerif(0)/m/n/
10 (\TU/FreeSerif(0)/m/it/10 C++ function\TU/FreeSerif(0)/m/n/10 ),
 []


Underfull \hbox (badness 10000) in paragraph at lines 816--817
[]\TU/DejaVuSansMono(0)/m/it/10 lv_btnmatrix_set_ctrl_map \TU/FreeSerif(0)/m/n/
10 (\TU/FreeSerif(0)/m/it/10 C++ function\TU/FreeSerif(0)/m/n/10 ),
 []


Underfull \hbox (badness 10000) in paragraph at lines 818--819
[]\TU/DejaVuSansMono(0)/m/it/10 lv_btnmatrix_set_one_checked \TU/FreeSerif(0)/m
/n/10 (\TU/FreeSerif(0)/m/it/10 C++ func-
 []


Underfull \hbox (badness 10000) in paragraph at lines 823--824
[]\TU/DejaVuSansMono(0)/m/it/10 lv_btnmatrix_t::button_areas \TU/FreeSerif(0)/m
/n/10 (\TU/FreeSerif(0)/m/it/10 C++ mem-
 []


Underfull \hbox (badness 10000) in paragraph at lines 824--825
[]\TU/DejaVuSansMono(0)/m/it/10 lv_btnmatrix_t::ctrl_bits \TU/FreeSerif(0)/m/n/
10 (\TU/FreeSerif(0)/m/it/10 C++ member\TU/FreeSerif(0)/m/n/10 ),
 []


Underfull \hbox (badness 10000) in paragraph at lines 827--828
[]\TU/DejaVuSansMono(0)/m/it/10 lv_btnmatrix_t::one_check \TU/FreeSerif(0)/m/n/
10 (\TU/FreeSerif(0)/m/it/10 C++ member\TU/FreeSerif(0)/m/n/10 ),
 []


Underfull \hbox (badness 10000) in paragraph at lines 833--834
[]\TU/DejaVuSansMono(0)/m/it/10 lv_calendar_date_t::month \TU/FreeSerif(0)/m/n/
10 (\TU/FreeSerif(0)/m/it/10 C++ member\TU/FreeSerif(0)/m/n/10 ),
 []


Underfull \hbox (badness 10000) in paragraph at lines 835--836
[]\TU/DejaVuSansMono(0)/m/it/10 lv_calendar_get_btnmatrix \TU/FreeSerif(0)/m/n/
10 (\TU/FreeSerif(0)/m/it/10 C++ function\TU/FreeSerif(0)/m/n/10 ),
 []


Underfull \hbox (badness 10000) in paragraph at lines 836--837
[]\TU/DejaVuSansMono(0)/m/it/10 lv_calendar_get_highlighted_dates \TU/FreeSerif
(0)/m/n/10 (\TU/FreeSerif(0)/m/it/10 C++
 []


Underfull \hbox (badness 10000) in paragraph at lines 837--839
[]\TU/DejaVuSansMono(0)/m/it/10 lv_calendar_get_highlighted_dates_num
 []


Underfull \hbox (badness 10000) in paragraph at lines 839--840
[]\TU/DejaVuSansMono(0)/m/it/10 lv_calendar_get_pressed_date \TU/FreeSerif(0)/m
/n/10 (\TU/FreeSerif(0)/m/it/10 C++ func-
 []


Underfull \hbox (badness 10000) in paragraph at lines 842--843
[]\TU/DejaVuSansMono(0)/m/it/10 lv_calendar_set_day_names \TU/FreeSerif(0)/m/n/
10 (\TU/FreeSerif(0)/m/it/10 C++ function\TU/FreeSerif(0)/m/n/10 ),
 []


Underfull \hbox (badness 10000) in paragraph at lines 843--844
[]\TU/DejaVuSansMono(0)/m/it/10 lv_calendar_set_highlighted_dates \TU/FreeSerif
(0)/m/n/10 (\TU/FreeSerif(0)/m/it/10 C++
 []

[969]
Underfull \hbox (badness 10000) in paragraph at lines 848--849
[]\TU/DejaVuSansMono(0)/m/it/10 lv_calendar_t::highlighted_dates \TU/FreeSerif(
0)/m/n/10 (\TU/FreeSerif(0)/m/it/10 C++
 []


Underfull \hbox (badness 10000) in paragraph at lines 849--850
[]\TU/DejaVuSansMono(0)/m/it/10 lv_calendar_t::highlighted_dates_num
 []


Overfull \hbox (65.12738pt too wide) in paragraph at lines 891--893
[]\TU/DejaVuSansMono(0)/m/it/10 lv_chart_draw_part_type_t::LV_CHART_DRAW_PART_B
AR
 []


Overfull \hbox (83.1889pt too wide) in paragraph at lines 893--895
[]\TU/DejaVuSansMono(0)/m/it/10 lv_chart_draw_part_type_t::LV_CHART_DRAW_PART_C
URSOR
 []


Overfull \hbox (119.31195pt too wide) in paragraph at lines 895--897
[]\TU/DejaVuSansMono(0)/m/it/10 lv_chart_draw_part_type_t::LV_CHART_DRAW_PART_D
IV_LINE_HOR
 []


Overfull \hbox (125.33246pt too wide) in paragraph at lines 897--899
[]\TU/DejaVuSansMono(0)/m/it/10 lv_chart_draw_part_type_t::LV_CHART_DRAW_PART_D
IV_LINE_INIT
 []


Overfull \hbox (119.31195pt too wide) in paragraph at lines 899--901
[]\TU/DejaVuSansMono(0)/m/it/10 lv_chart_draw_part_type_t::LV_CHART_DRAW_PART_D
IV_LINE_VER
 []


Overfull \hbox (131.35297pt too wide) in paragraph at lines 901--903
[]\TU/DejaVuSansMono(0)/m/it/10 lv_chart_draw_part_type_t::LV_CHART_DRAW_PART_L
INE_AND_POINT
 []


Overfull \hbox (107.27094pt too wide) in paragraph at lines 903--905
[]\TU/DejaVuSansMono(0)/m/it/10 lv_chart_draw_part_type_t::LV_CHART_DRAW_PART_T
ICK_LABEL
 []


Underfull \hbox (badness 10000) in paragraph at lines 905--906
[]\TU/DejaVuSansMono(0)/m/it/10 lv_chart_get_cursor_point \TU/FreeSerif(0)/m/n/
10 (\TU/FreeSerif(0)/m/it/10 C++ function\TU/FreeSerif(0)/m/n/10 ),
 []


Underfull \hbox (badness 10000) in paragraph at lines 907--908
[]\TU/DejaVuSansMono(0)/m/it/10 lv_chart_get_point_pos_by_id \TU/FreeSerif(0)/m
/n/10 (\TU/FreeSerif(0)/m/it/10 C++ func-
 []


Underfull \hbox (badness 10000) in paragraph at lines 921--922
[]\TU/DejaVuSansMono(0)/m/it/10 lv_chart_series_t::hidden \TU/FreeSerif(0)/m/n/
10 (\TU/FreeSerif(0)/m/it/10 C++ member\TU/FreeSerif(0)/m/n/10 ),
 []


Underfull \hbox (badness 10000) in paragraph at lines 924--926
[]\TU/DejaVuSansMono(0)/m/it/10 lv_chart_series_t::x_ext_buf_assigned
 []


Underfull \hbox (badness 10000) in paragraph at lines 928--930
[]\TU/DejaVuSansMono(0)/m/it/10 lv_chart_series_t::y_ext_buf_assigned
 []


Underfull \hbox (badness 10000) in paragraph at lines 933--934
[]\TU/DejaVuSansMono(0)/m/it/10 lv_chart_set_cursor_point \TU/FreeSerif(0)/m/n/
10 (\TU/FreeSerif(0)/m/it/10 C++ function\TU/FreeSerif(0)/m/n/10 ),
 []

[970]
Underfull \hbox (badness 10000) in paragraph at lines 942--943
[]\TU/DejaVuSansMono(0)/m/it/10 lv_chart_set_series_color \TU/FreeSerif(0)/m/n/
10 (\TU/FreeSerif(0)/m/it/10 C++ function\TU/FreeSerif(0)/m/n/10 ),
 []


Underfull \hbox (badness 10000) in paragraph at lines 946--947
[]\TU/DejaVuSansMono(0)/m/it/10 lv_chart_set_value_by_id2 \TU/FreeSerif(0)/m/n/
10 (\TU/FreeSerif(0)/m/it/10 C++ function\TU/FreeSerif(0)/m/n/10 ),
 []


Underfull \hbox (badness 10000) in paragraph at lines 955--956
[]\TU/DejaVuSansMono(0)/m/it/10 lv_chart_t::pressed_point_id \TU/FreeSerif(0)/m
/n/10 (\TU/FreeSerif(0)/m/it/10 C++ mem-
 []


Overfull \hbox (101.25043pt too wide) in paragraph at lines 979--981
[]\TU/DejaVuSansMono(0)/m/it/10 lv_checkbox_draw_part_type_t::LV_CHECKBOX_DRAW_
PART_BOX
 []


Underfull \hbox (badness 10000) in paragraph at lines 986--987
[]\TU/DejaVuSansMono(0)/m/it/10 lv_checkbox_t::static_txt \TU/FreeSerif(0)/m/n/
10 (\TU/FreeSerif(0)/m/it/10 C++ member\TU/FreeSerif(0)/m/n/10 ),
 []


Underfull \hbox (badness 10000) in paragraph at lines 1017--1018
[]\TU/DejaVuSansMono(0)/m/it/10 lv_color_change_lightness \TU/FreeSerif(0)/m/n/
10 (\TU/FreeSerif(0)/m/it/10 C++ function\TU/FreeSerif(0)/m/n/10 ),
 []

[971]
Underfull \hbox (badness 10000) in paragraph at lines 1041--1042
[]\TU/DejaVuSansMono(0)/m/it/10 lv_colorwheel_get_color_mode \TU/FreeSerif(0)/m
/n/10 (\TU/FreeSerif(0)/m/it/10 C++ func-
 []


Underfull \hbox (badness 10000) in paragraph at lines 1048--1049
[]\TU/DejaVuSansMono(0)/m/it/10 lv_colorwheel_set_mode_fixed \TU/FreeSerif(0)/m
/n/10 (\TU/FreeSerif(0)/m/it/10 C++ func-
 []


Underfull \hbox (badness 10000) in paragraph at lines 1053--1054
[]\TU/DejaVuSansMono(0)/m/it/10 lv_colorwheel_t::last_change_time \TU/FreeSerif
(0)/m/n/10 (\TU/FreeSerif(0)/m/it/10 C++
 []


Underfull \hbox (badness 10000) in paragraph at lines 1054--1055
[]\TU/DejaVuSansMono(0)/m/it/10 lv_colorwheel_t::last_click_time \TU/FreeSerif(
0)/m/n/10 (\TU/FreeSerif(0)/m/it/10 C++
 []


Underfull \hbox (badness 10000) in paragraph at lines 1055--1056
[]\TU/DejaVuSansMono(0)/m/it/10 lv_colorwheel_t::last_press_point \TU/FreeSerif
(0)/m/n/10 (\TU/FreeSerif(0)/m/it/10 C++
 []


Underfull \hbox (badness 10000) in paragraph at lines 1070--1071
[]\TU/DejaVuSansMono(0)/m/it/10 lv_disp_drv_use_generic_set_px_cb \TU/FreeSerif
(0)/m/n/10 (\TU/FreeSerif(0)/m/it/10 C++
 []


Underfull \hbox (badness 10000) in paragraph at lines 1077--1078
[]\TU/DejaVuSansMono(0)/m/it/10 lv_disp_get_inactive_time \TU/FreeSerif(0)/m/n/
10 (\TU/FreeSerif(0)/m/it/10 C++ function\TU/FreeSerif(0)/m/n/10 ),
 []


Underfull \hbox (badness 10000) in paragraph at lines 1083--1084
[]\TU/DejaVuSansMono(0)/m/it/10 lv_disp_get_physical_hor_res \TU/FreeSerif(0)/m
/n/10 (\TU/FreeSerif(0)/m/it/10 C++ func-
 []


Underfull \hbox (badness 10000) in paragraph at lines 1084--1085
[]\TU/DejaVuSansMono(0)/m/it/10 lv_disp_get_physical_ver_res \TU/FreeSerif(0)/m
/n/10 (\TU/FreeSerif(0)/m/it/10 C++ func-
 []


Underfull \hbox (badness 10000) in paragraph at lines 1090--1091
[]\TU/DejaVuSansMono(0)/m/it/10 lv_disp_is_invalidation_enabled \TU/FreeSerif(0
)/m/n/10 (\TU/FreeSerif(0)/m/it/10 C++
 []


Underfull \hbox (badness 6741) in paragraph at lines 1096--1097
[]\TU/DejaVuSansMono(0)/m/it/10 lv_disp_rot_t::LV_DISP_ROT_90 \TU/FreeSerif(0)/
m/n/10 (\TU/FreeSerif(0)/m/it/10 C++ enu-
 []


Underfull \hbox (badness 10000) in paragraph at lines 1097--1098
[]\TU/DejaVuSansMono(0)/m/it/10 lv_disp_rot_t::LV_DISP_ROT_NONE \TU/FreeSerif(0
)/m/n/10 (\TU/FreeSerif(0)/m/it/10 C++
 []


Underfull \hbox (badness 10000) in paragraph at lines 1110--1111
[]\TU/DejaVuSansMono(0)/m/it/10 lv_dropdown_clear_options \TU/FreeSerif(0)/m/n/
10 (\TU/FreeSerif(0)/m/it/10 C++ function\TU/FreeSerif(0)/m/n/10 ),
 []

[972]
Underfull \hbox (badness 10000) in paragraph at lines 1116--1117
[]\TU/DejaVuSansMono(0)/m/it/10 lv_dropdown_get_option_index \TU/FreeSerif(0)/m
/n/10 (\TU/FreeSerif(0)/m/it/10 C++ func-
 []


Underfull \hbox (badness 10000) in paragraph at lines 1120--1121
[]\TU/DejaVuSansMono(0)/m/it/10 lv_dropdown_get_selected_str \TU/FreeSerif(0)/m
/n/10 (\TU/FreeSerif(0)/m/it/10 C++ func-
 []


Underfull \hbox (badness 10000) in paragraph at lines 1125--1126
[]\TU/DejaVuSansMono(0)/m/it/10 lv_dropdown_list_t::dropdown \TU/FreeSerif(0)/m
/n/10 (\TU/FreeSerif(0)/m/it/10 C++ mem-
 []


Underfull \hbox (badness 10000) in paragraph at lines 1139--1140
[]\TU/DejaVuSansMono(0)/m/it/10 lv_dropdown_t::option_cnt \TU/FreeSerif(0)/m/n/
10 (\TU/FreeSerif(0)/m/it/10 C++ member\TU/FreeSerif(0)/m/n/10 ),
 []


Underfull \hbox (badness 10000) in paragraph at lines 1142--1143
[]\TU/DejaVuSansMono(0)/m/it/10 lv_dropdown_t::sel_opt_id \TU/FreeSerif(0)/m/n/
10 (\TU/FreeSerif(0)/m/it/10 C++ member\TU/FreeSerif(0)/m/n/10 ),
 []


Underfull \hbox (badness 10000) in paragraph at lines 1144--1145
[]\TU/DejaVuSansMono(0)/m/it/10 lv_dropdown_t::selected_highlight \TU/FreeSerif
(0)/m/n/10 (\TU/FreeSerif(0)/m/it/10 C++
 []


Underfull \hbox (badness 10000) in paragraph at lines 1145--1146
[]\TU/DejaVuSansMono(0)/m/it/10 lv_dropdown_t::static_txt \TU/FreeSerif(0)/m/n/
10 (\TU/FreeSerif(0)/m/it/10 C++ member\TU/FreeSerif(0)/m/n/10 ),
 []


Overfull \hbox (71.14789pt too wide) in paragraph at lines 1159--1161
[]\TU/DejaVuSansMono(0)/m/it/10 lv_ffmpeg_player_cmd_t::_LV_FFMPEG_PLAYER_CMD_L
AST
 []


Overfull \hbox (71.14789pt too wide) in paragraph at lines 1161--1163
[]\TU/DejaVuSansMono(0)/m/it/10 lv_ffmpeg_player_cmd_t::LV_FFMPEG_PLAYER_CMD_PA
USE
 []


Overfull \hbox (77.1684pt too wide) in paragraph at lines 1163--1165
[]\TU/DejaVuSansMono(0)/m/it/10 lv_ffmpeg_player_cmd_t::LV_FFMPEG_PLAYER_CMD_RE
SUME
 []


Overfull \hbox (71.14789pt too wide) in paragraph at lines 1165--1167
[]\TU/DejaVuSansMono(0)/m/it/10 lv_ffmpeg_player_cmd_t::LV_FFMPEG_PLAYER_CMD_ST
ART
 []


Overfull \hbox (65.12738pt too wide) in paragraph at lines 1167--1169
[]\TU/DejaVuSansMono(0)/m/it/10 lv_ffmpeg_player_cmd_t::LV_FFMPEG_PLAYER_CMD_ST
OP
 []


Underfull \hbox (badness 10000) in paragraph at lines 1170--1171
[]\TU/DejaVuSansMono(0)/m/it/10 lv_ffmpeg_player_set_auto_restart \TU/FreeSerif
(0)/m/n/10 (\TU/FreeSerif(0)/m/it/10 C++
 []


Underfull \hbox (badness 10000) in paragraph at lines 1174--1175
[]\TU/DejaVuSansMono(0)/m/it/10 lv_ffmpeg_player_t::auto_restart \TU/FreeSerif(
0)/m/n/10 (\TU/FreeSerif(0)/m/it/10 C++
 []


Underfull \hbox (badness 10000) in paragraph at lines 1178--1179
[]\TU/DejaVuSansMono(0)/m/it/10 lv_ffmpeg_player_t::timer \TU/FreeSerif(0)/m/n/
10 (\TU/FreeSerif(0)/m/it/10 C++ member\TU/FreeSerif(0)/m/n/10 ),
 []


Underfull \hbox (badness 10000) in paragraph at lines 1180--1182
[]\TU/DejaVuSansMono(0)/m/it/10 lv_flex_align_t::LV_FLEX_ALIGN_CENTER
 []


Overfull \hbox (29.00433pt too wide) in paragraph at lines 1184--1186
[]\TU/DejaVuSansMono(0)/m/it/10 lv_flex_align_t::LV_FLEX_ALIGN_SPACE_AROUND
 []


Overfull \hbox (35.02484pt too wide) in paragraph at lines 1186--1188
[]\TU/DejaVuSansMono(0)/m/it/10 lv_flex_align_t::LV_FLEX_ALIGN_SPACE_BETWEEN
 []


Overfull \hbox (29.00433pt too wide) in paragraph at lines 1188--1190
[]\TU/DejaVuSansMono(0)/m/it/10 lv_flex_align_t::LV_FLEX_ALIGN_SPACE_EVENLY
 []


Underfull \hbox (badness 10000) in paragraph at lines 1190--1192
[]\TU/DejaVuSansMono(0)/m/it/10 lv_flex_align_t::LV_FLEX_ALIGN_START
 []


Underfull \hbox (badness 10000) in paragraph at lines 1193--1195
[]\TU/DejaVuSansMono(0)/m/it/10 lv_flex_flow_t::LV_FLEX_FLOW_COLUMN
 []


Overfull \hbox (29.00433pt too wide) in paragraph at lines 1195--1197
[]\TU/DejaVuSansMono(0)/m/it/10 lv_flex_flow_t::LV_FLEX_FLOW_COLUMN_REVERSE
 []


Overfull \hbox (10.94281pt too wide) in paragraph at lines 1197--1199
[]\TU/DejaVuSansMono(0)/m/it/10 lv_flex_flow_t::LV_FLEX_FLOW_COLUMN_WRAP
 []


Overfull \hbox (59.10687pt too wide) in paragraph at lines 1199--1201
[]\TU/DejaVuSansMono(0)/m/it/10 lv_flex_flow_t::LV_FLEX_FLOW_COLUMN_WRAP_REVERS
E
 []


Underfull \hbox (badness 10000) in paragraph at lines 1201--1202
[]\TU/DejaVuSansMono(0)/m/it/10 lv_flex_flow_t::LV_FLEX_FLOW_ROW \TU/FreeSerif(
0)/m/n/10 (\TU/FreeSerif(0)/m/it/10 C++
 []


Overfull \hbox (10.94281pt too wide) in paragraph at lines 1202--1204
[]\TU/DejaVuSansMono(0)/m/it/10 lv_flex_flow_t::LV_FLEX_FLOW_ROW_REVERSE
 []


Underfull \hbox (badness 10000) in paragraph at lines 1204--1206
[]\TU/DejaVuSansMono(0)/m/it/10 lv_flex_flow_t::LV_FLEX_FLOW_ROW_WRAP
 []


Overfull \hbox (41.04535pt too wide) in paragraph at lines 1206--1208
[]\TU/DejaVuSansMono(0)/m/it/10 lv_flex_flow_t::LV_FLEX_FLOW_ROW_WRAP_REVERSE
 []

[973]
Underfull \hbox (badness 10000) in paragraph at lines 1214--1215
[]\TU/DejaVuSansMono(0)/m/it/10 lv_fragment_get_container \TU/FreeSerif(0)/m/n/
10 (\TU/FreeSerif(0)/m/it/10 C++ function\TU/FreeSerif(0)/m/n/10 ),
 []


Underfull \hbox (badness 10000) in paragraph at lines 1217--1218
[]\TU/DejaVuSansMono(0)/m/it/10 lv_fragment_managed_states_t \TU/FreeSerif(0)/m
/n/10 (\TU/FreeSerif(0)/m/it/10 C++ type\TU/FreeSerif(0)/m/n/10 ),
 []


Underfull \hbox (badness 10000) in paragraph at lines 1223--1225
[]\TU/DejaVuSansMono(0)/m/it/10 lv_fragment_manager_find_by_container
 []


Overfull \hbox (4.9223pt too wide) in paragraph at lines 1225--1227
[]\TU/DejaVuSansMono(0)/m/it/10 lv_fragment_manager_get_parent_fragment
 []


Underfull \hbox (badness 10000) in paragraph at lines 1252--1253
[]\TU/DejaVuSansMono(0)/m/it/10 lv_fs_file_cache_t::file_position \TU/FreeSerif
(0)/m/n/10 (\TU/FreeSerif(0)/m/it/10 C++
 []


Underfull \hbox (badness 10000) in paragraph at lines 1253--1254
[]\TU/DejaVuSansMono(0)/m/it/10 lv_fs_file_cache_t::start \TU/FreeSerif(0)/m/n/
10 (\TU/FreeSerif(0)/m/it/10 C++ member\TU/FreeSerif(0)/m/n/10 ),
 []


Underfull \hbox (badness 10000) in paragraph at lines 1278--1280
[]\TU/DejaVuSansMono(0)/m/it/10 LV_FT_FONT_STYLE::FT_FONT_STYLE_BOLD
 []


Underfull \hbox (badness 10000) in paragraph at lines 1280--1282
[]\TU/DejaVuSansMono(0)/m/it/10 LV_FT_FONT_STYLE::FT_FONT_STYLE_ITALIC
 []


Underfull \hbox (badness 10000) in paragraph at lines 1282--1284
[]\TU/DejaVuSansMono(0)/m/it/10 LV_FT_FONT_STYLE::FT_FONT_STYLE_NORMAL
 []

[974]
Underfull \hbox (badness 10000) in paragraph at lines 1309--1310
[]\TU/DejaVuSansMono(0)/m/it/10 lv_gradient_stop_t::color \TU/FreeSerif(0)/m/n/
10 (\TU/FreeSerif(0)/m/it/10 C++ member\TU/FreeSerif(0)/m/n/10 ),
 []


Underfull \hbox (badness 10000) in paragraph at lines 1312--1314
[]\TU/DejaVuSansMono(0)/m/it/10 lv_grid_align_t::LV_GRID_ALIGN_CENTER
 []


Overfull \hbox (29.00433pt too wide) in paragraph at lines 1316--1318
[]\TU/DejaVuSansMono(0)/m/it/10 lv_grid_align_t::LV_GRID_ALIGN_SPACE_AROUND
 []


Overfull \hbox (35.02484pt too wide) in paragraph at lines 1318--1320
[]\TU/DejaVuSansMono(0)/m/it/10 lv_grid_align_t::LV_GRID_ALIGN_SPACE_BETWEEN
 []


Overfull \hbox (29.00433pt too wide) in paragraph at lines 1320--1322
[]\TU/DejaVuSansMono(0)/m/it/10 lv_grid_align_t::LV_GRID_ALIGN_SPACE_EVENLY
 []


Underfull \hbox (badness 10000) in paragraph at lines 1322--1324
[]\TU/DejaVuSansMono(0)/m/it/10 lv_grid_align_t::LV_GRID_ALIGN_START
 []


Underfull \hbox (badness 10000) in paragraph at lines 1324--1326
[]\TU/DejaVuSansMono(0)/m/it/10 lv_grid_align_t::LV_GRID_ALIGN_STRETCH
 []


Overfull \hbox (4.9223pt too wide) in paragraph at lines 1330--1332
[]\TU/DejaVuSansMono(0)/m/it/10 lv_gridnav_ctrl_t::LV_GRIDNAV_CTRL_NONE
 []


Overfull \hbox (29.00433pt too wide) in paragraph at lines 1332--1334
[]\TU/DejaVuSansMono(0)/m/it/10 lv_gridnav_ctrl_t::LV_GRIDNAV_CTRL_ROLLOVER
 []


Overfull \hbox (53.08636pt too wide) in paragraph at lines 1334--1336
[]\TU/DejaVuSansMono(0)/m/it/10 lv_gridnav_ctrl_t::LV_GRIDNAV_CTRL_SCROLL_FIRST

 []


Overfull \hbox (101.25043pt too wide) in paragraph at lines 1355--1357
[]\TU/DejaVuSansMono(0)/m/it/10 lv_group_refocus_policy_t::LV_GROUP_REFOCUS_POL
ICY_NEXT
 []


Overfull \hbox (101.25043pt too wide) in paragraph at lines 1357--1359
[]\TU/DejaVuSansMono(0)/m/it/10 lv_group_refocus_policy_t::LV_GROUP_REFOCUS_POL
ICY_PREV
 []


Underfull \hbox (badness 10000) in paragraph at lines 1371--1372
[]\TU/DejaVuSansMono(0)/m/it/10 lv_ime_pinyin_get_cand_panel \TU/FreeSerif(0)/m
/n/10 (\TU/FreeSerif(0)/m/it/10 C++ func-
 []


Overfull \hbox (35.02484pt too wide) in paragraph at lines 1375--1377
[]\TU/DejaVuSansMono(0)/m/it/10 lv_ime_pinyin_mode_t::LV_IME_PINYIN_MODE_K26
 []


Overfull \hbox (29.00433pt too wide) in paragraph at lines 1377--1379
[]\TU/DejaVuSansMono(0)/m/it/10 lv_ime_pinyin_mode_t::LV_IME_PINYIN_MODE_K9
 []


Underfull \hbox (badness 10000) in paragraph at lines 1383--1384
[]\TU/DejaVuSansMono(0)/m/it/10 lv_ime_pinyin_t::cand_num \TU/FreeSerif(0)/m/n/
10 (\TU/FreeSerif(0)/m/it/10 C++ member\TU/FreeSerif(0)/m/n/10 ),
 []


Underfull \hbox (badness 10000) in paragraph at lines 1385--1386
[]\TU/DejaVuSansMono(0)/m/it/10 lv_ime_pinyin_t::cand_str \TU/FreeSerif(0)/m/n/
10 (\TU/FreeSerif(0)/m/it/10 C++ member\TU/FreeSerif(0)/m/n/10 ),
 []


Underfull \hbox (badness 10000) in paragraph at lines 1389--1390
[]\TU/DejaVuSansMono(0)/m/it/10 lv_ime_pinyin_t::k9_input_str_len \TU/FreeSerif
(0)/m/n/10 (\TU/FreeSerif(0)/m/it/10 C++
 []


Underfull \hbox (badness 10000) in paragraph at lines 1391--1392
[]\TU/DejaVuSansMono(0)/m/it/10 lv_ime_pinyin_t::k9_legal_py_ll \TU/FreeSerif(0
)/m/n/10 (\TU/FreeSerif(0)/m/it/10 C++
 []

[975]
Underfull \hbox (badness 10000) in paragraph at lines 1399--1400
[]\TU/DejaVuSansMono(0)/m/it/10 lv_ime_pinyin_t::ta_count \TU/FreeSerif(0)/m/n/
10 (\TU/FreeSerif(0)/m/it/10 C++ member\TU/FreeSerif(0)/m/n/10 ),
 []


Underfull \hbox (badness 10000) in paragraph at lines 1424--1425
[]\TU/DejaVuSansMono(0)/m/it/10 lv_img_header_t::always_zero \TU/FreeSerif(0)/m
/n/10 (\TU/FreeSerif(0)/m/it/10 C++ mem-
 []


Underfull \hbox (badness 10000) in paragraph at lines 1427--1428
[]\TU/DejaVuSansMono(0)/m/it/10 lv_img_header_t::reserved \TU/FreeSerif(0)/m/n/
10 (\TU/FreeSerif(0)/m/it/10 C++ member\TU/FreeSerif(0)/m/n/10 ),
 []


Overfull \hbox (4.9223pt too wide) in paragraph at lines 1459--1461
[]\TU/DejaVuSansMono(0)/m/it/10 lv_imgbtn_state_t::_LV_IMGBTN_STATE_NUM
 []


Overfull \hbox (77.1684pt too wide) in paragraph at lines 1461--1463
[]\TU/DejaVuSansMono(0)/m/it/10 lv_imgbtn_state_t::LV_IMGBTN_STATE_CHECKED_DISA
BLED
 []


Overfull \hbox (71.14789pt too wide) in paragraph at lines 1463--1465
[]\TU/DejaVuSansMono(0)/m/it/10 lv_imgbtn_state_t::LV_IMGBTN_STATE_CHECKED_PRES
SED
 []


Overfull \hbox (77.1684pt too wide) in paragraph at lines 1465--1467
[]\TU/DejaVuSansMono(0)/m/it/10 lv_imgbtn_state_t::LV_IMGBTN_STATE_CHECKED_RELE
ASED
 []


Overfull \hbox (29.00433pt too wide) in paragraph at lines 1467--1469
[]\TU/DejaVuSansMono(0)/m/it/10 lv_imgbtn_state_t::LV_IMGBTN_STATE_DISABLED
 []


Overfull \hbox (22.98383pt too wide) in paragraph at lines 1469--1471
[]\TU/DejaVuSansMono(0)/m/it/10 lv_imgbtn_state_t::LV_IMGBTN_STATE_PRESSED
 []


Overfull \hbox (29.00433pt too wide) in paragraph at lines 1471--1473
[]\TU/DejaVuSansMono(0)/m/it/10 lv_imgbtn_state_t::LV_IMGBTN_STATE_RELEASED
 []


Underfull \hbox (badness 10000) in paragraph at lines 1475--1476
[]\TU/DejaVuSansMono(0)/m/it/10 lv_imgbtn_t::img_src_left \TU/FreeSerif(0)/m/n/
10 (\TU/FreeSerif(0)/m/it/10 C++ member\TU/FreeSerif(0)/m/n/10 ),
 []


Underfull \hbox (badness 10000) in paragraph at lines 1483--1484
[]\TU/DejaVuSansMono(0)/m/it/10 lv_indev_data_t::continue_reading \TU/FreeSerif
(0)/m/n/10 (\TU/FreeSerif(0)/m/it/10 C++
 []


Underfull \hbox (badness 10000) in paragraph at lines 1484--1485
[]\TU/DejaVuSansMono(0)/m/it/10 lv_indev_data_t::enc_diff \TU/FreeSerif(0)/m/n/
10 (\TU/FreeSerif(0)/m/it/10 C++ member\TU/FreeSerif(0)/m/n/10 ),
 []

[976]
Underfull \hbox (badness 10000) in paragraph at lines 1507--1508
[]\TU/DejaVuSansMono(0)/m/it/10 lv_indev_reset_long_press \TU/FreeSerif(0)/m/n/
10 (\TU/FreeSerif(0)/m/it/10 C++ function\TU/FreeSerif(0)/m/n/10 ),
 []


Overfull \hbox (10.94281pt too wide) in paragraph at lines 1513--1515
[]\TU/DejaVuSansMono(0)/m/it/10 lv_indev_state_t::LV_INDEV_STATE_PRESSED
 []


Overfull \hbox (16.96332pt too wide) in paragraph at lines 1515--1517
[]\TU/DejaVuSansMono(0)/m/it/10 lv_indev_state_t::LV_INDEV_STATE_RELEASED
 []


Underfull \hbox (badness 10000) in paragraph at lines 1519--1521
[]\TU/DejaVuSansMono(0)/m/it/10 lv_indev_type_t::LV_INDEV_TYPE_BUTTON
 []


Underfull \hbox (badness 10000) in paragraph at lines 1521--1523
[]\TU/DejaVuSansMono(0)/m/it/10 lv_indev_type_t::LV_INDEV_TYPE_ENCODER
 []


Underfull \hbox (badness 10000) in paragraph at lines 1523--1525
[]\TU/DejaVuSansMono(0)/m/it/10 lv_indev_type_t::LV_INDEV_TYPE_KEYPAD
 []


Underfull \hbox (badness 10000) in paragraph at lines 1525--1527
[]\TU/DejaVuSansMono(0)/m/it/10 lv_indev_type_t::LV_INDEV_TYPE_NONE
 []


Underfull \hbox (badness 10000) in paragraph at lines 1527--1529
[]\TU/DejaVuSansMono(0)/m/it/10 lv_indev_type_t::LV_INDEV_TYPE_POINTER
 []


Underfull \hbox (badness 10000) in paragraph at lines 1537--1538
[]\TU/DejaVuSansMono(0)/m/it/10 lv_keyboard_get_map_array \TU/FreeSerif(0)/m/n/
10 (\TU/FreeSerif(0)/m/it/10 C++ function\TU/FreeSerif(0)/m/n/10 ),
 []


Underfull \hbox (badness 10000) in paragraph at lines 1539--1540
[]\TU/DejaVuSansMono(0)/m/it/10 lv_keyboard_get_selected_btn \TU/FreeSerif(0)/m
/n/10 (\TU/FreeSerif(0)/m/it/10 C++ func-
 []


Underfull \hbox (badness 10000) in paragraph at lines 1559--1560
[]\TU/DejaVuSansMono(0)/m/it/10 lv_label_get_text_selection_end \TU/FreeSerif(0
)/m/n/10 (\TU/FreeSerif(0)/m/it/10 C++
 []


Underfull \hbox (badness 10000) in paragraph at lines 1560--1561
[]\TU/DejaVuSansMono(0)/m/it/10 lv_label_get_text_selection_start \TU/FreeSerif
(0)/m/n/10 (\TU/FreeSerif(0)/m/it/10 C++
 []


Underfull \hbox (badness 10000) in paragraph at lines 1567--1568
[]\TU/DejaVuSansMono(0)/m/it/10 lv_label_set_text_sel_end \TU/FreeSerif(0)/m/n/
10 (\TU/FreeSerif(0)/m/it/10 C++ function\TU/FreeSerif(0)/m/n/10 ),
 []


Underfull \hbox (badness 10000) in paragraph at lines 1572--1573
[]\TU/DejaVuSansMono(0)/m/it/10 lv_label_t::dot_tmp_alloc \TU/FreeSerif(0)/m/n/
10 (\TU/FreeSerif(0)/m/it/10 C++ member\TU/FreeSerif(0)/m/n/10 ),
 []

[977]
Overfull \hbox (77.1684pt too wide) in paragraph at lines 1592--1594
[]\TU/DejaVuSansMono(0)/m/it/10 lv_led_draw_part_type_t::LV_LED_DRAW_PART_RECTA
NGLE
 []


Underfull \hbox (badness 10000) in paragraph at lines 1627--1628
[]\TU/DejaVuSansMono(0)/m/it/10 lv_menu_get_cur_main_page \TU/FreeSerif(0)/m/n/
10 (\TU/FreeSerif(0)/m/it/10 C++ function\TU/FreeSerif(0)/m/n/10 ),
 []


Underfull \hbox (badness 10000) in paragraph at lines 1628--1629
[]\TU/DejaVuSansMono(0)/m/it/10 lv_menu_get_cur_sidebar_page \TU/FreeSerif(0)/m
/n/10 (\TU/FreeSerif(0)/m/it/10 C++ func-
 []


Underfull \hbox (badness 10000) in paragraph at lines 1630--1631
[]\TU/DejaVuSansMono(0)/m/it/10 lv_menu_get_main_header_back_btn \TU/FreeSerif(
0)/m/n/10 (\TU/FreeSerif(0)/m/it/10 C++
 []


Underfull \hbox (badness 10000) in paragraph at lines 1632--1634
[]\TU/DejaVuSansMono(0)/m/it/10 lv_menu_get_sidebar_header_back_btn
 []


Underfull \hbox (badness 10000) in paragraph at lines 1636--1637
[]\TU/DejaVuSansMono(0)/m/it/10 lv_menu_load_page_event_data_t \TU/FreeSerif(0)
/m/n/10 (\TU/FreeSerif(0)/m/it/10 C++
 []


Underfull \hbox (badness 10000) in paragraph at lines 1638--1639
[]\TU/DejaVuSansMono(0)/m/it/10 lv_menu_load_page_event_data_t::menu
 []


Underfull \hbox (badness 10000) in paragraph at lines 1639--1640
[]\TU/DejaVuSansMono(0)/m/it/10 lv_menu_load_page_event_data_t::page
 []


Underfull \hbox (badness 10000) in paragraph at lines 1643--1644
[]\TU/DejaVuSansMono(0)/m/it/10 lv_menu_mode_root_back_btn_t \TU/FreeSerif(0)/m
/n/10 (\TU/FreeSerif(0)/m/it/10 C++ type\TU/FreeSerif(0)/m/n/10 ),
 []


Underfull \hbox (badness 10000) in paragraph at lines 1659--1660
[]\TU/DejaVuSansMono(0)/m/it/10 lv_menu_sidebar_header_cont_class \TU/FreeSerif
(0)/m/n/10 (\TU/FreeSerif(0)/m/it/10 C++
 []


Underfull \hbox (badness 10000) in paragraph at lines 1665--1666
[]\TU/DejaVuSansMono(0)/m/it/10 lv_menu_t::main_header_back_btn \TU/FreeSerif(0
)/m/n/10 (\TU/FreeSerif(0)/m/it/10 C++
 []


Underfull \hbox (badness 10000) in paragraph at lines 1666--1667
[]\TU/DejaVuSansMono(0)/m/it/10 lv_menu_t::main_header_title \TU/FreeSerif(0)/m
/n/10 (\TU/FreeSerif(0)/m/it/10 C++ mem-
 []


Underfull \hbox (badness 10000) in paragraph at lines 1674--1675
[]\TU/DejaVuSansMono(0)/m/it/10 lv_menu_t::sidebar_generated \TU/FreeSerif(0)/m
/n/10 (\TU/FreeSerif(0)/m/it/10 C++ mem-
 []


Underfull \hbox (badness 10000) in paragraph at lines 1675--1676
[]\TU/DejaVuSansMono(0)/m/it/10 lv_menu_t::sidebar_header \TU/FreeSerif(0)/m/n/
10 (\TU/FreeSerif(0)/m/it/10 C++ member\TU/FreeSerif(0)/m/n/10 ),
 []


Underfull \hbox (badness 10000) in paragraph at lines 1677--1678
[]\TU/DejaVuSansMono(0)/m/it/10 lv_menu_t::sidebar_header_title \TU/FreeSerif(0
)/m/n/10 (\TU/FreeSerif(0)/m/it/10 C++
 []

[978]
Overfull \hbox (65.12738pt too wide) in paragraph at lines 1688--1690
[]\TU/DejaVuSansMono(0)/m/it/10 lv_meter_draw_part_type_t::LV_METER_DRAW_PART_A
RC
 []


Overfull \hbox (107.27094pt too wide) in paragraph at lines 1690--1692
[]\TU/DejaVuSansMono(0)/m/it/10 lv_meter_draw_part_type_t::LV_METER_DRAW_PART_N
EEDLE_IMG
 []


Overfull \hbox (113.29144pt too wide) in paragraph at lines 1692--1694
[]\TU/DejaVuSansMono(0)/m/it/10 lv_meter_draw_part_type_t::LV_METER_DRAW_PART_N
EEDLE_LINE
 []


Overfull \hbox (71.14789pt too wide) in paragraph at lines 1694--1696
[]\TU/DejaVuSansMono(0)/m/it/10 lv_meter_draw_part_type_t::LV_METER_DRAW_PART_T
ICK
 []


Underfull \hbox (badness 10000) in paragraph at lines 1697--1698
[]\TU/DejaVuSansMono(0)/m/it/10 lv_meter_indicator_t::arc \TU/FreeSerif(0)/m/n/
10 (\TU/FreeSerif(0)/m/it/10 C++ member\TU/FreeSerif(0)/m/n/10 ),
 []


Underfull \hbox (badness 10000) in paragraph at lines 1699--1700
[]\TU/DejaVuSansMono(0)/m/it/10 lv_meter_indicator_t::color_end \TU/FreeSerif(0
)/m/n/10 (\TU/FreeSerif(0)/m/it/10 C++
 []


Underfull \hbox (badness 10000) in paragraph at lines 1700--1701
[]\TU/DejaVuSansMono(0)/m/it/10 lv_meter_indicator_t::color_start \TU/FreeSerif
(0)/m/n/10 (\TU/FreeSerif(0)/m/it/10 C++
 []


Underfull \hbox (badness 10000) in paragraph at lines 1701--1702
[]\TU/DejaVuSansMono(0)/m/it/10 lv_meter_indicator_t::end_value \TU/FreeSerif(0
)/m/n/10 (\TU/FreeSerif(0)/m/it/10 C++
 []


Underfull \hbox (badness 10000) in paragraph at lines 1702--1703
[]\TU/DejaVuSansMono(0)/m/it/10 lv_meter_indicator_t::local_grad \TU/FreeSerif(
0)/m/n/10 (\TU/FreeSerif(0)/m/it/10 C++
 []


Underfull \hbox (badness 10000) in paragraph at lines 1703--1704
[]\TU/DejaVuSansMono(0)/m/it/10 lv_meter_indicator_t::needle_img \TU/FreeSerif(
0)/m/n/10 (\TU/FreeSerif(0)/m/it/10 C++
 []


Underfull \hbox (badness 10000) in paragraph at lines 1704--1705
[]\TU/DejaVuSansMono(0)/m/it/10 lv_meter_indicator_t::needle_line \TU/FreeSerif
(0)/m/n/10 (\TU/FreeSerif(0)/m/it/10 C++
 []


Underfull \hbox (badness 10000) in paragraph at lines 1705--1706
[]\TU/DejaVuSansMono(0)/m/it/10 lv_meter_indicator_t::opa \TU/FreeSerif(0)/m/n/
10 (\TU/FreeSerif(0)/m/it/10 C++ member\TU/FreeSerif(0)/m/n/10 ),
 []


Underfull \hbox (badness 10000) in paragraph at lines 1709--1710
[]\TU/DejaVuSansMono(0)/m/it/10 lv_meter_indicator_t::scale_lines \TU/FreeSerif
(0)/m/n/10 (\TU/FreeSerif(0)/m/it/10 C++
 []


Underfull \hbox (badness 10000) in paragraph at lines 1710--1711
[]\TU/DejaVuSansMono(0)/m/it/10 lv_meter_indicator_t::src \TU/FreeSerif(0)/m/n/
10 (\TU/FreeSerif(0)/m/it/10 C++ member\TU/FreeSerif(0)/m/n/10 ),
 []


Underfull \hbox (badness 10000) in paragraph at lines 1711--1712
[]\TU/DejaVuSansMono(0)/m/it/10 lv_meter_indicator_t::start_value \TU/FreeSerif
(0)/m/n/10 (\TU/FreeSerif(0)/m/it/10 C++
 []


Underfull \hbox (badness 10000) in paragraph at lines 1713--1714
[]\TU/DejaVuSansMono(0)/m/it/10 lv_meter_indicator_t::type_data \TU/FreeSerif(0
)/m/n/10 (\TU/FreeSerif(0)/m/it/10 C++
 []


Underfull \hbox (badness 10000) in paragraph at lines 1715--1716
[]\TU/DejaVuSansMono(0)/m/it/10 lv_meter_indicator_t::width_mod \TU/FreeSerif(0
)/m/n/10 (\TU/FreeSerif(0)/m/it/10 C++
 []


Underfull \hbox (badness 10000) in paragraph at lines 1725--1726
[]\TU/DejaVuSansMono(0)/m/it/10 lv_meter_scale_t::tick_color \TU/FreeSerif(0)/m
/n/10 (\TU/FreeSerif(0)/m/it/10 C++ mem-
 []


Underfull \hbox (badness 10000) in paragraph at lines 1728--1729
[]\TU/DejaVuSansMono(0)/m/it/10 lv_meter_scale_t::tick_major_length
 []


Underfull \hbox (badness 10000) in paragraph at lines 1729--1730
[]\TU/DejaVuSansMono(0)/m/it/10 lv_meter_scale_t::tick_major_nth \TU/FreeSerif(
0)/m/n/10 (\TU/FreeSerif(0)/m/it/10 C++
 []


Underfull \hbox (badness 10000) in paragraph at lines 1731--1732
[]\TU/DejaVuSansMono(0)/m/it/10 lv_meter_scale_t::tick_width \TU/FreeSerif(0)/m
/n/10 (\TU/FreeSerif(0)/m/it/10 C++ mem-
 []


Underfull \hbox (badness 10000) in paragraph at lines 1732--1733
[]\TU/DejaVuSansMono(0)/m/it/10 lv_meter_set_indicator_end_value \TU/FreeSerif(
0)/m/n/10 (\TU/FreeSerif(0)/m/it/10 C++
 []


Underfull \hbox (badness 10000) in paragraph at lines 1734--1735
[]\TU/DejaVuSansMono(0)/m/it/10 lv_meter_set_indicator_value \TU/FreeSerif(0)/m
/n/10 (\TU/FreeSerif(0)/m/it/10 C++ func-
 []


Underfull \hbox (badness 10000) in paragraph at lines 1744--1745
[]\TU/DejaVuSansMono(0)/m/it/10 lv_monkey_config_t::input_range \TU/FreeSerif(0
)/m/n/10 (\TU/FreeSerif(0)/m/it/10 C++
 []


Underfull \hbox (badness 10000) in paragraph at lines 1747--1748
[]\TU/DejaVuSansMono(0)/m/it/10 lv_monkey_config_t::period_range \TU/FreeSerif(
0)/m/n/10 (\TU/FreeSerif(0)/m/it/10 C++
 []

[979]
Underfull \hbox (badness 10000) in paragraph at lines 1797--1798
[]\TU/DejaVuSansMono(0)/m/it/10 lv_obj_allocate_spec_attr \TU/FreeSerif(0)/m/n/
10 (\TU/FreeSerif(0)/m/it/10 C++ function\TU/FreeSerif(0)/m/n/10 ),
 []


Overfull \hbox (89.20941pt too wide) in paragraph at lines 1805--1807
[]\TU/DejaVuSansMono(0)/m/it/10 lv_obj_draw_part_type_t::LV_OBJ_DRAW_PART_BORDE
R_POST
 []


Overfull \hbox (77.1684pt too wide) in paragraph at lines 1807--1809
[]\TU/DejaVuSansMono(0)/m/it/10 lv_obj_draw_part_type_t::LV_OBJ_DRAW_PART_RECTA
NGLE
 []


Overfull \hbox (77.1684pt too wide) in paragraph at lines 1809--1811
[]\TU/DejaVuSansMono(0)/m/it/10 lv_obj_draw_part_type_t::LV_OBJ_DRAW_PART_SCROL
LBAR
 []


Underfull \hbox (badness 10000) in paragraph at lines 1820--1822
[]\TU/DejaVuSansMono(0)/m/it/10 lv_obj_get_style_arc_color_filtered
 []


Underfull \hbox (badness 10000) in paragraph at lines 1822--1823
[]\TU/DejaVuSansMono(0)/m/it/10 lv_obj_get_style_arc_img_src \TU/FreeSerif(0)/m
/n/10 (\TU/FreeSerif(0)/m/it/10 C++ func-
 []


Underfull \hbox (badness 10000) in paragraph at lines 1824--1825
[]\TU/DejaVuSansMono(0)/m/it/10 lv_obj_get_style_arc_rounded \TU/FreeSerif(0)/m
/n/10 (\TU/FreeSerif(0)/m/it/10 C++ func-
 []


Underfull \hbox (badness 10000) in paragraph at lines 1826--1827
[]\TU/DejaVuSansMono(0)/m/it/10 lv_obj_get_style_base_dir \TU/FreeSerif(0)/m/n/
10 (\TU/FreeSerif(0)/m/it/10 C++ function\TU/FreeSerif(0)/m/n/10 ),
 []


Underfull \hbox (badness 10000) in paragraph at lines 1827--1828
[]\TU/DejaVuSansMono(0)/m/it/10 lv_obj_get_style_bg_color \TU/FreeSerif(0)/m/n/
10 (\TU/FreeSerif(0)/m/it/10 C++ function\TU/FreeSerif(0)/m/n/10 ),
 []


Underfull \hbox (badness 10000) in paragraph at lines 1829--1830
[]\TU/DejaVuSansMono(0)/m/it/10 lv_obj_get_style_bg_dither_mode \TU/FreeSerif(0
)/m/n/10 (\TU/FreeSerif(0)/m/it/10 C++
 []


Overfull \hbox (4.9223pt too wide) in paragraph at lines 1832--1834
[]\TU/DejaVuSansMono(0)/m/it/10 lv_obj_get_style_bg_grad_color_filtered
 []


Underfull \hbox (badness 10000) in paragraph at lines 1834--1835
[]\TU/DejaVuSansMono(0)/m/it/10 lv_obj_get_style_bg_grad_dir \TU/FreeSerif(0)/m
/n/10 (\TU/FreeSerif(0)/m/it/10 C++ func-
 []


Underfull \hbox (badness 10000) in paragraph at lines 1837--1838
[]\TU/DejaVuSansMono(0)/m/it/10 lv_obj_get_style_bg_img_recolor \TU/FreeSerif(0
)/m/n/10 (\TU/FreeSerif(0)/m/it/10 C++
 []


Overfull \hbox (10.94281pt too wide) in paragraph at lines 1838--1840
[]\TU/DejaVuSansMono(0)/m/it/10 lv_obj_get_style_bg_img_recolor_filtered
 []

[980]
Underfull \hbox (badness 10000) in paragraph at lines 1840--1842
[]\TU/DejaVuSansMono(0)/m/it/10 lv_obj_get_style_bg_img_recolor_opa
 []


Underfull \hbox (badness 10000) in paragraph at lines 1848--1850
[]\TU/DejaVuSansMono(0)/m/it/10 lv_obj_get_style_border_color_filtered
 []


Underfull \hbox (badness 10000) in paragraph at lines 1851--1852
[]\TU/DejaVuSansMono(0)/m/it/10 lv_obj_get_style_border_post \TU/FreeSerif(0)/m
/n/10 (\TU/FreeSerif(0)/m/it/10 C++ func-
 []


Underfull \hbox (badness 10000) in paragraph at lines 1852--1853
[]\TU/DejaVuSansMono(0)/m/it/10 lv_obj_get_style_border_side \TU/FreeSerif(0)/m
/n/10 (\TU/FreeSerif(0)/m/it/10 C++ func-
 []


Underfull \hbox (badness 10000) in paragraph at lines 1854--1855
[]\TU/DejaVuSansMono(0)/m/it/10 lv_obj_get_style_clip_corner \TU/FreeSerif(0)/m
/n/10 (\TU/FreeSerif(0)/m/it/10 C++ func-
 []


Underfull \hbox (badness 10000) in paragraph at lines 1855--1856
[]\TU/DejaVuSansMono(0)/m/it/10 lv_obj_get_style_color_filter_dsc \TU/FreeSerif
(0)/m/n/10 (\TU/FreeSerif(0)/m/it/10 C++
 []


Underfull \hbox (badness 10000) in paragraph at lines 1856--1857
[]\TU/DejaVuSansMono(0)/m/it/10 lv_obj_get_style_color_filter_opa \TU/FreeSerif
(0)/m/n/10 (\TU/FreeSerif(0)/m/it/10 C++
 []


Underfull \hbox (badness 10000) in paragraph at lines 1857--1858
[]\TU/DejaVuSansMono(0)/m/it/10 lv_obj_get_style_flex_cross_place \TU/FreeSerif
(0)/m/n/10 (\TU/FreeSerif(0)/m/it/10 C++
 []


Underfull \hbox (badness 10000) in paragraph at lines 1860--1861
[]\TU/DejaVuSansMono(0)/m/it/10 lv_obj_get_style_flex_main_place \TU/FreeSerif(
0)/m/n/10 (\TU/FreeSerif(0)/m/it/10 C++
 []


Underfull \hbox (badness 10000) in paragraph at lines 1861--1862
[]\TU/DejaVuSansMono(0)/m/it/10 lv_obj_get_style_flex_track_place \TU/FreeSerif
(0)/m/n/10 (\TU/FreeSerif(0)/m/it/10 C++
 []


Underfull \hbox (badness 10000) in paragraph at lines 1862--1864
[]\TU/DejaVuSansMono(0)/m/it/10 lv_obj_get_style_grid_cell_column_pos
 []


Underfull \hbox (badness 10000) in paragraph at lines 1864--1866
[]\TU/DejaVuSansMono(0)/m/it/10 lv_obj_get_style_grid_cell_column_span
 []


Underfull \hbox (badness 10000) in paragraph at lines 1868--1870
[]\TU/DejaVuSansMono(0)/m/it/10 lv_obj_get_style_grid_cell_row_span
 []


Underfull \hbox (badness 10000) in paragraph at lines 1875--1877
[]\TU/DejaVuSansMono(0)/m/it/10 lv_obj_get_style_grid_column_dsc_array
 []


Underfull \hbox (badness 10000) in paragraph at lines 1877--1878
[]\TU/DejaVuSansMono(0)/m/it/10 lv_obj_get_style_grid_row_align \TU/FreeSerif(0
)/m/n/10 (\TU/FreeSerif(0)/m/it/10 C++
 []


Underfull \hbox (badness 10000) in paragraph at lines 1878--1880
[]\TU/DejaVuSansMono(0)/m/it/10 lv_obj_get_style_grid_row_dsc_array
 []


Underfull \hbox (badness 10000) in paragraph at lines 1882--1883
[]\TU/DejaVuSansMono(0)/m/it/10 lv_obj_get_style_img_recolor \TU/FreeSerif(0)/m
/n/10 (\TU/FreeSerif(0)/m/it/10 C++ func-
 []


Underfull \hbox (badness 10000) in paragraph at lines 1883--1885
[]\TU/DejaVuSansMono(0)/m/it/10 lv_obj_get_style_img_recolor_filtered
 []


Underfull \hbox (badness 10000) in paragraph at lines 1885--1886
[]\TU/DejaVuSansMono(0)/m/it/10 lv_obj_get_style_img_recolor_opa \TU/FreeSerif(
0)/m/n/10 (\TU/FreeSerif(0)/m/it/10 C++
 []


Underfull \hbox (badness 10000) in paragraph at lines 1888--1890
[]\TU/DejaVuSansMono(0)/m/it/10 lv_obj_get_style_line_color_filtered
 []


Underfull \hbox (badness 10000) in paragraph at lines 1891--1892
[]\TU/DejaVuSansMono(0)/m/it/10 lv_obj_get_style_line_dash_width \TU/FreeSerif(
0)/m/n/10 (\TU/FreeSerif(0)/m/it/10 C++
 []


Underfull \hbox (badness 10000) in paragraph at lines 1892--1893
[]\TU/DejaVuSansMono(0)/m/it/10 lv_obj_get_style_line_opa \TU/FreeSerif(0)/m/n/
10 (\TU/FreeSerif(0)/m/it/10 C++ function\TU/FreeSerif(0)/m/n/10 ),
 []


Underfull \hbox (badness 10000) in paragraph at lines 1900--1901
[]\TU/DejaVuSansMono(0)/m/it/10 lv_obj_get_style_opa_layered \TU/FreeSerif(0)/m
/n/10 (\TU/FreeSerif(0)/m/it/10 C++ func-
 []


Overfull \hbox (4.9223pt too wide) in paragraph at lines 1902--1904
[]\TU/DejaVuSansMono(0)/m/it/10 lv_obj_get_style_outline_color_filtered
 []


Underfull \hbox (badness 10000) in paragraph at lines 1904--1905
[]\TU/DejaVuSansMono(0)/m/it/10 lv_obj_get_style_outline_opa \TU/FreeSerif(0)/m
/n/10 (\TU/FreeSerif(0)/m/it/10 C++ func-
 []


Underfull \hbox (badness 10000) in paragraph at lines 1905--1906
[]\TU/DejaVuSansMono(0)/m/it/10 lv_obj_get_style_outline_pad \TU/FreeSerif(0)/m
/n/10 (\TU/FreeSerif(0)/m/it/10 C++ func-
 []


Underfull \hbox (badness 10000) in paragraph at lines 1909--1910
[]\TU/DejaVuSansMono(0)/m/it/10 lv_obj_get_style_pad_left \TU/FreeSerif(0)/m/n/
10 (\TU/FreeSerif(0)/m/it/10 C++ function\TU/FreeSerif(0)/m/n/10 ),
 []

[981]
Underfull \hbox (badness 10000) in paragraph at lines 1915--1917
[]\TU/DejaVuSansMono(0)/m/it/10 lv_obj_get_style_shadow_color_filtered
 []


Underfull \hbox (badness 10000) in paragraph at lines 1924--1926
[]\TU/DejaVuSansMono(0)/m/it/10 lv_obj_get_style_text_color_filtered
 []


Underfull \hbox (badness 10000) in paragraph at lines 1929--1930
[]\TU/DejaVuSansMono(0)/m/it/10 lv_obj_get_style_text_line_space \TU/FreeSerif(
0)/m/n/10 (\TU/FreeSerif(0)/m/it/10 C++
 []


Underfull \hbox (badness 10000) in paragraph at lines 1930--1931
[]\TU/DejaVuSansMono(0)/m/it/10 lv_obj_get_style_text_opa \TU/FreeSerif(0)/m/n/
10 (\TU/FreeSerif(0)/m/it/10 C++ function\TU/FreeSerif(0)/m/n/10 ),
 []


Underfull \hbox (badness 10000) in paragraph at lines 1931--1932
[]\TU/DejaVuSansMono(0)/m/it/10 lv_obj_get_style_transform_angle \TU/FreeSerif(
0)/m/n/10 (\TU/FreeSerif(0)/m/it/10 C++
 []


Underfull \hbox (badness 10000) in paragraph at lines 1932--1933
[]\TU/DejaVuSansMono(0)/m/it/10 lv_obj_get_style_transform_height \TU/FreeSerif
(0)/m/n/10 (\TU/FreeSerif(0)/m/it/10 C++
 []


Underfull \hbox (badness 10000) in paragraph at lines 1935--1936
[]\TU/DejaVuSansMono(0)/m/it/10 lv_obj_get_style_transform_width \TU/FreeSerif(
0)/m/n/10 (\TU/FreeSerif(0)/m/it/10 C++
 []


Underfull \hbox (badness 10000) in paragraph at lines 1936--1937
[]\TU/DejaVuSansMono(0)/m/it/10 lv_obj_get_style_transform_zoom \TU/FreeSerif(0
)/m/n/10 (\TU/FreeSerif(0)/m/it/10 C++
 []


Underfull \hbox (badness 10000) in paragraph at lines 1938--1939
[]\TU/DejaVuSansMono(0)/m/it/10 lv_obj_get_style_translate_x \TU/FreeSerif(0)/m
/n/10 (\TU/FreeSerif(0)/m/it/10 C++ func-
 []


Underfull \hbox (badness 10000) in paragraph at lines 1939--1940
[]\TU/DejaVuSansMono(0)/m/it/10 lv_obj_get_style_translate_y \TU/FreeSerif(0)/m
/n/10 (\TU/FreeSerif(0)/m/it/10 C++ func-
 []


Underfull \hbox (badness 10000) in paragraph at lines 1954--1955
[]\TU/DejaVuSansMono(0)/m/it/10 lv_obj_set_grid_dsc_array \TU/FreeSerif(0)/m/n/
10 (\TU/FreeSerif(0)/m/it/10 C++ function\TU/FreeSerif(0)/m/n/10 ),
 []


Underfull \hbox (badness 10000) in paragraph at lines 1960--1961
[]\TU/DejaVuSansMono(0)/m/it/10 lv_obj_set_style_arc_img_src \TU/FreeSerif(0)/m
/n/10 (\TU/FreeSerif(0)/m/it/10 C++ func-
 []


Underfull \hbox (badness 10000) in paragraph at lines 1962--1963
[]\TU/DejaVuSansMono(0)/m/it/10 lv_obj_set_style_arc_rounded \TU/FreeSerif(0)/m
/n/10 (\TU/FreeSerif(0)/m/it/10 C++ func-
 []


Underfull \hbox (badness 10000) in paragraph at lines 1964--1965
[]\TU/DejaVuSansMono(0)/m/it/10 lv_obj_set_style_base_dir \TU/FreeSerif(0)/m/n/
10 (\TU/FreeSerif(0)/m/it/10 C++ function\TU/FreeSerif(0)/m/n/10 ),
 []


Underfull \hbox (badness 10000) in paragraph at lines 1965--1966
[]\TU/DejaVuSansMono(0)/m/it/10 lv_obj_set_style_bg_color \TU/FreeSerif(0)/m/n/
10 (\TU/FreeSerif(0)/m/it/10 C++ function\TU/FreeSerif(0)/m/n/10 ),
 []


Underfull \hbox (badness 10000) in paragraph at lines 1966--1967
[]\TU/DejaVuSansMono(0)/m/it/10 lv_obj_set_style_bg_dither_mode \TU/FreeSerif(0
)/m/n/10 (\TU/FreeSerif(0)/m/it/10 C++
 []


Underfull \hbox (badness 10000) in paragraph at lines 1969--1970
[]\TU/DejaVuSansMono(0)/m/it/10 lv_obj_set_style_bg_grad_dir \TU/FreeSerif(0)/m
/n/10 (\TU/FreeSerif(0)/m/it/10 C++ func-
 []


Underfull \hbox (badness 10000) in paragraph at lines 1972--1973
[]\TU/DejaVuSansMono(0)/m/it/10 lv_obj_set_style_bg_img_recolor \TU/FreeSerif(0
)/m/n/10 (\TU/FreeSerif(0)/m/it/10 C++
 []


Underfull \hbox (badness 10000) in paragraph at lines 1973--1975
[]\TU/DejaVuSansMono(0)/m/it/10 lv_obj_set_style_bg_img_recolor_opa
 []

[982]
Underfull \hbox (badness 10000) in paragraph at lines 1982--1983
[]\TU/DejaVuSansMono(0)/m/it/10 lv_obj_set_style_border_post \TU/FreeSerif(0)/m
/n/10 (\TU/FreeSerif(0)/m/it/10 C++ func-
 []


Underfull \hbox (badness 10000) in paragraph at lines 1983--1984
[]\TU/DejaVuSansMono(0)/m/it/10 lv_obj_set_style_border_side \TU/FreeSerif(0)/m
/n/10 (\TU/FreeSerif(0)/m/it/10 C++ func-
 []


Underfull \hbox (badness 10000) in paragraph at lines 1985--1986
[]\TU/DejaVuSansMono(0)/m/it/10 lv_obj_set_style_clip_corner \TU/FreeSerif(0)/m
/n/10 (\TU/FreeSerif(0)/m/it/10 C++ func-
 []


Underfull \hbox (badness 10000) in paragraph at lines 1986--1987
[]\TU/DejaVuSansMono(0)/m/it/10 lv_obj_set_style_color_filter_dsc \TU/FreeSerif
(0)/m/n/10 (\TU/FreeSerif(0)/m/it/10 C++
 []


Underfull \hbox (badness 10000) in paragraph at lines 1987--1988
[]\TU/DejaVuSansMono(0)/m/it/10 lv_obj_set_style_color_filter_opa \TU/FreeSerif
(0)/m/n/10 (\TU/FreeSerif(0)/m/it/10 C++
 []


Underfull \hbox (badness 10000) in paragraph at lines 1988--1989
[]\TU/DejaVuSansMono(0)/m/it/10 lv_obj_set_style_flex_cross_place \TU/FreeSerif
(0)/m/n/10 (\TU/FreeSerif(0)/m/it/10 C++
 []


Underfull \hbox (badness 10000) in paragraph at lines 1991--1992
[]\TU/DejaVuSansMono(0)/m/it/10 lv_obj_set_style_flex_main_place \TU/FreeSerif(
0)/m/n/10 (\TU/FreeSerif(0)/m/it/10 C++
 []


Underfull \hbox (badness 10000) in paragraph at lines 1992--1993
[]\TU/DejaVuSansMono(0)/m/it/10 lv_obj_set_style_flex_track_place \TU/FreeSerif
(0)/m/n/10 (\TU/FreeSerif(0)/m/it/10 C++
 []


Underfull \hbox (badness 10000) in paragraph at lines 1993--1995
[]\TU/DejaVuSansMono(0)/m/it/10 lv_obj_set_style_grid_cell_column_pos
 []


Underfull \hbox (badness 10000) in paragraph at lines 1995--1997
[]\TU/DejaVuSansMono(0)/m/it/10 lv_obj_set_style_grid_cell_column_span
 []


Underfull \hbox (badness 10000) in paragraph at lines 1999--2001
[]\TU/DejaVuSansMono(0)/m/it/10 lv_obj_set_style_grid_cell_row_span
 []


Underfull \hbox (badness 10000) in paragraph at lines 2006--2008
[]\TU/DejaVuSansMono(0)/m/it/10 lv_obj_set_style_grid_column_dsc_array
 []


Underfull \hbox (badness 10000) in paragraph at lines 2008--2009
[]\TU/DejaVuSansMono(0)/m/it/10 lv_obj_set_style_grid_row_align \TU/FreeSerif(0
)/m/n/10 (\TU/FreeSerif(0)/m/it/10 C++
 []


Underfull \hbox (badness 10000) in paragraph at lines 2009--2011
[]\TU/DejaVuSansMono(0)/m/it/10 lv_obj_set_style_grid_row_dsc_array
 []


Underfull \hbox (badness 10000) in paragraph at lines 2013--2014
[]\TU/DejaVuSansMono(0)/m/it/10 lv_obj_set_style_img_recolor \TU/FreeSerif(0)/m
/n/10 (\TU/FreeSerif(0)/m/it/10 C++ func-
 []


Underfull \hbox (badness 10000) in paragraph at lines 2014--2015
[]\TU/DejaVuSansMono(0)/m/it/10 lv_obj_set_style_img_recolor_opa \TU/FreeSerif(
0)/m/n/10 (\TU/FreeSerif(0)/m/it/10 C++
 []


Underfull \hbox (badness 10000) in paragraph at lines 2018--2019
[]\TU/DejaVuSansMono(0)/m/it/10 lv_obj_set_style_line_dash_width \TU/FreeSerif(
0)/m/n/10 (\TU/FreeSerif(0)/m/it/10 C++
 []


Underfull \hbox (badness 10000) in paragraph at lines 2019--2020
[]\TU/DejaVuSansMono(0)/m/it/10 lv_obj_set_style_line_opa \TU/FreeSerif(0)/m/n/
10 (\TU/FreeSerif(0)/m/it/10 C++ function\TU/FreeSerif(0)/m/n/10 ),
 []


Underfull \hbox (badness 10000) in paragraph at lines 2027--2028
[]\TU/DejaVuSansMono(0)/m/it/10 lv_obj_set_style_opa_layered \TU/FreeSerif(0)/m
/n/10 (\TU/FreeSerif(0)/m/it/10 C++ func-
 []


Underfull \hbox (badness 10000) in paragraph at lines 2029--2030
[]\TU/DejaVuSansMono(0)/m/it/10 lv_obj_set_style_outline_opa \TU/FreeSerif(0)/m
/n/10 (\TU/FreeSerif(0)/m/it/10 C++ func-
 []


Underfull \hbox (badness 10000) in paragraph at lines 2030--2031
[]\TU/DejaVuSansMono(0)/m/it/10 lv_obj_set_style_outline_pad \TU/FreeSerif(0)/m
/n/10 (\TU/FreeSerif(0)/m/it/10 C++ func-
 []


Underfull \hbox (badness 10000) in paragraph at lines 2034--2035
[]\TU/DejaVuSansMono(0)/m/it/10 lv_obj_set_style_pad_left \TU/FreeSerif(0)/m/n/
10 (\TU/FreeSerif(0)/m/it/10 C++ function\TU/FreeSerif(0)/m/n/10 ),
 []

[983]
Underfull \hbox (badness 10000) in paragraph at lines 2050--2051
[]\TU/DejaVuSansMono(0)/m/it/10 lv_obj_set_style_text_line_space \TU/FreeSerif(
0)/m/n/10 (\TU/FreeSerif(0)/m/it/10 C++
 []


Underfull \hbox (badness 10000) in paragraph at lines 2051--2052
[]\TU/DejaVuSansMono(0)/m/it/10 lv_obj_set_style_text_opa \TU/FreeSerif(0)/m/n/
10 (\TU/FreeSerif(0)/m/it/10 C++ function\TU/FreeSerif(0)/m/n/10 ),
 []


Underfull \hbox (badness 10000) in paragraph at lines 2052--2053
[]\TU/DejaVuSansMono(0)/m/it/10 lv_obj_set_style_transform_angle \TU/FreeSerif(
0)/m/n/10 (\TU/FreeSerif(0)/m/it/10 C++
 []


Underfull \hbox (badness 10000) in paragraph at lines 2053--2054
[]\TU/DejaVuSansMono(0)/m/it/10 lv_obj_set_style_transform_height \TU/FreeSerif
(0)/m/n/10 (\TU/FreeSerif(0)/m/it/10 C++
 []


Underfull \hbox (badness 10000) in paragraph at lines 2056--2057
[]\TU/DejaVuSansMono(0)/m/it/10 lv_obj_set_style_transform_width \TU/FreeSerif(
0)/m/n/10 (\TU/FreeSerif(0)/m/it/10 C++
 []


Underfull \hbox (badness 10000) in paragraph at lines 2057--2058
[]\TU/DejaVuSansMono(0)/m/it/10 lv_obj_set_style_transform_zoom \TU/FreeSerif(0
)/m/n/10 (\TU/FreeSerif(0)/m/it/10 C++
 []


Underfull \hbox (badness 10000) in paragraph at lines 2059--2060
[]\TU/DejaVuSansMono(0)/m/it/10 lv_obj_set_style_translate_x \TU/FreeSerif(0)/m
/n/10 (\TU/FreeSerif(0)/m/it/10 C++ func-
 []


Underfull \hbox (badness 10000) in paragraph at lines 2060--2061
[]\TU/DejaVuSansMono(0)/m/it/10 lv_obj_set_style_translate_y \TU/FreeSerif(0)/m
/n/10 (\TU/FreeSerif(0)/m/it/10 C++ func-
 []


Underfull \hbox (badness 6758) in paragraph at lines 2074--2075
[]\TU/DejaVuSansMono(0)/m/it/10 lv_palette_t::LV_PALETTE_BLUE \TU/FreeSerif(0)/
m/n/10 (\TU/FreeSerif(0)/m/it/10 C++ enu-
 []


Underfull \hbox (badness 6758) in paragraph at lines 2078--2079
[]\TU/DejaVuSansMono(0)/m/it/10 lv_palette_t::LV_PALETTE_CYAN \TU/FreeSerif(0)/
m/n/10 (\TU/FreeSerif(0)/m/it/10 C++ enu-
 []


Underfull \hbox (badness 10000) in paragraph at lines 2079--2081
[]\TU/DejaVuSansMono(0)/m/it/10 lv_palette_t::LV_PALETTE_DEEP_ORANGE
 []


Underfull \hbox (badness 10000) in paragraph at lines 2081--2083
[]\TU/DejaVuSansMono(0)/m/it/10 lv_palette_t::LV_PALETTE_DEEP_PURPLE
 []


Underfull \hbox (badness 6758) in paragraph at lines 2084--2085
[]\TU/DejaVuSansMono(0)/m/it/10 lv_palette_t::LV_PALETTE_GREY \TU/FreeSerif(0)/
m/n/10 (\TU/FreeSerif(0)/m/it/10 C++ enu-
 []


Underfull \hbox (badness 10000) in paragraph at lines 2085--2086
[]\TU/DejaVuSansMono(0)/m/it/10 lv_palette_t::LV_PALETTE_INDIGO \TU/FreeSerif(0
)/m/n/10 (\TU/FreeSerif(0)/m/it/10 C++
 []


Underfull \hbox (badness 10000) in paragraph at lines 2086--2088
[]\TU/DejaVuSansMono(0)/m/it/10 lv_palette_t::LV_PALETTE_LIGHT_BLUE
 []


Underfull \hbox (badness 10000) in paragraph at lines 2088--2090
[]\TU/DejaVuSansMono(0)/m/it/10 lv_palette_t::LV_PALETTE_LIGHT_GREEN
 []


Underfull \hbox (badness 6758) in paragraph at lines 2090--2091
[]\TU/DejaVuSansMono(0)/m/it/10 lv_palette_t::LV_PALETTE_LIME \TU/FreeSerif(0)/
m/n/10 (\TU/FreeSerif(0)/m/it/10 C++ enu-
 []


Underfull \hbox (badness 6758) in paragraph at lines 2091--2092
[]\TU/DejaVuSansMono(0)/m/it/10 lv_palette_t::LV_PALETTE_NONE \TU/FreeSerif(0)/
m/n/10 (\TU/FreeSerif(0)/m/it/10 C++ enu-
 []


Underfull \hbox (badness 10000) in paragraph at lines 2092--2093
[]\TU/DejaVuSansMono(0)/m/it/10 lv_palette_t::LV_PALETTE_ORANGE \TU/FreeSerif(0
)/m/n/10 (\TU/FreeSerif(0)/m/it/10 C++
 []


Underfull \hbox (badness 6758) in paragraph at lines 2093--2094
[]\TU/DejaVuSansMono(0)/m/it/10 lv_palette_t::LV_PALETTE_PINK \TU/FreeSerif(0)/
m/n/10 (\TU/FreeSerif(0)/m/it/10 C++ enu-
 []


Underfull \hbox (badness 10000) in paragraph at lines 2094--2095
[]\TU/DejaVuSansMono(0)/m/it/10 lv_palette_t::LV_PALETTE_PURPLE \TU/FreeSerif(0
)/m/n/10 (\TU/FreeSerif(0)/m/it/10 C++
 []


Underfull \hbox (badness 6758) in paragraph at lines 2096--2097
[]\TU/DejaVuSansMono(0)/m/it/10 lv_palette_t::LV_PALETTE_TEAL \TU/FreeSerif(0)/
m/n/10 (\TU/FreeSerif(0)/m/it/10 C++ enu-
 []


Underfull \hbox (badness 10000) in paragraph at lines 2097--2098
[]\TU/DejaVuSansMono(0)/m/it/10 lv_palette_t::LV_PALETTE_YELLOW \TU/FreeSerif(0
)/m/n/10 (\TU/FreeSerif(0)/m/it/10 C++
 []


Overfull \hbox (29.00433pt too wide) in paragraph at lines 2111--2113
[]\TU/DejaVuSansMono(0)/m/it/10 lv_rlottie_ctrl_t::LV_RLOTTIE_CTRL_BACKWARD
 []


Overfull \hbox (22.98383pt too wide) in paragraph at lines 2113--2115
[]\TU/DejaVuSansMono(0)/m/it/10 lv_rlottie_ctrl_t::LV_RLOTTIE_CTRL_FORWARD
 []

[984]
Overfull \hbox (4.9223pt too wide) in paragraph at lines 2115--2117
[]\TU/DejaVuSansMono(0)/m/it/10 lv_rlottie_ctrl_t::LV_RLOTTIE_CTRL_LOOP
 []


Overfull \hbox (10.94281pt too wide) in paragraph at lines 2117--2119
[]\TU/DejaVuSansMono(0)/m/it/10 lv_rlottie_ctrl_t::LV_RLOTTIE_CTRL_PAUSE
 []


Overfull \hbox (4.9223pt too wide) in paragraph at lines 2119--2121
[]\TU/DejaVuSansMono(0)/m/it/10 lv_rlottie_ctrl_t::LV_RLOTTIE_CTRL_PLAY
 []


Underfull \hbox (badness 10000) in paragraph at lines 2121--2122
[]\TU/DejaVuSansMono(0)/m/it/10 lv_rlottie_set_current_frame \TU/FreeSerif(0)/m
/n/10 (\TU/FreeSerif(0)/m/it/10 C++ func-
 []


Underfull \hbox (badness 10000) in paragraph at lines 2125--2126
[]\TU/DejaVuSansMono(0)/m/it/10 lv_rlottie_t::allocated_buffer_size
 []


Underfull \hbox (badness 10000) in paragraph at lines 2133--2134
[]\TU/DejaVuSansMono(0)/m/it/10 lv_rlottie_t::scanline_width \TU/FreeSerif(0)/m
/n/10 (\TU/FreeSerif(0)/m/it/10 C++ mem-
 []


Underfull \hbox (badness 10000) in paragraph at lines 2145--2146
[]\TU/DejaVuSansMono(0)/m/it/10 lv_roller_set_visible_row_count \TU/FreeSerif(0
)/m/n/10 (\TU/FreeSerif(0)/m/it/10 C++
 []


Overfull \hbox (35.02484pt too wide) in paragraph at lines 2157--2159
[]\TU/DejaVuSansMono(0)/m/it/10 lv_scr_load_anim_t::LV_SCR_LOAD_ANIM_FADE_IN
 []


Overfull \hbox (35.02484pt too wide) in paragraph at lines 2159--2161
[]\TU/DejaVuSansMono(0)/m/it/10 lv_scr_load_anim_t::LV_SCR_LOAD_ANIM_FADE_ON
 []


Overfull \hbox (41.04535pt too wide) in paragraph at lines 2161--2163
[]\TU/DejaVuSansMono(0)/m/it/10 lv_scr_load_anim_t::LV_SCR_LOAD_ANIM_FADE_OUT
 []


Overfull \hbox (59.10687pt too wide) in paragraph at lines 2163--2165
[]\TU/DejaVuSansMono(0)/m/it/10 lv_scr_load_anim_t::LV_SCR_LOAD_ANIM_MOVE_BOTTO
M
 []


Overfull \hbox (47.06586pt too wide) in paragraph at lines 2165--2167
[]\TU/DejaVuSansMono(0)/m/it/10 lv_scr_load_anim_t::LV_SCR_LOAD_ANIM_MOVE_LEFT
 []


Overfull \hbox (53.08636pt too wide) in paragraph at lines 2167--2169
[]\TU/DejaVuSansMono(0)/m/it/10 lv_scr_load_anim_t::LV_SCR_LOAD_ANIM_MOVE_RIGHT

 []


Overfull \hbox (41.04535pt too wide) in paragraph at lines 2169--2171
[]\TU/DejaVuSansMono(0)/m/it/10 lv_scr_load_anim_t::LV_SCR_LOAD_ANIM_MOVE_TOP
 []


Overfull \hbox (16.96332pt too wide) in paragraph at lines 2171--2173
[]\TU/DejaVuSansMono(0)/m/it/10 lv_scr_load_anim_t::LV_SCR_LOAD_ANIM_NONE
 []


Overfull \hbox (53.08636pt too wide) in paragraph at lines 2173--2175
[]\TU/DejaVuSansMono(0)/m/it/10 lv_scr_load_anim_t::LV_SCR_LOAD_ANIM_OUT_BOTTOM

 []


Overfull \hbox (41.04535pt too wide) in paragraph at lines 2175--2177
[]\TU/DejaVuSansMono(0)/m/it/10 lv_scr_load_anim_t::LV_SCR_LOAD_ANIM_OUT_LEFT
 []


Overfull \hbox (47.06586pt too wide) in paragraph at lines 2177--2179
[]\TU/DejaVuSansMono(0)/m/it/10 lv_scr_load_anim_t::LV_SCR_LOAD_ANIM_OUT_RIGHT
 []


Overfull \hbox (35.02484pt too wide) in paragraph at lines 2179--2181
[]\TU/DejaVuSansMono(0)/m/it/10 lv_scr_load_anim_t::LV_SCR_LOAD_ANIM_OUT_TOP
 []


Overfull \hbox (59.10687pt too wide) in paragraph at lines 2181--2183
[]\TU/DejaVuSansMono(0)/m/it/10 lv_scr_load_anim_t::LV_SCR_LOAD_ANIM_OVER_BOTTO
M
 []


Overfull \hbox (47.06586pt too wide) in paragraph at lines 2183--2185
[]\TU/DejaVuSansMono(0)/m/it/10 lv_scr_load_anim_t::LV_SCR_LOAD_ANIM_OVER_LEFT
 []


Overfull \hbox (53.08636pt too wide) in paragraph at lines 2185--2187
[]\TU/DejaVuSansMono(0)/m/it/10 lv_scr_load_anim_t::LV_SCR_LOAD_ANIM_OVER_RIGHT

 []


Overfull \hbox (41.04535pt too wide) in paragraph at lines 2187--2189
[]\TU/DejaVuSansMono(0)/m/it/10 lv_scr_load_anim_t::LV_SCR_LOAD_ANIM_OVER_TOP
 []


Overfull \hbox (83.1889pt too wide) in paragraph at lines 2192--2194
[]\TU/DejaVuSansMono(0)/m/it/10 lv_slider_draw_part_type_t::LV_SLIDER_DRAW_PART
_KNOB
 []


Overfull \hbox (113.29144pt too wide) in paragraph at lines 2194--2196
[]\TU/DejaVuSansMono(0)/m/it/10 lv_slider_draw_part_type_t::LV_SLIDER_DRAW_PART
_KNOB_LEFT
 []

[985]
Underfull \hbox (badness 10000) in paragraph at lines 2211--2212
[]\TU/DejaVuSansMono(0)/m/it/10 lv_slider_t::left_knob_focus \TU/FreeSerif(0)/m
/n/10 (\TU/FreeSerif(0)/m/it/10 C++ mem-
 []


Underfull \hbox (badness 10000) in paragraph at lines 2212--2213
[]\TU/DejaVuSansMono(0)/m/it/10 lv_slider_t::right_knob_area \TU/FreeSerif(0)/m
/n/10 (\TU/FreeSerif(0)/m/it/10 C++ mem-
 []


Underfull \hbox (badness 10000) in paragraph at lines 2213--2214
[]\TU/DejaVuSansMono(0)/m/it/10 lv_slider_t::value_to_set \TU/FreeSerif(0)/m/n/
10 (\TU/FreeSerif(0)/m/it/10 C++ member\TU/FreeSerif(0)/m/n/10 ),
 []


Underfull \hbox (badness 10000) in paragraph at lines 2239--2240
[]\TU/DejaVuSansMono(0)/m/it/10 lv_spangroup_get_overflow \TU/FreeSerif(0)/m/n/
10 (\TU/FreeSerif(0)/m/it/10 C++ function\TU/FreeSerif(0)/m/n/10 ),
 []


Underfull \hbox (badness 10000) in paragraph at lines 2246--2247
[]\TU/DejaVuSansMono(0)/m/it/10 lv_spangroup_set_overflow \TU/FreeSerif(0)/m/n/
10 (\TU/FreeSerif(0)/m/it/10 C++ function\TU/FreeSerif(0)/m/n/10 ),
 []


Underfull \hbox (badness 10000) in paragraph at lines 2264--2265
[]\TU/DejaVuSansMono(0)/m/it/10 lv_spinbox_set_cursor_pos \TU/FreeSerif(0)/m/n/
10 (\TU/FreeSerif(0)/m/it/10 C++ function\TU/FreeSerif(0)/m/n/10 ),
 []


Underfull \hbox (badness 10000) in paragraph at lines 2266--2267
[]\TU/DejaVuSansMono(0)/m/it/10 lv_spinbox_set_digit_step_direction
 []


Underfull \hbox (badness 10000) in paragraph at lines 2275--2276
[]\TU/DejaVuSansMono(0)/m/it/10 lv_spinbox_t::digit_count \TU/FreeSerif(0)/m/n/
10 (\TU/FreeSerif(0)/m/it/10 C++ member\TU/FreeSerif(0)/m/n/10 ),
 []


Underfull \hbox (badness 10000) in paragraph at lines 2276--2277
[]\TU/DejaVuSansMono(0)/m/it/10 lv_spinbox_t::digit_step_dir \TU/FreeSerif(0)/m
/n/10 (\TU/FreeSerif(0)/m/it/10 C++ mem-
 []


Underfull \hbox (badness 10000) in paragraph at lines 2289--2290
[]\TU/DejaVuSansMono(0)/m/it/10 lv_style_const_prop_t::value \TU/FreeSerif(0)/m
/n/10 (\TU/FreeSerif(0)/m/it/10 C++ mem-
 []


Underfull \hbox (badness 10000) in paragraph at lines 2290--2291
[]\TU/DejaVuSansMono(0)/m/it/10 LV_STYLE_FLEX_CROSS_PLACE \TU/FreeSerif(0)/m/n/
10 (\TU/FreeSerif(0)/m/it/10 C++ member\TU/FreeSerif(0)/m/n/10 ),
 []


Underfull \hbox (badness 10000) in paragraph at lines 2294--2295
[]\TU/DejaVuSansMono(0)/m/it/10 LV_STYLE_FLEX_TRACK_PLACE \TU/FreeSerif(0)/m/n/
10 (\TU/FreeSerif(0)/m/it/10 C++ member\TU/FreeSerif(0)/m/n/10 ),
 []


Underfull \hbox (badness 10000) in paragraph at lines 2297--2298
[]\TU/DejaVuSansMono(0)/m/it/10 lv_style_get_prop_inlined \TU/FreeSerif(0)/m/n/
10 (\TU/FreeSerif(0)/m/it/10 C++ function\TU/FreeSerif(0)/m/n/10 ),
 []

[986]
Underfull \hbox (badness 10000) in paragraph at lines 2310--2311
[]\TU/DejaVuSansMono(0)/m/it/10 lv_style_prop_get_default \TU/FreeSerif(0)/m/n/
10 (\TU/FreeSerif(0)/m/it/10 C++ function\TU/FreeSerif(0)/m/n/10 ),
 []


Overfull \hbox (41.04535pt too wide) in paragraph at lines 2313--2315
[]\TU/DejaVuSansMono(0)/m/it/10 lv_style_prop_t::_LV_STYLE_LAST_BUILT_IN_PROP
 []


Overfull \hbox (41.04535pt too wide) in paragraph at lines 2315--2317
[]\TU/DejaVuSansMono(0)/m/it/10 lv_style_prop_t::_LV_STYLE_NUM_BUILT_IN_PROPS
 []


Underfull \hbox (badness 10000) in paragraph at lines 2317--2319
[]\TU/DejaVuSansMono(0)/m/it/10 lv_style_prop_t::_LV_STYLE_PROP_CONST
 []


Underfull \hbox (badness 10000) in paragraph at lines 2319--2320
[]\TU/DejaVuSansMono(0)/m/it/10 lv_style_prop_t::LV_STYLE_ALIGN \TU/FreeSerif(0
)/m/n/10 (\TU/FreeSerif(0)/m/it/10 C++
 []


Underfull \hbox (badness 10000) in paragraph at lines 2321--2323
[]\TU/DejaVuSansMono(0)/m/it/10 lv_style_prop_t::LV_STYLE_ANIM_SPEED
 []


Underfull \hbox (badness 10000) in paragraph at lines 2323--2325
[]\TU/DejaVuSansMono(0)/m/it/10 lv_style_prop_t::LV_STYLE_ANIM_TIME
 []


Underfull \hbox (badness 10000) in paragraph at lines 2325--2327
[]\TU/DejaVuSansMono(0)/m/it/10 lv_style_prop_t::LV_STYLE_ARC_COLOR
 []


Underfull \hbox (badness 10000) in paragraph at lines 2327--2329
[]\TU/DejaVuSansMono(0)/m/it/10 lv_style_prop_t::LV_STYLE_ARC_IMG_SRC
 []


Underfull \hbox (badness 10000) in paragraph at lines 2329--2331
[]\TU/DejaVuSansMono(0)/m/it/10 lv_style_prop_t::LV_STYLE_ARC_OPA \TU/FreeSerif
(0)/m/n/10 (\TU/FreeSerif(0)/m/it/10 C++
 []


Underfull \hbox (badness 10000) in paragraph at lines 2331--2333
[]\TU/DejaVuSansMono(0)/m/it/10 lv_style_prop_t::LV_STYLE_ARC_ROUNDED
 []


Underfull \hbox (badness 10000) in paragraph at lines 2333--2335
[]\TU/DejaVuSansMono(0)/m/it/10 lv_style_prop_t::LV_STYLE_ARC_WIDTH
 []


Overfull \hbox (10.94281pt too wide) in paragraph at lines 2339--2341
[]\TU/DejaVuSansMono(0)/m/it/10 lv_style_prop_t::LV_STYLE_BG_DITHER_MODE
 []


Underfull \hbox (badness 10000) in paragraph at lines 2341--2343
[]\TU/DejaVuSansMono(0)/m/it/10 lv_style_prop_t::LV_STYLE_BG_GRAD \TU/FreeSerif
(0)/m/n/10 (\TU/FreeSerif(0)/m/it/10 C++
 []


Overfull \hbox (4.9223pt too wide) in paragraph at lines 2343--2345
[]\TU/DejaVuSansMono(0)/m/it/10 lv_style_prop_t::LV_STYLE_BG_GRAD_COLOR
 []


Underfull \hbox (badness 10000) in paragraph at lines 2345--2347
[]\TU/DejaVuSansMono(0)/m/it/10 lv_style_prop_t::LV_STYLE_BG_GRAD_DIR
 []


Underfull \hbox (badness 10000) in paragraph at lines 2347--2349
[]\TU/DejaVuSansMono(0)/m/it/10 lv_style_prop_t::LV_STYLE_BG_GRAD_STOP
 []


Underfull \hbox (badness 10000) in paragraph at lines 2349--2351
[]\TU/DejaVuSansMono(0)/m/it/10 lv_style_prop_t::LV_STYLE_BG_IMG_OPA
 []


Overfull \hbox (10.94281pt too wide) in paragraph at lines 2351--2353
[]\TU/DejaVuSansMono(0)/m/it/10 lv_style_prop_t::LV_STYLE_BG_IMG_RECOLOR
 []


Overfull \hbox (35.02484pt too wide) in paragraph at lines 2353--2355
[]\TU/DejaVuSansMono(0)/m/it/10 lv_style_prop_t::LV_STYLE_BG_IMG_RECOLOR_OPA
 []


Underfull \hbox (badness 10000) in paragraph at lines 2355--2357
[]\TU/DejaVuSansMono(0)/m/it/10 lv_style_prop_t::LV_STYLE_BG_IMG_SRC
 []


Underfull \hbox (badness 10000) in paragraph at lines 2357--2359
[]\TU/DejaVuSansMono(0)/m/it/10 lv_style_prop_t::LV_STYLE_BG_IMG_TILED
 []


Underfull \hbox (badness 10000) in paragraph at lines 2359--2361
[]\TU/DejaVuSansMono(0)/m/it/10 lv_style_prop_t::LV_STYLE_BG_MAIN_STOP
 []


Underfull \hbox (badness 10000) in paragraph at lines 2361--2362
[]\TU/DejaVuSansMono(0)/m/it/10 lv_style_prop_t::LV_STYLE_BG_OPA \TU/FreeSerif(
0)/m/n/10 (\TU/FreeSerif(0)/m/it/10 C++
 []


Underfull \hbox (badness 10000) in paragraph at lines 2362--2364
[]\TU/DejaVuSansMono(0)/m/it/10 lv_style_prop_t::LV_STYLE_BLEND_MODE
 []


Underfull \hbox (badness 10000) in paragraph at lines 2364--2366
[]\TU/DejaVuSansMono(0)/m/it/10 lv_style_prop_t::LV_STYLE_BORDER_COLOR
 []


Underfull \hbox (badness 10000) in paragraph at lines 2366--2368
[]\TU/DejaVuSansMono(0)/m/it/10 lv_style_prop_t::LV_STYLE_BORDER_OPA
 []


Underfull \hbox (badness 10000) in paragraph at lines 2368--2370
[]\TU/DejaVuSansMono(0)/m/it/10 lv_style_prop_t::LV_STYLE_BORDER_POST
 []


Underfull \hbox (badness 10000) in paragraph at lines 2370--2372
[]\TU/DejaVuSansMono(0)/m/it/10 lv_style_prop_t::LV_STYLE_BORDER_SIDE
 []


Underfull \hbox (badness 10000) in paragraph at lines 2372--2374
[]\TU/DejaVuSansMono(0)/m/it/10 lv_style_prop_t::LV_STYLE_BORDER_WIDTH
 []


Underfull \hbox (badness 10000) in paragraph at lines 2374--2376
[]\TU/DejaVuSansMono(0)/m/it/10 lv_style_prop_t::LV_STYLE_CLIP_CORNER
 []


Overfull \hbox (22.98383pt too wide) in paragraph at lines 2376--2378
[]\TU/DejaVuSansMono(0)/m/it/10 lv_style_prop_t::LV_STYLE_COLOR_FILTER_DSC
 []


Overfull \hbox (22.98383pt too wide) in paragraph at lines 2378--2380
[]\TU/DejaVuSansMono(0)/m/it/10 lv_style_prop_t::LV_STYLE_COLOR_FILTER_OPA
 []


Underfull \hbox (badness 10000) in paragraph at lines 2380--2381
[]\TU/DejaVuSansMono(0)/m/it/10 lv_style_prop_t::LV_STYLE_HEIGHT \TU/FreeSerif(
0)/m/n/10 (\TU/FreeSerif(0)/m/it/10 C++
 []


Underfull \hbox (badness 10000) in paragraph at lines 2381--2383
[]\TU/DejaVuSansMono(0)/m/it/10 lv_style_prop_t::LV_STYLE_IMG_OPA \TU/FreeSerif
(0)/m/n/10 (\TU/FreeSerif(0)/m/it/10 C++
 []


Underfull \hbox (badness 10000) in paragraph at lines 2383--2385
[]\TU/DejaVuSansMono(0)/m/it/10 lv_style_prop_t::LV_STYLE_IMG_RECOLOR
 []


Overfull \hbox (16.96332pt too wide) in paragraph at lines 2385--2387
[]\TU/DejaVuSansMono(0)/m/it/10 lv_style_prop_t::LV_STYLE_IMG_RECOLOR_OPA
 []


Underfull \hbox (badness 10000) in paragraph at lines 2387--2388
[]\TU/DejaVuSansMono(0)/m/it/10 lv_style_prop_t::LV_STYLE_LAYOUT \TU/FreeSerif(
0)/m/n/10 (\TU/FreeSerif(0)/m/it/10 C++
 []


Underfull \hbox (badness 10000) in paragraph at lines 2388--2390
[]\TU/DejaVuSansMono(0)/m/it/10 lv_style_prop_t::LV_STYLE_LINE_COLOR
 []

[987]
Overfull \hbox (4.9223pt too wide) in paragraph at lines 2390--2392
[]\TU/DejaVuSansMono(0)/m/it/10 lv_style_prop_t::LV_STYLE_LINE_DASH_GAP
 []


Overfull \hbox (16.96332pt too wide) in paragraph at lines 2392--2394
[]\TU/DejaVuSansMono(0)/m/it/10 lv_style_prop_t::LV_STYLE_LINE_DASH_WIDTH
 []


Underfull \hbox (badness 10000) in paragraph at lines 2396--2398
[]\TU/DejaVuSansMono(0)/m/it/10 lv_style_prop_t::LV_STYLE_LINE_ROUNDED
 []


Underfull \hbox (badness 10000) in paragraph at lines 2398--2400
[]\TU/DejaVuSansMono(0)/m/it/10 lv_style_prop_t::LV_STYLE_LINE_WIDTH
 []


Underfull \hbox (badness 10000) in paragraph at lines 2400--2402
[]\TU/DejaVuSansMono(0)/m/it/10 lv_style_prop_t::LV_STYLE_MAX_HEIGHT
 []


Underfull \hbox (badness 10000) in paragraph at lines 2402--2404
[]\TU/DejaVuSansMono(0)/m/it/10 lv_style_prop_t::LV_STYLE_MAX_WIDTH
 []


Underfull \hbox (badness 10000) in paragraph at lines 2404--2406
[]\TU/DejaVuSansMono(0)/m/it/10 lv_style_prop_t::LV_STYLE_MIN_HEIGHT
 []


Underfull \hbox (badness 10000) in paragraph at lines 2406--2408
[]\TU/DejaVuSansMono(0)/m/it/10 lv_style_prop_t::LV_STYLE_MIN_WIDTH
 []


Underfull \hbox (badness 6758) in paragraph at lines 2408--2409
[]\TU/DejaVuSansMono(0)/m/it/10 lv_style_prop_t::LV_STYLE_OPA \TU/FreeSerif(0)/
m/n/10 (\TU/FreeSerif(0)/m/it/10 C++ enu-
 []


Underfull \hbox (badness 10000) in paragraph at lines 2409--2411
[]\TU/DejaVuSansMono(0)/m/it/10 lv_style_prop_t::LV_STYLE_OPA_LAYERED
 []


Overfull \hbox (4.9223pt too wide) in paragraph at lines 2411--2413
[]\TU/DejaVuSansMono(0)/m/it/10 lv_style_prop_t::LV_STYLE_OUTLINE_COLOR
 []


Underfull \hbox (badness 10000) in paragraph at lines 2413--2415
[]\TU/DejaVuSansMono(0)/m/it/10 lv_style_prop_t::LV_STYLE_OUTLINE_OPA
 []


Underfull \hbox (badness 10000) in paragraph at lines 2415--2417
[]\TU/DejaVuSansMono(0)/m/it/10 lv_style_prop_t::LV_STYLE_OUTLINE_PAD
 []


Overfull \hbox (4.9223pt too wide) in paragraph at lines 2417--2419
[]\TU/DejaVuSansMono(0)/m/it/10 lv_style_prop_t::LV_STYLE_OUTLINE_WIDTH
 []


Underfull \hbox (badness 10000) in paragraph at lines 2419--2421
[]\TU/DejaVuSansMono(0)/m/it/10 lv_style_prop_t::LV_STYLE_PAD_BOTTOM
 []


Underfull \hbox (badness 10000) in paragraph at lines 2421--2423
[]\TU/DejaVuSansMono(0)/m/it/10 lv_style_prop_t::LV_STYLE_PAD_COLUMN
 []


Underfull \hbox (badness 10000) in paragraph at lines 2425--2427
[]\TU/DejaVuSansMono(0)/m/it/10 lv_style_prop_t::LV_STYLE_PAD_RIGHT
 []


Underfull \hbox (badness 10000) in paragraph at lines 2427--2429
[]\TU/DejaVuSansMono(0)/m/it/10 lv_style_prop_t::LV_STYLE_PAD_ROW \TU/FreeSerif
(0)/m/n/10 (\TU/FreeSerif(0)/m/it/10 C++
 []


Underfull \hbox (badness 10000) in paragraph at lines 2429--2431
[]\TU/DejaVuSansMono(0)/m/it/10 lv_style_prop_t::LV_STYLE_PAD_TOP \TU/FreeSerif
(0)/m/n/10 (\TU/FreeSerif(0)/m/it/10 C++
 []


Underfull \hbox (badness 10000) in paragraph at lines 2435--2436
[]\TU/DejaVuSansMono(0)/m/it/10 lv_style_prop_t::LV_STYLE_RADIUS \TU/FreeSerif(
0)/m/n/10 (\TU/FreeSerif(0)/m/it/10 C++
 []


Underfull \hbox (badness 10000) in paragraph at lines 2436--2438
[]\TU/DejaVuSansMono(0)/m/it/10 lv_style_prop_t::LV_STYLE_SHADOW_COLOR
 []


Underfull \hbox (badness 10000) in paragraph at lines 2438--2440
[]\TU/DejaVuSansMono(0)/m/it/10 lv_style_prop_t::LV_STYLE_SHADOW_OFS_X
 []


Underfull \hbox (badness 10000) in paragraph at lines 2440--2442
[]\TU/DejaVuSansMono(0)/m/it/10 lv_style_prop_t::LV_STYLE_SHADOW_OFS_Y
 []


Underfull \hbox (badness 10000) in paragraph at lines 2442--2444
[]\TU/DejaVuSansMono(0)/m/it/10 lv_style_prop_t::LV_STYLE_SHADOW_OPA
 []


Overfull \hbox (4.9223pt too wide) in paragraph at lines 2444--2446
[]\TU/DejaVuSansMono(0)/m/it/10 lv_style_prop_t::LV_STYLE_SHADOW_SPREAD
 []


Underfull \hbox (badness 10000) in paragraph at lines 2446--2448
[]\TU/DejaVuSansMono(0)/m/it/10 lv_style_prop_t::LV_STYLE_SHADOW_WIDTH
 []


Underfull \hbox (badness 10000) in paragraph at lines 2448--2450
[]\TU/DejaVuSansMono(0)/m/it/10 lv_style_prop_t::LV_STYLE_TEXT_ALIGN
 []


Underfull \hbox (badness 10000) in paragraph at lines 2450--2452
[]\TU/DejaVuSansMono(0)/m/it/10 lv_style_prop_t::LV_STYLE_TEXT_COLOR
 []


Underfull \hbox (badness 10000) in paragraph at lines 2452--2454
[]\TU/DejaVuSansMono(0)/m/it/10 lv_style_prop_t::LV_STYLE_TEXT_DECOR
 []


Underfull \hbox (badness 10000) in paragraph at lines 2454--2456
[]\TU/DejaVuSansMono(0)/m/it/10 lv_style_prop_t::LV_STYLE_TEXT_FONT
 []


Overfull \hbox (29.00433pt too wide) in paragraph at lines 2456--2458
[]\TU/DejaVuSansMono(0)/m/it/10 lv_style_prop_t::LV_STYLE_TEXT_LETTER_SPACE
 []


Overfull \hbox (16.96332pt too wide) in paragraph at lines 2458--2460
[]\TU/DejaVuSansMono(0)/m/it/10 lv_style_prop_t::LV_STYLE_TEXT_LINE_SPACE
 []


Overfull \hbox (16.96332pt too wide) in paragraph at lines 2462--2464
[]\TU/DejaVuSansMono(0)/m/it/10 lv_style_prop_t::LV_STYLE_TRANSFORM_ANGLE
 []


Overfull \hbox (22.98383pt too wide) in paragraph at lines 2464--2466
[]\TU/DejaVuSansMono(0)/m/it/10 lv_style_prop_t::LV_STYLE_TRANSFORM_HEIGHT
 []


Overfull \hbox (29.00433pt too wide) in paragraph at lines 2466--2468
[]\TU/DejaVuSansMono(0)/m/it/10 lv_style_prop_t::LV_STYLE_TRANSFORM_PIVOT_X
 []


Overfull \hbox (29.00433pt too wide) in paragraph at lines 2468--2470
[]\TU/DejaVuSansMono(0)/m/it/10 lv_style_prop_t::LV_STYLE_TRANSFORM_PIVOT_Y
 []


Overfull \hbox (16.96332pt too wide) in paragraph at lines 2470--2472
[]\TU/DejaVuSansMono(0)/m/it/10 lv_style_prop_t::LV_STYLE_TRANSFORM_WIDTH
 []


Overfull \hbox (10.94281pt too wide) in paragraph at lines 2472--2474
[]\TU/DejaVuSansMono(0)/m/it/10 lv_style_prop_t::LV_STYLE_TRANSFORM_ZOOM
 []


Underfull \hbox (badness 10000) in paragraph at lines 2474--2476
[]\TU/DejaVuSansMono(0)/m/it/10 lv_style_prop_t::LV_STYLE_TRANSITION
 []


Underfull \hbox (badness 10000) in paragraph at lines 2476--2478
[]\TU/DejaVuSansMono(0)/m/it/10 lv_style_prop_t::LV_STYLE_TRANSLATE_X
 []


Underfull \hbox (badness 10000) in paragraph at lines 2478--2480
[]\TU/DejaVuSansMono(0)/m/it/10 lv_style_prop_t::LV_STYLE_TRANSLATE_Y
 []


Underfull \hbox (badness 10000) in paragraph at lines 2480--2481
[]\TU/DejaVuSansMono(0)/m/it/10 lv_style_prop_t::LV_STYLE_WIDTH \TU/FreeSerif(0
)/m/n/10 (\TU/FreeSerif(0)/m/it/10 C++
 []

[988]
Underfull \hbox (badness 10000) in paragraph at lines 2502--2503
[]\TU/DejaVuSansMono(0)/m/it/10 lv_style_set_bg_grad_stop \TU/FreeSerif(0)/m/n/
10 (\TU/FreeSerif(0)/m/it/10 C++ function\TU/FreeSerif(0)/m/n/10 ),
 []


Underfull \hbox (badness 10000) in paragraph at lines 2505--2506
[]\TU/DejaVuSansMono(0)/m/it/10 lv_style_set_bg_img_recolor_opa \TU/FreeSerif(0
)/m/n/10 (\TU/FreeSerif(0)/m/it/10 C++
 []


Underfull \hbox (badness 10000) in paragraph at lines 2507--2508
[]\TU/DejaVuSansMono(0)/m/it/10 lv_style_set_bg_img_tiled \TU/FreeSerif(0)/m/n/
10 (\TU/FreeSerif(0)/m/it/10 C++ function\TU/FreeSerif(0)/m/n/10 ),
 []


Underfull \hbox (badness 10000) in paragraph at lines 2508--2509
[]\TU/DejaVuSansMono(0)/m/it/10 lv_style_set_bg_main_stop \TU/FreeSerif(0)/m/n/
10 (\TU/FreeSerif(0)/m/it/10 C++ function\TU/FreeSerif(0)/m/n/10 ),
 []


Underfull \hbox (badness 10000) in paragraph at lines 2511--2512
[]\TU/DejaVuSansMono(0)/m/it/10 lv_style_set_border_color \TU/FreeSerif(0)/m/n/
10 (\TU/FreeSerif(0)/m/it/10 C++ function\TU/FreeSerif(0)/m/n/10 ),
 []


Underfull \hbox (badness 10000) in paragraph at lines 2515--2516
[]\TU/DejaVuSansMono(0)/m/it/10 lv_style_set_border_width \TU/FreeSerif(0)/m/n/
10 (\TU/FreeSerif(0)/m/it/10 C++ function\TU/FreeSerif(0)/m/n/10 ),
 []


Underfull \hbox (badness 10000) in paragraph at lines 2522--2523
[]\TU/DejaVuSansMono(0)/m/it/10 lv_style_set_flex_main_place \TU/FreeSerif(0)/m
/n/10 (\TU/FreeSerif(0)/m/it/10 C++ func-
 []


Underfull \hbox (badness 10000) in paragraph at lines 2524--2525
[]\TU/DejaVuSansMono(0)/m/it/10 lv_style_set_grid_cell_column_pos \TU/FreeSerif
(0)/m/n/10 (\TU/FreeSerif(0)/m/it/10 C++
 []


Underfull \hbox (badness 10000) in paragraph at lines 2527--2528
[]\TU/DejaVuSansMono(0)/m/it/10 lv_style_set_grid_cell_row_span \TU/FreeSerif(0
)/m/n/10 (\TU/FreeSerif(0)/m/it/10 C++
 []


Underfull \hbox (badness 10000) in paragraph at lines 2533--2534
[]\TU/DejaVuSansMono(0)/m/it/10 lv_style_set_grid_row_dsc_array \TU/FreeSerif(0
)/m/n/10 (\TU/FreeSerif(0)/m/it/10 C++
 []


Underfull \hbox (badness 10000) in paragraph at lines 2537--2538
[]\TU/DejaVuSansMono(0)/m/it/10 lv_style_set_img_recolor_opa \TU/FreeSerif(0)/m
/n/10 (\TU/FreeSerif(0)/m/it/10 C++ func-
 []


Underfull \hbox (badness 10000) in paragraph at lines 2541--2542
[]\TU/DejaVuSansMono(0)/m/it/10 lv_style_set_line_dash_width \TU/FreeSerif(0)/m
/n/10 (\TU/FreeSerif(0)/m/it/10 C++ func-
 []


Underfull \hbox (badness 10000) in paragraph at lines 2543--2544
[]\TU/DejaVuSansMono(0)/m/it/10 lv_style_set_line_rounded \TU/FreeSerif(0)/m/n/
10 (\TU/FreeSerif(0)/m/it/10 C++ function\TU/FreeSerif(0)/m/n/10 ),
 []


Underfull \hbox (badness 10000) in paragraph at lines 2568--2569
[]\TU/DejaVuSansMono(0)/m/it/10 lv_style_set_shadow_color \TU/FreeSerif(0)/m/n/
10 (\TU/FreeSerif(0)/m/it/10 C++ function\TU/FreeSerif(0)/m/n/10 ),
 []


Underfull \hbox (badness 10000) in paragraph at lines 2569--2570
[]\TU/DejaVuSansMono(0)/m/it/10 lv_style_set_shadow_ofs_x \TU/FreeSerif(0)/m/n/
10 (\TU/FreeSerif(0)/m/it/10 C++ function\TU/FreeSerif(0)/m/n/10 ),
 []

[989]
Underfull \hbox (badness 10000) in paragraph at lines 2570--2571
[]\TU/DejaVuSansMono(0)/m/it/10 lv_style_set_shadow_ofs_y \TU/FreeSerif(0)/m/n/
10 (\TU/FreeSerif(0)/m/it/10 C++ function\TU/FreeSerif(0)/m/n/10 ),
 []


Underfull \hbox (badness 10000) in paragraph at lines 2573--2574
[]\TU/DejaVuSansMono(0)/m/it/10 lv_style_set_shadow_width \TU/FreeSerif(0)/m/n/
10 (\TU/FreeSerif(0)/m/it/10 C++ function\TU/FreeSerif(0)/m/n/10 ),
 []


Underfull \hbox (badness 10000) in paragraph at lines 2580--2581
[]\TU/DejaVuSansMono(0)/m/it/10 lv_style_set_text_line_space \TU/FreeSerif(0)/m
/n/10 (\TU/FreeSerif(0)/m/it/10 C++ func-
 []


Underfull \hbox (badness 10000) in paragraph at lines 2582--2583
[]\TU/DejaVuSansMono(0)/m/it/10 lv_style_set_transform_angle \TU/FreeSerif(0)/m
/n/10 (\TU/FreeSerif(0)/m/it/10 C++ func-
 []


Underfull \hbox (badness 10000) in paragraph at lines 2586--2587
[]\TU/DejaVuSansMono(0)/m/it/10 lv_style_set_transform_width \TU/FreeSerif(0)/m
/n/10 (\TU/FreeSerif(0)/m/it/10 C++ func-
 []


Underfull \hbox (badness 10000) in paragraph at lines 2602--2603
[]\TU/DejaVuSansMono(0)/m/it/10 lv_style_t::values_and_props \TU/FreeSerif(0)/m
/n/10 (\TU/FreeSerif(0)/m/it/10 C++ mem-
 []


Underfull \hbox (badness 10000) in paragraph at lines 2603--2604
[]\TU/DejaVuSansMono(0)/m/it/10 lv_style_transition_dsc_init \TU/FreeSerif(0)/m
/n/10 (\TU/FreeSerif(0)/m/it/10 C++ func-
 []


Underfull \hbox (badness 10000) in paragraph at lines 2605--2606
[]\TU/DejaVuSansMono(0)/m/it/10 lv_style_transition_dsc_t::delay \TU/FreeSerif(
0)/m/n/10 (\TU/FreeSerif(0)/m/it/10 C++
 []


Underfull \hbox (badness 10000) in paragraph at lines 2606--2607
[]\TU/DejaVuSansMono(0)/m/it/10 lv_style_transition_dsc_t::path_xcb
 []


Underfull \hbox (badness 10000) in paragraph at lines 2607--2608
[]\TU/DejaVuSansMono(0)/m/it/10 lv_style_transition_dsc_t::props \TU/FreeSerif(
0)/m/n/10 (\TU/FreeSerif(0)/m/it/10 C++
 []


Underfull \hbox (badness 10000) in paragraph at lines 2608--2609
[]\TU/DejaVuSansMono(0)/m/it/10 lv_style_transition_dsc_t::time \TU/FreeSerif(0
)/m/n/10 (\TU/FreeSerif(0)/m/it/10 C++
 []


Underfull \hbox (badness 10000) in paragraph at lines 2609--2610
[]\TU/DejaVuSansMono(0)/m/it/10 lv_style_transition_dsc_t::user_data
 []


Overfull \hbox (71.14789pt too wide) in paragraph at lines 2629--2631
[]\TU/DejaVuSansMono(0)/m/it/10 lv_table_draw_part_type_t::LV_TABLE_DRAW_PART_C
ELL
 []

[990]
Underfull \hbox (badness 10000) in paragraph at lines 2678--2679
[]\TU/DejaVuSansMono(0)/m/it/10 lv_textarea_del_char_forward \TU/FreeSerif(0)/m
/n/10 (\TU/FreeSerif(0)/m/it/10 C++ func-
 []


Underfull \hbox (badness 10000) in paragraph at lines 2680--2681
[]\TU/DejaVuSansMono(0)/m/it/10 lv_textarea_get_cursor_click_pos \TU/FreeSerif(
0)/m/n/10 (\TU/FreeSerif(0)/m/it/10 C++
 []


Underfull \hbox (badness 10000) in paragraph at lines 2685--2686
[]\TU/DejaVuSansMono(0)/m/it/10 lv_textarea_get_password_bullet \TU/FreeSerif(0
)/m/n/10 (\TU/FreeSerif(0)/m/it/10 C++
 []


Underfull \hbox (badness 10000) in paragraph at lines 2688--2689
[]\TU/DejaVuSansMono(0)/m/it/10 lv_textarea_get_placeholder_text \TU/FreeSerif(
0)/m/n/10 (\TU/FreeSerif(0)/m/it/10 C++
 []


Underfull \hbox (badness 10000) in paragraph at lines 2693--2694
[]\TU/DejaVuSansMono(0)/m/it/10 lv_textarea_set_cursor_click_pos \TU/FreeSerif(
0)/m/n/10 (\TU/FreeSerif(0)/m/it/10 C++
 []


Underfull \hbox (badness 10000) in paragraph at lines 2698--2699
[]\TU/DejaVuSansMono(0)/m/it/10 lv_textarea_set_password_bullet \TU/FreeSerif(0
)/m/n/10 (\TU/FreeSerif(0)/m/it/10 C++
 []


Underfull \hbox (badness 10000) in paragraph at lines 2701--2702
[]\TU/DejaVuSansMono(0)/m/it/10 lv_textarea_set_placeholder_text \TU/FreeSerif(
0)/m/n/10 (\TU/FreeSerif(0)/m/it/10 C++
 []


Underfull \hbox (badness 10000) in paragraph at lines 2710--2711
[]\TU/DejaVuSansMono(0)/m/it/10 lv_textarea_t::max_length \TU/FreeSerif(0)/m/n/
10 (\TU/FreeSerif(0)/m/it/10 C++ member\TU/FreeSerif(0)/m/n/10 ),
 []


Underfull \hbox (badness 10000) in paragraph at lines 2715--2716
[]\TU/DejaVuSansMono(0)/m/it/10 lv_textarea_t::pwd_bullet \TU/FreeSerif(0)/m/n/
10 (\TU/FreeSerif(0)/m/it/10 C++ member\TU/FreeSerif(0)/m/n/10 ),
 []


Underfull \hbox (badness 10000) in paragraph at lines 2717--2718
[]\TU/DejaVuSansMono(0)/m/it/10 lv_textarea_t::pwd_show_time \TU/FreeSerif(0)/m
/n/10 (\TU/FreeSerif(0)/m/it/10 C++ mem-
 []


Underfull \hbox (badness 10000) in paragraph at lines 2723--2724
[]\TU/DejaVuSansMono(0)/m/it/10 lv_textarea_t::text_sel_in_prog \TU/FreeSerif(0
)/m/n/10 (\TU/FreeSerif(0)/m/it/10 C++
 []


Underfull \hbox (badness 10000) in paragraph at lines 2726--2727
[]\TU/DejaVuSansMono(0)/m/it/10 lv_textarea_text_is_selected \TU/FreeSerif(0)/m
/n/10 (\TU/FreeSerif(0)/m/it/10 C++ func-
 []


Underfull \hbox (badness 10000) in paragraph at lines 2730--2731
[]\TU/DejaVuSansMono(0)/m/it/10 lv_theme_get_color_secondary \TU/FreeSerif(0)/m
/n/10 (\TU/FreeSerif(0)/m/it/10 C++ func-
 []

[991]
Underfull \hbox (badness 10000) in paragraph at lines 2764--2765
[]\TU/DejaVuSansMono(0)/m/it/10 lv_timer_set_repeat_count \TU/FreeSerif(0)/m/n/
10 (\TU/FreeSerif(0)/m/it/10 C++ function\TU/FreeSerif(0)/m/n/10 ),
 []

[992

])
Package atveryend Info: Empty hook `BeforeClearDocument' on input line 95115.
Package atveryend Info: Empty hook `AfterLastShipout' on input line 95115.
 (./LVGL.aux)
Package atveryend Info: Empty hook `AtVeryEndDocument' on input line 95115.
Package atveryend Info: Executing hook `AtEndAfterFileList' on input line 95115
.
Package rerunfilecheck Info: File `LVGL.out' has not changed.
(rerunfilecheck)             Checksum: DD75D4A3A455F0C56F250D5E980B38F0;227032.

Package atveryend Info: Empty hook `AtVeryVeryEnd' on input line 95115.
 ) 
Here is how much of TeX's memory you used:
 23013 strings out of 481804
 683189 string characters out of 5937876
 1447289 words of memory out of 5000000
 39628 multiletter control sequences out of 15000+600000
 537896 words of font info for 96 fonts, out of 8000000 for 9000
 15 hyphenation exceptions out of 8191
 43i,12n,79p,1674b,678s stack positions out of 5000i,500n,10000p,200000b,80000s

Output written on LVGL.pdf (996 pages).
