\BOOKMARK [0][-]{chapter.1}{\376\377\000I\000n\000t\000r\000o\000d\000u\000c\000t\000i\000o\000n}{}% 1
\BOOKMARK [1][-]{section.1.1}{\376\377\000K\000e\000y\000\040\000f\000e\000a\000t\000u\000r\000e\000s}{chapter.1}% 2
\BOOKMARK [1][-]{section.1.2}{\376\377\000R\000e\000q\000u\000i\000r\000e\000m\000e\000n\000t\000s}{chapter.1}% 3
\BOOKMARK [1][-]{section.1.3}{\376\377\000L\000i\000c\000e\000n\000s\000e}{chapter.1}% 4
\BOOKMARK [1][-]{section.1.4}{\376\377\000R\000e\000p\000o\000s\000i\000t\000o\000r\000y\000\040\000l\000a\000y\000o\000u\000t}{chapter.1}% 5
\BOOKMARK [1][-]{section.1.5}{\376\377\000R\000e\000l\000e\000a\000s\000e\000\040\000p\000o\000l\000i\000c\000y}{chapter.1}% 6
\BOOKMARK [2][-]{subsection.1.5.1}{\376\377\000R\000e\000l\000e\000a\000s\000e\000\040\000c\000y\000c\000l\000e}{section.1.5}% 7
\BOOKMARK [2][-]{subsection.1.5.2}{\376\377\000B\000r\000a\000n\000c\000h\000e\000s}{section.1.5}% 8
\BOOKMARK [2][-]{subsection.1.5.3}{\376\377\000C\000h\000a\000n\000g\000e\000l\000o\000g}{section.1.5}% 9
\BOOKMARK [2][-]{subsection.1.5.4}{\376\377\000V\000e\000r\000s\000i\000o\000n\000\040\000s\000u\000p\000p\000o\000r\000t}{section.1.5}% 10
\BOOKMARK [1][-]{section.1.6}{\376\377\000F\000A\000Q}{chapter.1}% 11
\BOOKMARK [2][-]{subsection.1.6.1}{\376\377\000W\000h\000e\000r\000e\000\040\000c\000a\000n\000\040\000I\000\040\000a\000s\000k\000\040\000q\000u\000e\000s\000t\000i\000o\000n\000s\000?}{section.1.6}% 12
\BOOKMARK [2][-]{subsection.1.6.2}{\376\377\000I\000s\000\040\000m\000y\000\040\000M\000C\000U\000/\000h\000a\000r\000d\000w\000a\000r\000e\000\040\000s\000u\000p\000p\000o\000r\000t\000e\000d\000?}{section.1.6}% 13
\BOOKMARK [2][-]{subsection.1.6.3}{\376\377\000I\000s\000\040\000m\000y\000\040\000d\000i\000s\000p\000l\000a\000y\000\040\000s\000u\000p\000p\000o\000r\000t\000e\000d\000?}{section.1.6}% 14
\BOOKMARK [2][-]{subsection.1.6.4}{\376\377\000L\000V\000G\000L\000\040\000d\000o\000e\000s\000n\000'\000t\000\040\000s\000t\000a\000r\000t\000,\000\040\000r\000a\000n\000d\000o\000m\000l\000y\000\040\000c\000r\000a\000s\000h\000e\000s\000\040\000o\000r\000\040\000n\000o\000t\000h\000i\000n\000g\000\040\000i\000s\000\040\000d\000r\000a\000w\000n\000\040\000o\000n\000\040\000t\000h\000e\000\040\000d\000i\000s\000p\000l\000a\000y\000.\000\040\000W\000h\000a\000t\000\040\000c\000a\000n\000\040\000b\000e\000\040\000t\000h\000e\000\040\000p\000r\000o\000b\000l\000e\000m\000?}{section.1.6}% 15
\BOOKMARK [2][-]{subsection.1.6.5}{\376\377\000M\000y\000\040\000d\000i\000s\000p\000l\000a\000y\000\040\000d\000r\000i\000v\000e\000r\000\040\000i\000s\000\040\000n\000o\000t\000\040\000c\000a\000l\000l\000e\000d\000.\000\040\000W\000h\000a\000t\000\040\000h\000a\000v\000e\000\040\000I\000\040\000m\000i\000s\000s\000e\000d\000?}{section.1.6}% 16
\BOOKMARK [2][-]{subsection.1.6.6}{\376\377\000W\000h\000y\000\040\000i\000s\000\040\000t\000h\000e\000\040\000d\000i\000s\000p\000l\000a\000y\000\040\000d\000r\000i\000v\000e\000r\000\040\000c\000a\000l\000l\000e\000d\000\040\000o\000n\000l\000y\000\040\000o\000n\000c\000e\000?\000\040\000O\000n\000l\000y\000\040\000t\000h\000e\000\040\000u\000p\000p\000e\000r\000\040\000p\000a\000r\000t\000\040\000o\000f\000\040\000t\000h\000e\000\040\000d\000i\000s\000p\000l\000a\000y\000\040\000i\000s\000\040\000r\000e\000f\000r\000e\000s\000h\000e\000d\000.}{section.1.6}% 17
\BOOKMARK [2][-]{subsection.1.6.7}{\376\377\000W\000h\000y\000\040\000d\000o\000\040\000I\000\040\000s\000e\000e\000\040\000o\000n\000l\000y\000\040\000g\000a\000r\000b\000a\000g\000e\000\040\000o\000n\000\040\000t\000h\000e\000\040\000s\000c\000r\000e\000e\000n\000?}{section.1.6}% 18
\BOOKMARK [2][-]{subsection.1.6.8}{\376\377\000W\000h\000y\000\040\000d\000o\000\040\000I\000\040\000s\000e\000e\000\040\000n\000o\000n\000s\000e\000n\000s\000e\000\040\000c\000o\000l\000o\000r\000s\000\040\000o\000n\000\040\000t\000h\000e\000\040\000s\000c\000r\000e\000e\000n\000?}{section.1.6}% 19
\BOOKMARK [2][-]{subsection.1.6.9}{\376\377\000H\000o\000w\000\040\000t\000o\000\040\000s\000p\000e\000e\000d\000\040\000u\000p\000\040\000m\000y\000\040\000U\000I\000?}{section.1.6}% 20
\BOOKMARK [2][-]{subsection.1.6.10}{\376\377\000H\000o\000w\000\040\000t\000o\000\040\000r\000e\000d\000u\000c\000e\000\040\000f\000l\000a\000s\000h\000/\000R\000O\000M\000\040\000u\000s\000a\000g\000e\000?}{section.1.6}% 21
\BOOKMARK [2][-]{subsection.1.6.11}{\376\377\000H\000o\000w\000\040\000t\000o\000\040\000r\000e\000d\000u\000c\000e\000\040\000t\000h\000e\000\040\000R\000A\000M\000\040\000u\000s\000a\000g\000e}{section.1.6}% 22
\BOOKMARK [2][-]{subsection.1.6.12}{\376\377\000H\000o\000w\000\040\000t\000o\000\040\000w\000o\000r\000k\000\040\000w\000i\000t\000h\000\040\000a\000n\000\040\000o\000p\000e\000r\000a\000t\000i\000n\000g\000\040\000s\000y\000s\000t\000e\000m\000?}{section.1.6}% 23
\BOOKMARK [0][-]{chapter.2}{\376\377\000E\000x\000a\000m\000p\000l\000e\000s}{}% 24
\BOOKMARK [1][-]{section.2.1}{\376\377\000G\000e\000t\000\040\000s\000t\000a\000r\000t\000e\000d}{chapter.2}% 25
\BOOKMARK [2][-]{subsection.2.1.1}{\376\377\000A\000\040\000b\000u\000t\000t\000o\000n\000\040\000w\000i\000t\000h\000\040\000a\000\040\000l\000a\000b\000e\000l\000\040\000a\000n\000d\000\040\000r\000e\000a\000c\000t\000\040\000o\000n\000\040\000c\000l\000i\000c\000k\000\040\000e\000v\000e\000n\000t}{section.2.1}% 26
\BOOKMARK [2][-]{subsection.2.1.2}{\376\377\000C\000r\000e\000a\000t\000e\000\040\000s\000t\000y\000l\000e\000s\000\040\000f\000r\000o\000m\000\040\000s\000c\000r\000a\000t\000c\000h\000\040\000f\000o\000r\000\040\000b\000u\000t\000t\000o\000n\000s}{section.2.1}% 27
\BOOKMARK [2][-]{subsection.2.1.3}{\376\377\000C\000r\000e\000a\000t\000e\000\040\000a\000\040\000s\000l\000i\000d\000e\000r\000\040\000a\000n\000d\000\040\000w\000r\000i\000t\000e\000\040\000i\000t\000s\000\040\000v\000a\000l\000u\000e\000\040\000o\000n\000\040\000a\000\040\000l\000a\000b\000e\000l}{section.2.1}% 28
\BOOKMARK [1][-]{section.2.2}{\376\377\000S\000t\000y\000l\000e\000s}{chapter.2}% 29
\BOOKMARK [2][-]{subsection.2.2.1}{\376\377\000S\000i\000z\000e\000\040\000s\000t\000y\000l\000e\000s}{section.2.2}% 30
\BOOKMARK [2][-]{subsection.2.2.2}{\376\377\000B\000a\000c\000k\000g\000r\000o\000u\000n\000d\000\040\000s\000t\000y\000l\000e\000s}{section.2.2}% 31
\BOOKMARK [2][-]{subsection.2.2.3}{\376\377\000B\000o\000r\000d\000e\000r\000\040\000s\000t\000y\000l\000e\000s}{section.2.2}% 32
\BOOKMARK [2][-]{subsection.2.2.4}{\376\377\000O\000u\000t\000l\000i\000n\000e\000\040\000s\000t\000y\000l\000e\000s}{section.2.2}% 33
\BOOKMARK [2][-]{subsection.2.2.5}{\376\377\000S\000h\000a\000d\000o\000w\000\040\000s\000t\000y\000l\000e\000s}{section.2.2}% 34
\BOOKMARK [2][-]{subsection.2.2.6}{\376\377\000I\000m\000a\000g\000e\000\040\000s\000t\000y\000l\000e\000s}{section.2.2}% 35
\BOOKMARK [2][-]{subsection.2.2.7}{\376\377\000T\000e\000x\000t\000\040\000s\000t\000y\000l\000e\000s}{section.2.2}% 36
\BOOKMARK [2][-]{subsection.2.2.8}{\376\377\000L\000i\000n\000e\000\040\000s\000t\000y\000l\000e\000s}{section.2.2}% 37
\BOOKMARK [2][-]{subsection.2.2.9}{\376\377\000T\000r\000a\000n\000s\000i\000t\000i\000o\000n}{section.2.2}% 38
\BOOKMARK [2][-]{subsection.2.2.10}{\376\377\000U\000s\000i\000n\000g\000\040\000m\000u\000l\000t\000i\000p\000l\000e\000\040\000s\000t\000y\000l\000e\000s}{section.2.2}% 39
\BOOKMARK [2][-]{subsection.2.2.11}{\376\377\000L\000o\000c\000a\000l\000\040\000s\000t\000y\000l\000e\000s}{section.2.2}% 40
\BOOKMARK [2][-]{subsection.2.2.12}{\376\377\000A\000d\000d\000\040\000s\000t\000y\000l\000e\000s\000\040\000t\000o\000\040\000p\000a\000r\000t\000s\000\040\000a\000n\000d\000\040\000s\000t\000a\000t\000e\000s}{section.2.2}% 41
\BOOKMARK [2][-]{subsection.2.2.13}{\376\377\000E\000x\000t\000e\000n\000d\000i\000n\000g\000\040\000t\000h\000e\000\040\000c\000u\000r\000r\000e\000n\000t\000\040\000t\000h\000e\000m\000e}{section.2.2}% 42
\BOOKMARK [2][-]{subsection.2.2.14}{\376\377\000O\000p\000a\000c\000i\000t\000y\000\040\000a\000n\000d\000\040\000T\000r\000a\000n\000s\000f\000o\000r\000m\000a\000t\000i\000o\000n\000s}{section.2.2}% 43
\BOOKMARK [1][-]{section.2.3}{\376\377\000A\000n\000i\000m\000a\000t\000i\000o\000n\000s}{chapter.2}% 44
\BOOKMARK [2][-]{subsection.2.3.1}{\376\377\000S\000t\000a\000r\000t\000\040\000a\000n\000i\000m\000a\000t\000i\000o\000n\000\040\000o\000n\000\040\000a\000n\000\040\000e\000v\000e\000n\000t}{section.2.3}% 45
\BOOKMARK [2][-]{subsection.2.3.2}{\376\377\000P\000l\000a\000y\000b\000a\000c\000k\000\040\000a\000n\000i\000m\000a\000t\000i\000o\000n}{section.2.3}% 46
\BOOKMARK [2][-]{subsection.2.3.3}{\376\377\000A\000n\000i\000m\000a\000t\000i\000o\000n\000\040\000t\000i\000m\000e\000l\000i\000n\000e}{section.2.3}% 47
\BOOKMARK [1][-]{section.2.4}{\376\377\000E\000v\000e\000n\000t\000s}{chapter.2}% 48
\BOOKMARK [2][-]{subsection.2.4.1}{\376\377\000B\000u\000t\000t\000o\000n\000\040\000c\000l\000i\000c\000k\000\040\000e\000v\000e\000n\000t}{section.2.4}% 49
\BOOKMARK [2][-]{subsection.2.4.2}{\376\377\000H\000a\000n\000d\000l\000e\000\040\000m\000u\000l\000t\000i\000p\000l\000e\000\040\000e\000v\000e\000n\000t\000s}{section.2.4}% 50
\BOOKMARK [2][-]{subsection.2.4.3}{\376\377\000E\000v\000e\000n\000t\000\040\000b\000u\000b\000b\000l\000i\000n\000g}{section.2.4}% 51
\BOOKMARK [1][-]{section.2.5}{\376\377\000L\000a\000y\000o\000u\000t\000s}{chapter.2}% 52
\BOOKMARK [2][-]{subsection.2.5.1}{\376\377\000F\000l\000e\000x}{section.2.5}% 53
\BOOKMARK [3][-]{subsubsection*.3}{\376\377\000A\000\040\000s\000i\000m\000p\000l\000e\000\040\000r\000o\000w\000\040\000a\000n\000d\000\040\000a\000\040\000c\000o\000l\000u\000m\000n\000\040\000l\000a\000y\000o\000u\000t\000\040\000w\000i\000t\000h\000\040\000f\000l\000e\000x\000b\000o\000x}{subsection.2.5.1}% 54
\BOOKMARK [3][-]{subsubsection*.4}{\376\377\000A\000r\000r\000a\000n\000g\000e\000\040\000i\000t\000e\000m\000s\000\040\000i\000n\000\040\000r\000o\000w\000s\000\040\000w\000i\000t\000h\000\040\000w\000r\000a\000p\000\040\000a\000n\000d\000\040\000e\000v\000e\000n\000\040\000s\000p\000a\000c\000i\000n\000g}{subsection.2.5.1}% 55
\BOOKMARK [3][-]{subsubsection*.5}{\376\377\000D\000e\000m\000o\000n\000s\000t\000r\000a\000t\000e\000\040\000f\000l\000e\000x\000\040\000g\000r\000o\000w}{subsection.2.5.1}% 56
\BOOKMARK [3][-]{subsubsection*.6}{\376\377\000D\000e\000m\000o\000n\000s\000t\000r\000a\000t\000e\000\040\000f\000l\000e\000x\000\040\000g\000r\000o\000w\000.}{subsection.2.5.1}% 57
\BOOKMARK [3][-]{subsubsection*.7}{\376\377\000D\000e\000m\000o\000n\000s\000t\000r\000a\000t\000e\000\040\000c\000o\000l\000u\000m\000n\000\040\000a\000n\000d\000\040\000r\000o\000w\000\040\000g\000a\000p\000\040\000s\000t\000y\000l\000e\000\040\000p\000r\000o\000p\000e\000r\000t\000i\000e\000s}{subsection.2.5.1}% 58
\BOOKMARK [3][-]{subsubsection*.8}{\376\377\000R\000T\000L\000\040\000b\000a\000s\000e\000\040\000d\000i\000r\000e\000c\000t\000i\000o\000n\000\040\000c\000h\000a\000n\000g\000e\000s\000\040\000o\000r\000d\000e\000r\000\040\000o\000f\000\040\000t\000h\000e\000\040\000i\000t\000e\000m\000s}{subsection.2.5.1}% 59
\BOOKMARK [2][-]{subsection.2.5.2}{\376\377\000G\000r\000i\000d}{section.2.5}% 60
\BOOKMARK [3][-]{subsubsection*.9}{\376\377\000A\000\040\000s\000i\000m\000p\000l\000e\000\040\000g\000r\000i\000d}{subsection.2.5.2}% 61
\BOOKMARK [3][-]{subsubsection*.10}{\376\377\000D\000e\000m\000o\000n\000s\000t\000r\000a\000t\000e\000\040\000c\000e\000l\000l\000\040\000p\000l\000a\000c\000e\000m\000e\000n\000t\000\040\000a\000n\000d\000\040\000s\000p\000a\000n}{subsection.2.5.2}% 62
\BOOKMARK [3][-]{subsubsection*.11}{\376\377\000D\000e\000m\000o\000n\000s\000t\000r\000a\000t\000e\000\040\000g\000r\000i\000d\000'\000s\000\040\000"\000f\000r\000e\000e\000\040\000u\000n\000i\000t\000"}{subsection.2.5.2}% 63
\BOOKMARK [3][-]{subsubsection*.12}{\376\377\000D\000e\000m\000o\000n\000s\000t\000r\000a\000t\000e\000\040\000t\000r\000a\000c\000k\000\040\000p\000l\000a\000c\000e\000m\000e\000n\000t}{subsection.2.5.2}% 64
\BOOKMARK [3][-]{subsubsection*.13}{\376\377\000D\000e\000m\000o\000n\000s\000t\000r\000a\000t\000e\000\040\000c\000o\000l\000u\000m\000n\000\040\000a\000n\000d\000\040\000r\000o\000w\000\040\000g\000a\000p}{subsection.2.5.2}% 65
\BOOKMARK [3][-]{subsubsection*.14}{\376\377\000D\000e\000m\000o\000n\000s\000t\000r\000a\000t\000e\000\040\000R\000T\000L\000\040\000d\000i\000r\000e\000c\000t\000i\000o\000n\000\040\000o\000n\000\040\000g\000r\000i\000d}{subsection.2.5.2}% 66
\BOOKMARK [1][-]{section.2.6}{\376\377\000S\000c\000r\000o\000l\000l\000i\000n\000g}{chapter.2}% 67
\BOOKMARK [2][-]{subsection.2.6.1}{\376\377\000N\000e\000s\000t\000e\000d\000\040\000s\000c\000r\000o\000l\000l\000i\000n\000g}{section.2.6}% 68
\BOOKMARK [2][-]{subsection.2.6.2}{\376\377\000S\000n\000a\000p\000p\000i\000n\000g}{section.2.6}% 69
\BOOKMARK [2][-]{subsection.2.6.3}{\376\377\000F\000l\000o\000a\000t\000i\000n\000g\000\040\000b\000u\000t\000t\000o\000n}{section.2.6}% 70
\BOOKMARK [2][-]{subsection.2.6.4}{\376\377\000S\000t\000y\000l\000i\000n\000g\000\040\000t\000h\000e\000\040\000s\000c\000r\000o\000l\000l\000b\000a\000r\000s}{section.2.6}% 71
\BOOKMARK [2][-]{subsection.2.6.5}{\376\377\000R\000i\000g\000h\000t\000\040\000t\000o\000\040\000l\000e\000f\000t\000\040\000s\000c\000r\000o\000l\000l\000i\000n\000g}{section.2.6}% 72
\BOOKMARK [2][-]{subsection.2.6.6}{\376\377\000T\000r\000a\000n\000s\000l\000a\000t\000e\000\040\000o\000n\000\040\000s\000c\000r\000o\000l\000l}{section.2.6}% 73
\BOOKMARK [1][-]{section.2.7}{\376\377\000W\000i\000d\000g\000e\000t\000s}{chapter.2}% 74
\BOOKMARK [2][-]{subsection.2.7.1}{\376\377\000B\000a\000s\000e\000\040\000o\000b\000j\000e\000c\000t}{section.2.7}% 75
\BOOKMARK [3][-]{subsubsection*.15}{\376\377\000B\000a\000s\000e\000\040\000o\000b\000j\000e\000c\000t\000s\000\040\000w\000i\000t\000h\000\040\000c\000u\000s\000t\000o\000m\000\040\000s\000t\000y\000l\000e\000s}{subsection.2.7.1}% 76
\BOOKMARK [3][-]{subsubsection*.16}{\376\377\000M\000a\000k\000e\000\040\000a\000n\000\040\000o\000b\000j\000e\000c\000t\000\040\000d\000r\000a\000g\000g\000a\000b\000l\000e}{subsection.2.7.1}% 77
\BOOKMARK [2][-]{subsection.2.7.2}{\376\377\000A\000r\000c}{section.2.7}% 78
\BOOKMARK [3][-]{subsubsection*.17}{\376\377\000S\000i\000m\000p\000l\000e\000\040\000A\000r\000c}{subsection.2.7.2}% 79
\BOOKMARK [3][-]{subsubsection*.18}{\376\377\000L\000o\000a\000d\000e\000r\000\040\000w\000i\000t\000h\000\040\000A\000r\000c}{subsection.2.7.2}% 80
\BOOKMARK [2][-]{subsection.2.7.3}{\376\377\000B\000a\000r}{section.2.7}% 81
\BOOKMARK [3][-]{subsubsection*.19}{\376\377\000S\000i\000m\000p\000l\000e\000\040\000B\000a\000r}{subsection.2.7.3}% 82
\BOOKMARK [3][-]{subsubsection*.20}{\376\377\000S\000t\000y\000l\000i\000n\000g\000\040\000a\000\040\000b\000a\000r}{subsection.2.7.3}% 83
\BOOKMARK [3][-]{subsubsection*.21}{\376\377\000T\000e\000m\000p\000e\000r\000a\000t\000u\000r\000e\000\040\000m\000e\000t\000e\000r}{subsection.2.7.3}% 84
\BOOKMARK [3][-]{subsubsection*.22}{\376\377\000S\000t\000r\000i\000p\000e\000\040\000p\000a\000t\000t\000e\000r\000n\000\040\000a\000n\000d\000\040\000r\000a\000n\000g\000e\000\040\000v\000a\000l\000u\000e}{subsection.2.7.3}% 85
\BOOKMARK [3][-]{subsubsection*.23}{\376\377\000B\000a\000r\000\040\000w\000i\000t\000h\000\040\000L\000T\000R\000\040\000a\000n\000d\000\040\000R\000T\000L\000\040\000b\000a\000s\000e\000\040\000d\000i\000r\000e\000c\000t\000i\000o\000n}{subsection.2.7.3}% 86
\BOOKMARK [3][-]{subsubsection*.24}{\376\377\000C\000u\000s\000t\000o\000m\000\040\000d\000r\000a\000w\000e\000r\000\040\000t\000o\000\040\000s\000h\000o\000w\000\040\000t\000h\000e\000\040\000c\000u\000r\000r\000e\000n\000t\000\040\000v\000a\000l\000u\000e}{subsection.2.7.3}% 87
\BOOKMARK [2][-]{subsection.2.7.4}{\376\377\000B\000u\000t\000t\000o\000n}{section.2.7}% 88
\BOOKMARK [3][-]{subsubsection*.25}{\376\377\000S\000i\000m\000p\000l\000e\000\040\000B\000u\000t\000t\000o\000n\000s}{subsection.2.7.4}% 89
\BOOKMARK [3][-]{subsubsection*.26}{\376\377\000S\000t\000y\000l\000i\000n\000g\000\040\000b\000u\000t\000t\000o\000n\000s}{subsection.2.7.4}% 90
\BOOKMARK [3][-]{subsubsection*.27}{\376\377\000G\000u\000m\000m\000y\000\040\000b\000u\000t\000t\000o\000n}{subsection.2.7.4}% 91
\BOOKMARK [2][-]{subsection.2.7.5}{\376\377\000B\000u\000t\000t\000o\000n\000\040\000m\000a\000t\000r\000i\000x}{section.2.7}% 92
\BOOKMARK [3][-]{subsubsection*.28}{\376\377\000S\000i\000m\000p\000l\000e\000\040\000B\000u\000t\000t\000o\000n\000\040\000m\000a\000t\000r\000i\000x}{subsection.2.7.5}% 93
\BOOKMARK [3][-]{subsubsection*.29}{\376\377\000C\000u\000s\000t\000o\000m\000\040\000b\000u\000t\000t\000o\000n\000s}{subsection.2.7.5}% 94
\BOOKMARK [3][-]{subsubsection*.30}{\376\377\000P\000a\000g\000i\000n\000a\000t\000i\000o\000n}{subsection.2.7.5}% 95
\BOOKMARK [2][-]{subsection.2.7.6}{\376\377\000C\000a\000l\000e\000n\000d\000a\000r}{section.2.7}% 96
\BOOKMARK [3][-]{subsubsection*.31}{\376\377\000C\000a\000l\000e\000n\000d\000a\000r\000\040\000w\000i\000t\000h\000\040\000h\000e\000a\000d\000e\000r}{subsection.2.7.6}% 97
\BOOKMARK [2][-]{subsection.2.7.7}{\376\377\000C\000a\000n\000v\000a\000s}{section.2.7}% 98
\BOOKMARK [3][-]{subsubsection*.32}{\376\377\000D\000r\000a\000w\000i\000n\000g\000\040\000o\000n\000\040\000t\000h\000e\000\040\000C\000a\000n\000v\000a\000s\000\040\000a\000n\000d\000\040\000r\000o\000t\000a\000t\000e}{subsection.2.7.7}% 99
\BOOKMARK [3][-]{subsubsection*.33}{\376\377\000T\000r\000a\000n\000s\000p\000a\000r\000e\000n\000t\000\040\000C\000a\000n\000v\000a\000s\000\040\000w\000i\000t\000h\000\040\000c\000h\000r\000o\000m\000a\000\040\000k\000e\000y\000i\000n\000g}{subsection.2.7.7}% 100
\BOOKMARK [2][-]{subsection.2.7.8}{\376\377\000C\000h\000a\000r\000t}{section.2.7}% 101
\BOOKMARK [3][-]{subsubsection*.34}{\376\377\000L\000i\000n\000e\000\040\000C\000h\000a\000r\000t}{subsection.2.7.8}% 102
\BOOKMARK [3][-]{subsubsection*.35}{\376\377\000F\000a\000d\000e\000d\000\040\000a\000r\000e\000a\000\040\000l\000i\000n\000e\000\040\000c\000h\000a\000r\000t\000\040\000w\000i\000t\000h\000\040\000c\000u\000s\000t\000o\000m\000\040\000d\000i\000v\000i\000s\000i\000o\000n\000\040\000l\000i\000n\000e\000s}{subsection.2.7.8}% 103
\BOOKMARK [3][-]{subsubsection*.36}{\376\377\000A\000x\000i\000s\000\040\000t\000i\000c\000k\000s\000\040\000a\000n\000d\000\040\000l\000a\000b\000e\000l\000s\000\040\000w\000i\000t\000h\000\040\000s\000c\000r\000o\000l\000l\000i\000n\000g}{subsection.2.7.8}% 104
\BOOKMARK [3][-]{subsubsection*.37}{\376\377\000S\000h\000o\000w\000\040\000t\000h\000e\000\040\000v\000a\000l\000u\000e\000\040\000o\000f\000\040\000t\000h\000e\000\040\000p\000r\000e\000s\000s\000e\000d\000\040\000p\000o\000i\000n\000t\000s}{subsection.2.7.8}% 105
\BOOKMARK [3][-]{subsubsection*.38}{\376\377\000D\000i\000s\000p\000l\000a\000y\000\040\0001\0000\0000\0000\000\040\000d\000a\000t\000a\000\040\000p\000o\000i\000n\000t\000s\000\040\000w\000i\000t\000h\000\040\000z\000o\000o\000m\000i\000n\000g\000\040\000a\000n\000d\000\040\000s\000c\000r\000o\000l\000l\000i\000n\000g}{subsection.2.7.8}% 106
\BOOKMARK [3][-]{subsubsection*.39}{\376\377\000S\000h\000o\000w\000\040\000c\000u\000r\000s\000o\000r\000\040\000o\000n\000\040\000t\000h\000e\000\040\000c\000l\000i\000c\000k\000e\000d\000\040\000p\000o\000i\000n\000t}{subsection.2.7.8}% 107
\BOOKMARK [3][-]{subsubsection*.40}{\376\377\000S\000c\000a\000t\000t\000e\000r\000\040\000c\000h\000a\000r\000t}{subsection.2.7.8}% 108
\BOOKMARK [3][-]{subsubsection*.41}{\376\377\000S\000t\000a\000c\000k\000e\000d\000\040\000a\000r\000e\000a\000\040\000c\000h\000a\000r\000t}{subsection.2.7.8}% 109
\BOOKMARK [2][-]{subsection.2.7.9}{\376\377\000C\000h\000e\000c\000k\000b\000o\000x}{section.2.7}% 110
\BOOKMARK [3][-]{subsubsection*.42}{\376\377\000S\000i\000m\000p\000l\000e\000\040\000C\000h\000e\000c\000k\000b\000o\000x\000e\000s}{subsection.2.7.9}% 111
\BOOKMARK [3][-]{subsubsection*.43}{\376\377\000C\000h\000e\000c\000k\000b\000o\000x\000e\000s\000\040\000a\000s\000\040\000r\000a\000d\000i\000o\000\040\000b\000u\000t\000t\000o\000n\000s}{subsection.2.7.9}% 112
\BOOKMARK [2][-]{subsection.2.7.10}{\376\377\000C\000o\000l\000o\000r\000w\000h\000e\000e\000l}{section.2.7}% 113
\BOOKMARK [3][-]{subsubsection*.44}{\376\377\000S\000i\000m\000p\000l\000e\000\040\000C\000o\000l\000o\000r\000w\000h\000e\000e\000l}{subsection.2.7.10}% 114
\BOOKMARK [2][-]{subsection.2.7.11}{\376\377\000D\000r\000o\000p\000d\000o\000w\000n}{section.2.7}% 115
\BOOKMARK [3][-]{subsubsection*.45}{\376\377\000S\000i\000m\000p\000l\000e\000\040\000D\000r\000o\000p\000\040\000d\000o\000w\000n\000\040\000l\000i\000s\000t}{subsection.2.7.11}% 116
\BOOKMARK [3][-]{subsubsection*.46}{\376\377\000D\000r\000o\000p\000\040\000d\000o\000w\000n\000\040\000i\000n\000\040\000f\000o\000u\000r\000\040\000d\000i\000r\000e\000c\000t\000i\000o\000n\000s}{subsection.2.7.11}% 117
\BOOKMARK [3][-]{subsubsection*.47}{\376\377\000M\000e\000n\000u}{subsection.2.7.11}% 118
\BOOKMARK [2][-]{subsection.2.7.12}{\376\377\000I\000m\000a\000g\000e}{section.2.7}% 119
\BOOKMARK [3][-]{subsubsection*.48}{\376\377\000I\000m\000a\000g\000e\000\040\000f\000r\000o\000m\000\040\000v\000a\000r\000i\000a\000b\000l\000e\000\040\000a\000n\000d\000\040\000s\000y\000m\000b\000o\000l}{subsection.2.7.12}% 120
\BOOKMARK [3][-]{subsubsection*.49}{\376\377\000I\000m\000a\000g\000e\000\040\000r\000e\000c\000o\000l\000o\000r\000i\000n\000g}{subsection.2.7.12}% 121
\BOOKMARK [3][-]{subsubsection*.50}{\376\377\000R\000o\000t\000a\000t\000e\000\040\000a\000n\000d\000\040\000z\000o\000o\000m}{subsection.2.7.12}% 122
\BOOKMARK [3][-]{subsubsection*.51}{\376\377\000I\000m\000a\000g\000e\000\040\000o\000f\000f\000s\000e\000t\000\040\000a\000n\000d\000\040\000s\000t\000y\000l\000i\000n\000g}{subsection.2.7.12}% 123
\BOOKMARK [2][-]{subsection.2.7.13}{\376\377\000I\000m\000a\000g\000e\000\040\000b\000u\000t\000t\000o\000n}{section.2.7}% 124
\BOOKMARK [3][-]{subsubsection*.52}{\376\377\000S\000i\000m\000p\000l\000e\000\040\000I\000m\000a\000g\000e\000\040\000b\000u\000t\000t\000o\000n}{subsection.2.7.13}% 125
\BOOKMARK [2][-]{subsection.2.7.14}{\376\377\000K\000e\000y\000b\000o\000a\000r\000d}{section.2.7}% 126
\BOOKMARK [3][-]{subsubsection*.53}{\376\377\000K\000e\000y\000b\000o\000a\000r\000d\000\040\000w\000i\000t\000h\000\040\000t\000e\000x\000t\000\040\000a\000r\000e\000a}{subsection.2.7.14}% 127
\BOOKMARK [2][-]{subsection.2.7.15}{\376\377\000L\000a\000b\000e\000l}{section.2.7}% 128
\BOOKMARK [3][-]{subsubsection*.54}{\376\377\000L\000i\000n\000e\000\040\000w\000r\000a\000p\000,\000\040\000r\000e\000c\000o\000l\000o\000r\000i\000n\000g\000\040\000a\000n\000d\000\040\000s\000c\000r\000o\000l\000l\000i\000n\000g}{subsection.2.7.15}% 129
\BOOKMARK [3][-]{subsubsection*.55}{\376\377\000T\000e\000x\000t\000\040\000s\000h\000a\000d\000o\000w}{subsection.2.7.15}% 130
\BOOKMARK [3][-]{subsubsection*.56}{\376\377\000S\000h\000o\000w\000\040\000L\000T\000R\000,\000\040\000R\000T\000L\000\040\000a\000n\000d\000\040\000C\000h\000i\000n\000e\000s\000e\000\040\000t\000e\000x\000t\000s}{subsection.2.7.15}% 131
\BOOKMARK [3][-]{subsubsection*.57}{\376\377\000D\000r\000a\000w\000\040\000l\000a\000b\000e\000l\000\040\000w\000i\000t\000h\000\040\000g\000r\000a\000d\000i\000e\000n\000t\000\040\000c\000o\000l\000o\000r}{subsection.2.7.15}% 132
\BOOKMARK [3][-]{subsubsection*.58}{\376\377\000C\000u\000s\000t\000o\000m\000i\000z\000e\000\040\000c\000i\000r\000c\000u\000l\000a\000r\000\040\000s\000c\000r\000o\000l\000l\000i\000n\000g\000\040\000a\000n\000i\000m\000a\000t\000i\000o\000n}{subsection.2.7.15}% 133
\BOOKMARK [2][-]{subsection.2.7.16}{\376\377\000L\000E\000D}{section.2.7}% 134
\BOOKMARK [3][-]{subsubsection*.59}{\376\377\000L\000E\000D\000\040\000w\000i\000t\000h\000\040\000c\000u\000s\000t\000o\000m\000\040\000s\000t\000y\000l\000e}{subsection.2.7.16}% 135
\BOOKMARK [2][-]{subsection.2.7.17}{\376\377\000L\000i\000n\000e}{section.2.7}% 136
\BOOKMARK [3][-]{subsubsection*.60}{\376\377\000S\000i\000m\000p\000l\000e\000\040\000L\000i\000n\000e}{subsection.2.7.17}% 137
\BOOKMARK [2][-]{subsection.2.7.18}{\376\377\000L\000i\000s\000t}{section.2.7}% 138
\BOOKMARK [3][-]{subsubsection*.61}{\376\377\000S\000i\000m\000p\000l\000e\000\040\000L\000i\000s\000t}{subsection.2.7.18}% 139
\BOOKMARK [3][-]{subsubsection*.62}{\376\377\000S\000o\000r\000t\000i\000n\000g\000\040\000a\000\040\000L\000i\000s\000t\000\040\000u\000s\000i\000n\000g\000\040\000u\000p\000\040\000a\000n\000d\000\040\000d\000o\000w\000n\000\040\000b\000u\000t\000t\000o\000n\000s}{subsection.2.7.18}% 140
\BOOKMARK [2][-]{subsection.2.7.19}{\376\377\000M\000e\000n\000u}{section.2.7}% 141
\BOOKMARK [3][-]{subsubsection*.63}{\376\377\000S\000i\000m\000p\000l\000e\000\040\000M\000e\000n\000u}{subsection.2.7.19}% 142
\BOOKMARK [3][-]{subsubsection*.64}{\376\377\000S\000i\000m\000p\000l\000e\000\040\000M\000e\000n\000u\000\040\000w\000i\000t\000h\000\040\000r\000o\000o\000t\000\040\000b\000t\000n}{subsection.2.7.19}% 143
\BOOKMARK [3][-]{subsubsection*.65}{\376\377\000S\000i\000m\000p\000l\000e\000\040\000M\000e\000n\000u\000\040\000w\000i\000t\000h\000\040\000c\000u\000s\000t\000o\000m\000\040\000h\000e\000a\000d\000e\000r}{subsection.2.7.19}% 144
\BOOKMARK [3][-]{subsubsection*.66}{\376\377\000S\000i\000m\000p\000l\000e\000\040\000M\000e\000n\000u\000\040\000w\000i\000t\000h\000\040\000f\000l\000o\000a\000t\000i\000n\000g\000\040\000b\000t\000n\000\040\000t\000o\000\040\000a\000d\000d\000\040\000n\000e\000w\000\040\000m\000e\000n\000u\000\040\000p\000a\000g\000e}{subsection.2.7.19}% 145
\BOOKMARK [3][-]{subsubsection*.67}{\376\377\000C\000o\000m\000p\000l\000e\000x\000\040\000M\000e\000n\000u}{subsection.2.7.19}% 146
\BOOKMARK [2][-]{subsection.2.7.20}{\376\377\000M\000e\000t\000e\000r}{section.2.7}% 147
\BOOKMARK [3][-]{subsubsection*.68}{\376\377\000S\000i\000m\000p\000l\000e\000\040\000m\000e\000t\000e\000r}{subsection.2.7.20}% 148
\BOOKMARK [3][-]{subsubsection*.69}{\376\377\000A\000\040\000m\000e\000t\000e\000r\000\040\000w\000i\000t\000h\000\040\000m\000u\000l\000t\000i\000p\000l\000e\000\040\000a\000r\000c\000s}{subsection.2.7.20}% 149
\BOOKMARK [3][-]{subsubsection*.70}{\376\377\000A\000\040\000c\000l\000o\000c\000k\000\040\000f\000r\000o\000m\000\040\000a\000\040\000m\000e\000t\000e\000r}{subsection.2.7.20}% 150
\BOOKMARK [3][-]{subsubsection*.71}{\376\377\000P\000i\000e\000\040\000c\000h\000a\000r\000t}{subsection.2.7.20}% 151
\BOOKMARK [2][-]{subsection.2.7.21}{\376\377\000M\000e\000s\000s\000a\000g\000e\000\040\000b\000o\000x}{section.2.7}% 152
\BOOKMARK [3][-]{subsubsection*.72}{\376\377\000S\000i\000m\000p\000l\000e\000\040\000M\000e\000s\000s\000a\000g\000e\000\040\000b\000o\000x}{subsection.2.7.21}% 153
\BOOKMARK [2][-]{subsection.2.7.22}{\376\377\000R\000o\000l\000l\000e\000r}{section.2.7}% 154
\BOOKMARK [3][-]{subsubsection*.73}{\376\377\000S\000i\000m\000p\000l\000e\000\040\000R\000o\000l\000l\000e\000r}{subsection.2.7.22}% 155
\BOOKMARK [3][-]{subsubsection*.74}{\376\377\000S\000t\000y\000l\000i\000n\000g\000\040\000t\000h\000e\000\040\000r\000o\000l\000l\000e\000r}{subsection.2.7.22}% 156
\BOOKMARK [3][-]{subsubsection*.75}{\376\377\000a\000d\000d\000\040\000f\000a\000d\000e\000\040\000m\000a\000s\000k\000\040\000t\000o\000\040\000r\000o\000l\000l\000e\000r}{subsection.2.7.22}% 157
\BOOKMARK [2][-]{subsection.2.7.23}{\376\377\000S\000l\000i\000d\000e\000r}{section.2.7}% 158
\BOOKMARK [3][-]{subsubsection*.76}{\376\377\000S\000i\000m\000p\000l\000e\000\040\000S\000l\000i\000d\000e\000r}{subsection.2.7.23}% 159
\BOOKMARK [3][-]{subsubsection*.77}{\376\377\000S\000l\000i\000d\000e\000r\000\040\000w\000i\000t\000h\000\040\000c\000u\000s\000t\000o\000m\000\040\000s\000t\000y\000l\000e}{subsection.2.7.23}% 160
\BOOKMARK [3][-]{subsubsection*.78}{\376\377\000S\000l\000i\000d\000e\000r\000\040\000w\000i\000t\000h\000\040\000e\000x\000t\000e\000n\000d\000e\000d\000\040\000d\000r\000a\000w\000e\000r}{subsection.2.7.23}% 161
\BOOKMARK [2][-]{subsection.2.7.24}{\376\377\000S\000p\000a\000n}{section.2.7}% 162
\BOOKMARK [3][-]{subsubsection*.79}{\376\377\000S\000p\000a\000n\000\040\000w\000i\000t\000h\000\040\000c\000u\000s\000t\000o\000m\000\040\000s\000t\000y\000l\000e\000s}{subsection.2.7.24}% 163
\BOOKMARK [2][-]{subsection.2.7.25}{\376\377\000S\000p\000i\000n\000b\000o\000x}{section.2.7}% 164
\BOOKMARK [3][-]{subsubsection*.80}{\376\377\000S\000i\000m\000p\000l\000e\000\040\000S\000p\000i\000n\000b\000o\000x}{subsection.2.7.25}% 165
\BOOKMARK [2][-]{subsection.2.7.26}{\376\377\000S\000p\000i\000n\000n\000e\000r}{section.2.7}% 166
\BOOKMARK [3][-]{subsubsection*.81}{\376\377\000S\000i\000m\000p\000l\000e\000\040\000s\000p\000i\000n\000n\000e\000r}{subsection.2.7.26}% 167
\BOOKMARK [2][-]{subsection.2.7.27}{\376\377\000S\000w\000i\000t\000c\000h}{section.2.7}% 168
\BOOKMARK [3][-]{subsubsection*.82}{\376\377\000S\000i\000m\000p\000l\000e\000\040\000S\000w\000i\000t\000c\000h}{subsection.2.7.27}% 169
\BOOKMARK [2][-]{subsection.2.7.28}{\376\377\000T\000a\000b\000l\000e}{section.2.7}% 170
\BOOKMARK [3][-]{subsubsection*.83}{\376\377\000S\000i\000m\000p\000l\000e\000\040\000t\000a\000b\000l\000e}{subsection.2.7.28}% 171
\BOOKMARK [3][-]{subsubsection*.84}{\376\377\000L\000i\000g\000h\000t\000w\000e\000i\000g\000h\000t\000e\000d\000\040\000l\000i\000s\000t\000\040\000f\000r\000o\000m\000\040\000t\000a\000b\000l\000e}{subsection.2.7.28}% 172
\BOOKMARK [2][-]{subsection.2.7.29}{\376\377\000T\000a\000b\000v\000i\000e\000w}{section.2.7}% 173
\BOOKMARK [3][-]{subsubsection*.85}{\376\377\000S\000i\000m\000p\000l\000e\000\040\000T\000a\000b\000v\000i\000e\000w}{subsection.2.7.29}% 174
\BOOKMARK [3][-]{subsubsection*.86}{\376\377\000T\000a\000b\000s\000\040\000o\000n\000\040\000t\000h\000e\000\040\000l\000e\000f\000t\000,\000\040\000s\000t\000y\000l\000i\000n\000g\000\040\000a\000n\000d\000\040\000n\000o\000\040\000s\000c\000r\000o\000l\000l\000i\000n\000g}{subsection.2.7.29}% 175
\BOOKMARK [2][-]{subsection.2.7.30}{\376\377\000T\000e\000x\000t\000a\000r\000e\000a}{section.2.7}% 176
\BOOKMARK [3][-]{subsubsection*.87}{\376\377\000S\000i\000m\000p\000l\000e\000\040\000T\000e\000x\000t\000\040\000a\000r\000e\000a}{subsection.2.7.30}% 177
\BOOKMARK [3][-]{subsubsection*.88}{\376\377\000T\000e\000x\000t\000\040\000a\000r\000e\000a\000\040\000w\000i\000t\000h\000\040\000p\000a\000s\000s\000w\000o\000r\000d\000\040\000f\000i\000e\000l\000d}{subsection.2.7.30}% 178
\BOOKMARK [3][-]{subsubsection*.89}{\376\377\000T\000e\000x\000t\000\040\000a\000u\000t\000o\000-\000f\000o\000r\000m\000a\000t\000t\000i\000n\000g}{subsection.2.7.30}% 179
\BOOKMARK [2][-]{subsection.2.7.31}{\376\377\000T\000a\000b\000v\000i\000e\000w}{section.2.7}% 180
\BOOKMARK [3][-]{subsubsection*.90}{\376\377\000T\000i\000l\000e\000v\000i\000e\000w\000\040\000w\000i\000t\000h\000\040\000c\000o\000n\000t\000e\000n\000t}{subsection.2.7.31}% 181
\BOOKMARK [2][-]{subsection.2.7.32}{\376\377\000W\000i\000n\000d\000o\000w}{section.2.7}% 182
\BOOKMARK [3][-]{subsubsection*.91}{\376\377\000S\000i\000m\000p\000l\000e\000\040\000w\000i\000n\000d\000o\000w}{subsection.2.7.32}% 183
\BOOKMARK [0][-]{chapter.3}{\376\377\000G\000e\000t\000\040\000s\000t\000a\000r\000t\000e\000d}{}% 184
\BOOKMARK [1][-]{section.3.1}{\376\377\000Q\000u\000i\000c\000k\000\040\000o\000v\000e\000r\000v\000i\000e\000w}{chapter.3}% 185
\BOOKMARK [2][-]{subsection.3.1.1}{\376\377\000G\000e\000t\000\040\000s\000t\000a\000r\000t\000e\000d\000\040\000i\000n\000\040\000a\000\040\000s\000i\000m\000u\000l\000a\000t\000o\000r}{section.3.1}% 186
\BOOKMARK [2][-]{subsection.3.1.2}{\376\377\000A\000d\000d\000\040\000L\000V\000G\000L\000\040\000i\000n\000t\000o\000\040\000y\000o\000u\000r\000\040\000p\000r\000o\000j\000e\000c\000t}{section.3.1}% 187
\BOOKMARK [2][-]{subsection.3.1.3}{\376\377\000L\000e\000a\000r\000n\000\040\000t\000h\000e\000\040\000b\000a\000s\000i\000c\000s}{section.3.1}% 188
\BOOKMARK [3][-]{subsubsection*.92}{\376\377\000W\000i\000d\000g\000e\000t\000s}{subsection.3.1.3}% 189
\BOOKMARK [3][-]{subsubsection*.93}{\376\377\000E\000v\000e\000n\000t\000s}{subsection.3.1.3}% 190
\BOOKMARK [3][-]{subsubsection*.94}{\376\377\000P\000a\000r\000t\000s}{subsection.3.1.3}% 191
\BOOKMARK [3][-]{subsubsection*.95}{\376\377\000S\000t\000a\000t\000e\000s}{subsection.3.1.3}% 192
\BOOKMARK [3][-]{subsubsection*.96}{\376\377\000S\000t\000y\000l\000e\000s}{subsection.3.1.3}% 193
\BOOKMARK [3][-]{subsubsection*.97}{\376\377\000T\000h\000e\000m\000e\000s}{subsection.3.1.3}% 194
\BOOKMARK [2][-]{subsection.3.1.4}{\376\377\000E\000x\000a\000m\000p\000l\000e\000s}{section.3.1}% 195
\BOOKMARK [3][-]{subsubsection*.98}{\376\377\000A\000\040\000b\000u\000t\000t\000o\000n\000\040\000w\000i\000t\000h\000\040\000a\000\040\000l\000a\000b\000e\000l\000\040\000a\000n\000d\000\040\000r\000e\000a\000c\000t\000\040\000o\000n\000\040\000c\000l\000i\000c\000k\000\040\000e\000v\000e\000n\000t}{subsection.3.1.4}% 196
\BOOKMARK [3][-]{subsubsection*.99}{\376\377\000C\000r\000e\000a\000t\000e\000\040\000s\000t\000y\000l\000e\000s\000\040\000f\000r\000o\000m\000\040\000s\000c\000r\000a\000t\000c\000h\000\040\000f\000o\000r\000\040\000b\000u\000t\000t\000o\000n\000s}{subsection.3.1.4}% 197
\BOOKMARK [3][-]{subsubsection*.100}{\376\377\000C\000r\000e\000a\000t\000e\000\040\000a\000\040\000s\000l\000i\000d\000e\000r\000\040\000a\000n\000d\000\040\000w\000r\000i\000t\000e\000\040\000i\000t\000s\000\040\000v\000a\000l\000u\000e\000\040\000o\000n\000\040\000a\000\040\000l\000a\000b\000e\000l}{subsection.3.1.4}% 198
\BOOKMARK [2][-]{subsection.3.1.5}{\376\377\000M\000i\000c\000r\000o\000p\000y\000t\000h\000o\000n}{section.3.1}% 199
\BOOKMARK [1][-]{section.3.2}{\376\377\000P\000l\000a\000t\000f\000o\000r\000m\000s}{chapter.3}% 200
\BOOKMARK [2][-]{subsection.3.2.1}{\376\377\000S\000i\000m\000u\000l\000a\000t\000o\000r\000\040\000o\000n\000\040\000P\000C}{section.3.2}% 201
\BOOKMARK [3][-]{subsubsection*.101}{\376\377\000S\000e\000l\000e\000c\000t\000\040\000a\000n\000\040\000I\000D\000E}{subsection.3.2.1}% 202
\BOOKMARK [3][-]{subsubsection*.102}{\376\377\000S\000e\000t\000-\000u\000p\000\040\000E\000c\000l\000i\000p\000s\000e\000\040\000C\000D\000T}{subsection.3.2.1}% 203
\BOOKMARK [4][-]{paragraph*.103}{\376\377\000I\000n\000s\000t\000a\000l\000l\000\040\000E\000c\000l\000i\000p\000s\000e\000\040\000C\000D\000T}{subsubsection*.102}% 204
\BOOKMARK [4][-]{paragraph*.104}{\376\377\000I\000n\000s\000t\000a\000l\000l\000\040\000S\000D\000L\000\040\0002}{subsubsection*.102}% 205
\BOOKMARK [5][-]{subparagraph*.105}{\376\377\000L\000i\000n\000u\000x}{paragraph*.104}% 206
\BOOKMARK [5][-]{subparagraph*.106}{\376\377\000W\000i\000n\000d\000o\000w\000s}{paragraph*.104}% 207
\BOOKMARK [5][-]{subparagraph*.107}{\376\377\000O\000S\000X}{paragraph*.104}% 208
\BOOKMARK [4][-]{paragraph*.108}{\376\377\000P\000r\000e\000-\000c\000o\000n\000f\000i\000g\000u\000r\000e\000d\000\040\000p\000r\000o\000j\000e\000c\000t}{subsubsection*.102}% 209
\BOOKMARK [4][-]{paragraph*.109}{\376\377\000A\000d\000d\000\040\000t\000h\000e\000\040\000p\000r\000e\000-\000c\000o\000n\000f\000i\000g\000u\000r\000e\000d\000\040\000p\000r\000o\000j\000e\000c\000t\000\040\000t\000o\000\040\000E\000c\000l\000i\000p\000s\000e\000\040\000C\000D\000T}{subsubsection*.102}% 210
\BOOKMARK [4][-]{paragraph*.110}{\376\377\000C\000o\000m\000p\000i\000l\000e\000\040\000a\000n\000d\000\040\000R\000u\000n}{subsubsection*.102}% 211
\BOOKMARK [2][-]{subsection.3.2.2}{\376\377\000N\000X\000P}{section.3.2}% 212
\BOOKMARK [3][-]{subsubsection*.111}{\376\377\000C\000r\000e\000a\000t\000i\000n\000g\000\040\000n\000e\000w\000\040\000p\000r\000o\000j\000e\000c\000t\000\040\000w\000i\000t\000h\000\040\000L\000V\000G\000L}{subsection.3.2.2}% 213
\BOOKMARK [3][-]{subsubsection*.112}{\376\377\000H\000W\000\040\000a\000c\000c\000e\000l\000e\000r\000a\000t\000i\000o\000n\000\040\000f\000o\000r\000\040\000N\000X\000P\000\040\000i\000M\000X\000\040\000R\000T\000\040\000p\000l\000a\000t\000f\000o\000r\000m\000s}{subsection.3.2.2}% 214
\BOOKMARK [4][-]{paragraph*.113}{\376\377\000P\000X\000P\000\040\000a\000c\000c\000e\000l\000e\000r\000a\000t\000o\000r}{subsubsection*.112}% 215
\BOOKMARK [5][-]{subparagraph*.114}{\376\377\000F\000e\000a\000t\000u\000r\000e\000s\000\040\000s\000u\000p\000p\000o\000r\000t\000e\000d\000:}{paragraph*.113}% 216
\BOOKMARK [5][-]{subparagraph*.115}{\376\377\000K\000n\000o\000w\000n\000\040\000l\000i\000m\000i\000t\000a\000t\000i\000o\000n\000s\000:}{paragraph*.113}% 217
\BOOKMARK [5][-]{subparagraph*.116}{\376\377\000B\000a\000s\000i\000c\000\040\000c\000o\000n\000f\000i\000g\000u\000r\000a\000t\000i\000o\000n\000:}{paragraph*.113}% 218
\BOOKMARK [5][-]{subparagraph*.117}{\376\377\000B\000a\000s\000i\000c\000\040\000i\000n\000i\000t\000i\000a\000l\000i\000z\000a\000t\000i\000o\000n\000:}{paragraph*.113}% 219
\BOOKMARK [5][-]{subparagraph*.118}{\376\377\000P\000r\000o\000j\000e\000c\000t\000\040\000s\000e\000t\000u\000p\000:}{paragraph*.113}% 220
\BOOKMARK [5][-]{subparagraph*.119}{\376\377\000L\000o\000g\000g\000i\000n\000g\000:}{paragraph*.113}% 221
\BOOKMARK [5][-]{subparagraph*.120}{\376\377\000A\000d\000v\000a\000n\000c\000e\000d\000\040\000c\000o\000n\000f\000i\000g\000u\000r\000a\000t\000i\000o\000n\000:}{paragraph*.113}% 222
\BOOKMARK [4][-]{paragraph*.121}{\376\377\000V\000G\000L\000i\000t\000e\000\040\000a\000c\000c\000e\000l\000e\000r\000a\000t\000o\000r}{subsubsection*.112}% 223
\BOOKMARK [5][-]{subparagraph*.122}{\376\377\000F\000e\000a\000t\000u\000r\000e\000s\000\040\000s\000u\000p\000p\000o\000r\000t\000e\000d\000:}{paragraph*.121}% 224
\BOOKMARK [5][-]{subparagraph*.123}{\376\377\000K\000n\000o\000w\000n\000\040\000l\000i\000m\000i\000t\000a\000t\000i\000o\000n\000s\000:}{paragraph*.121}% 225
\BOOKMARK [5][-]{subparagraph*.124}{\376\377\000B\000a\000s\000i\000c\000\040\000c\000o\000n\000f\000i\000g\000u\000r\000a\000t\000i\000o\000n\000:}{paragraph*.121}% 226
\BOOKMARK [5][-]{subparagraph*.125}{\376\377\000B\000a\000s\000i\000c\000\040\000i\000n\000i\000t\000i\000a\000l\000i\000z\000a\000t\000i\000o\000n\000:}{paragraph*.121}% 227
\BOOKMARK [5][-]{subparagraph*.126}{\376\377\000P\000r\000o\000j\000e\000c\000t\000\040\000s\000e\000t\000u\000p\000:}{paragraph*.121}% 228
\BOOKMARK [5][-]{subparagraph*.127}{\376\377\000L\000o\000g\000g\000i\000n\000g\000:}{paragraph*.121}% 229
\BOOKMARK [5][-]{subparagraph*.128}{\376\377\000A\000d\000v\000a\000n\000c\000e\000d\000\040\000c\000o\000n\000f\000i\000g\000u\000r\000a\000t\000i\000o\000n\000:}{paragraph*.121}% 230
\BOOKMARK [2][-]{subsection.3.2.3}{\376\377\000S\000T\000M\0003\0002}{section.3.2}% 231
\BOOKMARK [2][-]{subsection.3.2.4}{\376\377\000E\000s\000p\000r\000e\000s\000s\000i\000f\000\040\000\050\000E\000S\000P\0003\0002\000\040\000c\000h\000i\000p\000\040\000s\000e\000r\000i\000e\000s\000\051}{section.3.2}% 232
\BOOKMARK [3][-]{subsubsection*.129}{\376\377\000L\000V\000G\000L\000\040\000d\000e\000m\000o\000\040\000p\000r\000o\000j\000e\000c\000t\000\040\000f\000o\000r\000\040\000E\000S\000P\0003\0002}{subsection.3.2.4}% 233
\BOOKMARK [3][-]{subsubsection*.130}{\376\377\000U\000s\000i\000n\000g\000\040\000L\000V\000G\000L\000\040\000i\000n\000\040\000y\000o\000u\000r\000\040\000E\000S\000P\000-\000I\000D\000F\000\040\000p\000r\000o\000j\000e\000c\000t}{subsection.3.2.4}% 234
\BOOKMARK [4][-]{paragraph*.131}{\376\377\000P\000r\000e\000r\000e\000q\000u\000i\000s\000i\000t\000e\000s}{subsubsection*.130}% 235
\BOOKMARK [4][-]{paragraph*.132}{\376\377\000O\000b\000t\000a\000i\000n\000i\000n\000g\000\040\000L\000V\000G\000L}{subsubsection*.130}% 236
\BOOKMARK [4][-]{paragraph*.133}{\376\377\000C\000o\000n\000f\000i\000g\000u\000r\000a\000t\000i\000o\000n}{subsubsection*.130}% 237
\BOOKMARK [3][-]{subsubsection*.134}{\376\377\000U\000s\000i\000n\000g\000\040\000l\000v\000g\000l\000\137\000e\000s\000p\0003\0002\000\137\000d\000r\000i\000v\000e\000r\000s\000\040\000i\000n\000\040\000E\000S\000P\000-\000I\000D\000F\000\040\000p\000r\000o\000j\000e\000c\000t}{subsection.3.2.4}% 238
\BOOKMARK [2][-]{subsection.3.2.5}{\376\377\000R\000e\000n\000e\000s\000a\000s}{section.3.2}% 239
\BOOKMARK [3][-]{subsubsection*.135}{\376\377\000C\000r\000e\000a\000t\000i\000n\000g\000\040\000n\000e\000w\000\040\000p\000r\000o\000j\000e\000c\000t\000\040\000w\000i\000t\000h\000\040\000L\000V\000G\000L}{subsection.3.2.5}% 240
\BOOKMARK [3][-]{subsubsection*.136}{\376\377\000H\000W\000\040\000a\000c\000c\000e\000l\000e\000r\000a\000t\000i\000o\000n\000\040\000f\000o\000r\000\040\000R\000e\000n\000e\000s\000a\000s\000\040\000R\000A\0006\000M\0003\000\040\000p\000l\000a\000t\000f\000o\000r\000m\000s}{subsection.3.2.5}% 241
\BOOKMARK [4][-]{paragraph*.137}{\376\377\000D\000a\000v\000e\000-\0002\000d\000\040\000a\000c\000c\000e\000l\000e\000r\000a\000t\000o\000r}{subsubsection*.136}% 242
\BOOKMARK [4][-]{paragraph*.138}{\376\377\000F\000e\000a\000t\000u\000r\000e\000s\000\040\000s\000u\000p\000p\000o\000r\000t\000e\000d\000:}{subsubsection*.136}% 243
\BOOKMARK [4][-]{paragraph*.139}{\376\377\000B\000a\000s\000i\000c\000\040\000c\000o\000n\000f\000i\000g\000u\000r\000a\000t\000i\000o\000n\000:}{subsubsection*.136}% 244
\BOOKMARK [4][-]{paragraph*.140}{\376\377\000R\000T\000-\000T\000h\000r\000e\000a\000d\000\040\000E\000x\000a\000m\000p\000l\000e\000:}{subsubsection*.136}% 245
\BOOKMARK [2][-]{subsection.3.2.6}{\376\377\000A\000r\000d\000u\000i\000n\000o}{section.3.2}% 246
\BOOKMARK [3][-]{subsubsection*.141}{\376\377\000G\000e\000t\000\040\000t\000h\000e\000\040\000L\000V\000G\000L\000\040\000A\000r\000d\000u\000i\000n\000o\000\040\000l\000i\000b\000r\000a\000r\000y}{subsection.3.2.6}% 247
\BOOKMARK [3][-]{subsubsection*.142}{\376\377\000S\000e\000t\000\040\000u\000p\000\040\000d\000r\000i\000v\000e\000r\000s}{subsection.3.2.6}% 248
\BOOKMARK [3][-]{subsubsection*.143}{\376\377\000C\000o\000n\000f\000i\000g\000u\000r\000e\000\040\000L\000V\000G\000L}{subsection.3.2.6}% 249
\BOOKMARK [3][-]{subsubsection*.144}{\376\377\000I\000n\000i\000t\000i\000a\000l\000i\000z\000e\000\040\000a\000n\000d\000\040\000r\000u\000n\000\040\000L\000V\000G\000L}{subsection.3.2.6}% 250
\BOOKMARK [3][-]{subsubsection*.145}{\376\377\000U\000s\000e\000\040\000t\000h\000e\000\040\000e\000x\000a\000m\000p\000l\000e\000s\000\040\000a\000n\000d\000\040\000d\000e\000m\000o\000s}{subsection.3.2.6}% 251
\BOOKMARK [3][-]{subsubsection*.146}{\376\377\000D\000e\000b\000u\000g\000g\000i\000n\000g\000\040\000a\000n\000d\000\040\000l\000o\000g\000g\000i\000n\000g}{subsection.3.2.6}% 252
\BOOKMARK [2][-]{subsection.3.2.7}{\376\377\000T\000a\000s\000m\000o\000t\000a\000\040\000a\000n\000d\000\040\000b\000e\000r\000r\000y}{section.3.2}% 253
\BOOKMARK [3][-]{subsubsection*.147}{\376\377\000W\000h\000a\000t\000\040\000i\000s\000\040\000T\000a\000s\000m\000o\000t\000a\000?}{subsection.3.2.7}% 254
\BOOKMARK [3][-]{subsubsection*.148}{\376\377\000W\000h\000a\000t\000\040\000i\000s\000\040\000B\000e\000r\000r\000y\000?}{subsection.3.2.7}% 255
\BOOKMARK [4][-]{paragraph*.149}{\376\377\000H\000i\000g\000h\000l\000i\000g\000h\000t\000s\000\040\000o\000f\000\040\000B\000e\000r\000r\000y}{subsubsection*.148}% 256
\BOOKMARK [3][-]{subsubsection*.150}{\376\377\000W\000h\000y\000\040\000L\000V\000G\000L\000\040\000+\000\040\000T\000a\000s\000m\000o\000t\000a\000\040\000+\000\040\000B\000e\000r\000r\000y\000?}{subsection.3.2.7}% 257
\BOOKMARK [4][-]{paragraph*.151}{\376\377\000T\000a\000s\000m\000o\000t\000a\000\040\000+\000\040\000B\000e\000r\000r\000y\000\040\000+\000\040\000L\000V\000G\000L\000\040\000c\000o\000u\000l\000d\000\040\000b\000e\000\040\000u\000s\000e\000d\000\040\000f\000o\000r\000:}{subsubsection*.150}% 258
\BOOKMARK [3][-]{subsubsection*.152}{\376\377\000S\000o\000\040\000w\000h\000a\000t\000\040\000d\000o\000e\000s\000\040\000i\000t\000\040\000l\000o\000o\000k\000\040\000l\000i\000k\000e\000?}{subsection.3.2.7}% 259
\BOOKMARK [4][-]{paragraph*.153}{\376\377\000A\000\040\000s\000i\000m\000p\000l\000e\000\040\000e\000x\000a\000m\000p\000l\000e}{subsubsection*.152}% 260
\BOOKMARK [3][-]{subsubsection*.154}{\376\377\000H\000o\000w\000\040\000c\000a\000n\000\040\000I\000\040\000u\000s\000e\000\040\000i\000t\000?}{subsection.3.2.7}% 261
\BOOKMARK [3][-]{subsubsection*.155}{\376\377\000W\000h\000e\000r\000e\000\040\000c\000a\000n\000\040\000I\000\040\000f\000i\000n\000d\000\040\000m\000o\000r\000e\000\040\000i\000n\000f\000o\000r\000m\000a\000t\000i\000o\000n\000?}{subsection.3.2.7}% 262
\BOOKMARK [2][-]{subsection.3.2.8}{\376\377\000C\000M\000a\000k\000e}{section.3.2}% 263
\BOOKMARK [3][-]{subsubsection*.156}{\376\377\000P\000r\000e\000r\000e\000q\000u\000i\000s\000i\000t\000e\000s}{subsection.3.2.8}% 264
\BOOKMARK [3][-]{subsubsection*.157}{\376\377\000B\000u\000i\000l\000d\000i\000n\000g\000\040\000L\000V\000G\000L\000\040\000w\000i\000t\000h\000\040\000C\000M\000a\000k\000e}{subsection.3.2.8}% 265
\BOOKMARK [4][-]{paragraph*.158}{\376\377\000A\000d\000d\000i\000t\000i\000o\000n\000a\000l\000\040\000C\000M\000a\000k\000e\000\040\000o\000p\000t\000i\000o\000n\000s}{subsubsection*.157}% 266
\BOOKMARK [3][-]{subsubsection*.159}{\376\377\000B\000u\000i\000l\000d\000i\000n\000g\000\040\000L\000V\000G\000L\000\040\000e\000x\000a\000m\000p\000l\000e\000s\000\040\000w\000i\000t\000h\000\040\000C\000M\000a\000k\000e}{subsection.3.2.8}% 267
\BOOKMARK [3][-]{subsubsection*.160}{\376\377\000B\000u\000i\000l\000d\000i\000n\000g\000\040\000L\000V\000G\000L\000\040\000d\000r\000i\000v\000e\000r\000s\000\040\000a\000n\000d\000\040\000d\000e\000m\000o\000s\000\040\000w\000i\000t\000h\000\040\000C\000M\000a\000k\000e}{subsection.3.2.8}% 268
\BOOKMARK [2][-]{subsection.3.2.9}{\376\377\000B\000u\000i\000l\000d\000\040\000s\000h\000a\000r\000e\000d\000\040\000l\000i\000b\000r\000a\000r\000i\000e\000s\000\040\000w\000i\000t\000h\000\040\000C\000M\000a\000k\000e}{section.3.2}% 269
\BOOKMARK [1][-]{section.3.3}{\376\377\000\050\000R\000T\000\051\000O\000S}{chapter.3}% 270
\BOOKMARK [2][-]{subsection.3.3.1}{\376\377\000N\000u\000t\000t\000X\000\040\000R\000T\000O\000S}{section.3.3}% 271
\BOOKMARK [3][-]{subsubsection*.161}{\376\377\000W\000h\000a\000t\000\040\000i\000s\000\040\000N\000u\000t\000t\000X\000?}{subsection.3.3.1}% 272
\BOOKMARK [4][-]{paragraph*.162}{\376\377\000H\000i\000g\000h\000l\000i\000g\000h\000t\000s\000\040\000o\000f\000\040\000N\000u\000t\000t\000X}{subsubsection*.161}% 273
\BOOKMARK [3][-]{subsubsection*.163}{\376\377\000W\000h\000y\000\040\000N\000u\000t\000t\000X\000\040\000+\000\040\000L\000V\000G\000L\000?}{subsection.3.3.1}% 274
\BOOKMARK [4][-]{paragraph*.164}{\376\377\000H\000e\000r\000e\000\040\000a\000r\000e\000\040\000s\000o\000m\000e\000\040\000a\000d\000v\000a\000n\000t\000a\000g\000e\000s\000\040\000o\000f\000\040\000u\000s\000i\000n\000g\000\040\000L\000V\000G\000L\000\040\000i\000n\000\040\000N\000u\000t\000t\000X}{subsubsection*.163}% 275
\BOOKMARK [4][-]{paragraph*.165}{\376\377\000N\000u\000t\000t\000X\000\040\000+\000\040\000L\000V\000G\000L\000\040\000c\000o\000u\000l\000d\000\040\000b\000e\000\040\000u\000s\000e\000d\000\040\000f\000o\000r}{subsubsection*.163}% 276
\BOOKMARK [3][-]{subsubsection*.166}{\376\377\000H\000o\000w\000\040\000t\000o\000\040\000g\000e\000t\000\040\000s\000t\000a\000r\000t\000e\000d\000\040\000w\000i\000t\000h\000\040\000N\000u\000t\000t\000X\000\040\000a\000n\000d\000\040\000L\000V\000G\000L\000?}{subsection.3.3.1}% 277
\BOOKMARK [4][-]{paragraph*.167}{\376\377\000F\000i\000r\000s\000t\000\040\000y\000o\000u\000\040\000n\000e\000e\000d\000\040\000t\000o\000\040\000i\000n\000s\000t\000a\000l\000l\000\040\000t\000h\000e\000\040\000p\000r\000e\000-\000r\000e\000q\000u\000i\000s\000i\000t\000e\000s\000\040\000o\000n\000\040\000y\000o\000u\000r\000\040\000s\000y\000s\000t\000e\000m}{subsubsection*.166}% 278
\BOOKMARK [4][-]{paragraph*.168}{\376\377\000N\000o\000w\000\040\000l\000e\000t\000'\000s\000\040\000c\000r\000e\000a\000t\000e\000\040\000a\000\040\000w\000o\000r\000k\000s\000p\000a\000c\000e\000\040\000t\000o\000\040\000s\000a\000v\000e\000\040\000o\000u\000r\000\040\000f\000i\000l\000e\000s}{subsubsection*.166}% 279
\BOOKMARK [4][-]{paragraph*.169}{\376\377\000C\000l\000o\000n\000e\000\040\000t\000h\000e\000\040\000N\000u\000t\000t\000X\000\040\000a\000n\000d\000\040\000A\000p\000p\000s\000\040\000r\000e\000p\000o\000s\000i\000t\000o\000r\000i\000e\000s\000:}{subsubsection*.166}% 280
\BOOKMARK [4][-]{paragraph*.170}{\376\377\000C\000o\000n\000f\000i\000g\000u\000r\000e\000\040\000N\000u\000t\000t\000X\000\040\000t\000o\000\040\000u\000s\000e\000\040\000t\000h\000e\000\040\000s\000t\000m\0003\0002\000f\0004\0002\0009\000i\000-\000d\000i\000s\000c\000o\000\040\000b\000o\000a\000r\000d\000\040\000a\000n\000d\000\040\000t\000h\000e\000\040\000L\000V\000G\000L\000\040\000D\000e\000m\000o}{subsubsection*.166}% 281
\BOOKMARK [4][-]{paragraph*.171}{\376\377\000F\000l\000a\000s\000h\000i\000n\000g\000\040\000t\000h\000e\000\040\000f\000i\000r\000m\000w\000a\000r\000e\000\040\000i\000n\000\040\000t\000h\000e\000\040\000b\000o\000a\000r\000d\000\040\000u\000s\000i\000n\000g\000\040\000O\000p\000e\000n\000O\000C\000D\000:}{subsubsection*.166}% 282
\BOOKMARK [3][-]{subsubsection*.172}{\376\377\000W\000h\000e\000r\000e\000\040\000c\000a\000n\000\040\000I\000\040\000f\000i\000n\000d\000\040\000m\000o\000r\000e\000\040\000i\000n\000f\000o\000r\000m\000a\000t\000i\000o\000n\000?}{subsection.3.3.1}% 283
\BOOKMARK [2][-]{subsection.3.3.2}{\376\377\000R\000T\000-\000T\000h\000r\000e\000a\000d\000\040\000R\000T\000O\000S}{section.3.3}% 284
\BOOKMARK [3][-]{subsubsection*.173}{\376\377\000W\000h\000a\000t\000\040\000i\000s\000\040\000R\000T\000-\000T\000h\000r\000e\000a\000d\000?}{subsection.3.3.2}% 285
\BOOKMARK [4][-]{paragraph*.174}{\376\377\000K\000e\000y\000\040\000f\000e\000a\000t\000u\000r\000e\000s}{subsubsection*.173}% 286
\BOOKMARK [3][-]{subsubsection*.175}{\376\377\000H\000o\000w\000\040\000t\000o\000\040\000r\000u\000n\000\040\000L\000V\000G\000L\000\040\000o\000n\000\040\000R\000T\000-\000T\000h\000r\000e\000a\000d\000?}{subsection.3.3.2}% 287
\BOOKMARK [4][-]{paragraph*.176}{\376\377\000I\000m\000p\000o\000r\000t\000\040\000a\000\040\000B\000S\000P\000\040\000p\000r\000o\000j\000e\000c\000t\000\040\000i\000n\000t\000o\000\040\000R\000T\000-\000T\000h\000r\000e\000a\000d\000\040\000S\000t\000u\000d\000i\000o}{subsubsection*.175}% 288
\BOOKMARK [2][-]{subsection.3.3.3}{\376\377\000F\000r\000e\000e\000R\000T\000O\000S}{section.3.3}% 289
\BOOKMARK [2][-]{subsection.3.3.4}{\376\377\000Z\000e\000p\000h\000y\000r}{section.3.3}% 290
\BOOKMARK [1][-]{section.3.4}{\376\377\000B\000i\000n\000d\000i\000n\000g\000s}{chapter.3}% 291
\BOOKMARK [2][-]{subsection.3.4.1}{\376\377\000M\000i\000c\000r\000o\000p\000y\000t\000h\000o\000n}{section.3.4}% 292
\BOOKMARK [3][-]{subsubsection*.177}{\376\377\000W\000h\000a\000t\000\040\000i\000s\000\040\000M\000i\000c\000r\000o\000p\000y\000t\000h\000o\000n\000?}{subsection.3.4.1}% 293
\BOOKMARK [4][-]{paragraph*.178}{\376\377\000H\000i\000g\000h\000l\000i\000g\000h\000t\000s\000\040\000o\000f\000\040\000M\000i\000c\000r\000o\000p\000y\000t\000h\000o\000n}{subsubsection*.177}% 294
\BOOKMARK [3][-]{subsubsection*.179}{\376\377\000W\000h\000y\000\040\000M\000i\000c\000r\000o\000p\000y\000t\000h\000o\000n\000\040\000+\000\040\000L\000V\000G\000L\000?}{subsection.3.4.1}% 295
\BOOKMARK [4][-]{paragraph*.180}{\376\377\000H\000e\000r\000e\000\040\000a\000r\000e\000\040\000s\000o\000m\000e\000\040\000a\000d\000v\000a\000n\000t\000a\000g\000e\000s\000\040\000o\000f\000\040\000u\000s\000i\000n\000g\000\040\000L\000V\000G\000L\000\040\000i\000n\000\040\000M\000i\000c\000r\000o\000p\000y\000t\000h\000o\000n\000:}{subsubsection*.179}% 296
\BOOKMARK [4][-]{paragraph*.181}{\376\377\000M\000i\000c\000r\000o\000p\000y\000t\000h\000o\000n\000\040\000+\000\040\000L\000V\000G\000L\000\040\000c\000o\000u\000l\000d\000\040\000b\000e\000\040\000u\000s\000e\000d\000\040\000f\000o\000r\000:}{subsubsection*.179}% 297
\BOOKMARK [3][-]{subsubsection*.182}{\376\377\000S\000o\000\040\000w\000h\000a\000t\000\040\000d\000o\000e\000s\000\040\000i\000t\000\040\000l\000o\000o\000k\000\040\000l\000i\000k\000e\000?}{subsection.3.4.1}% 298
\BOOKMARK [4][-]{paragraph*.183}{\376\377\000A\000\040\000s\000i\000m\000p\000l\000e\000\040\000e\000x\000a\000m\000p\000l\000e}{subsubsection*.182}% 299
\BOOKMARK [3][-]{subsubsection*.184}{\376\377\000H\000o\000w\000\040\000c\000a\000n\000\040\000I\000\040\000u\000s\000e\000\040\000i\000t\000?}{subsection.3.4.1}% 300
\BOOKMARK [4][-]{paragraph*.185}{\376\377\000O\000n\000l\000i\000n\000e\000\040\000S\000i\000m\000u\000l\000a\000t\000o\000r}{subsubsection*.184}% 301
\BOOKMARK [4][-]{paragraph*.186}{\376\377\000P\000C\000\040\000S\000i\000m\000u\000l\000a\000t\000o\000r}{subsubsection*.184}% 302
\BOOKMARK [4][-]{paragraph*.187}{\376\377\000E\000m\000b\000e\000d\000d\000e\000d\000\040\000p\000l\000a\000t\000f\000o\000r\000m}{subsubsection*.184}% 303
\BOOKMARK [3][-]{subsubsection*.188}{\376\377\000W\000h\000e\000r\000e\000\040\000c\000a\000n\000\040\000I\000\040\000f\000i\000n\000d\000\040\000m\000o\000r\000e\000\040\000i\000n\000f\000o\000r\000m\000a\000t\000i\000o\000n\000?}{subsection.3.4.1}% 304
\BOOKMARK [2][-]{subsection.3.4.2}{\376\377\000C\000p\000p}{section.3.4}% 305
\BOOKMARK [0][-]{chapter.4}{\376\377\000P\000o\000r\000t\000i\000n\000g}{}% 306
\BOOKMARK [1][-]{section.4.1}{\376\377\000S\000e\000t\000\040\000u\000p\000\040\000a\000\040\000p\000r\000o\000j\000e\000c\000t}{chapter.4}% 307
\BOOKMARK [2][-]{subsection.4.1.1}{\376\377\000G\000e\000t\000\040\000t\000h\000e\000\040\000l\000i\000b\000r\000a\000r\000y}{section.4.1}% 308
\BOOKMARK [2][-]{subsection.4.1.2}{\376\377\000A\000d\000d\000\040\000l\000v\000g\000l\000\040\000t\000o\000\040\000y\000o\000u\000r\000\040\000p\000r\000o\000j\000e\000c\000t}{section.4.1}% 309
\BOOKMARK [3][-]{subsubsection*.189}{\376\377\000A\000u\000t\000o\000m\000a\000t\000i\000c\000a\000l\000l\000y\000\040\000a\000d\000d\000\040\000f\000i\000l\000e\000s}{subsection.4.1.2}% 310
\BOOKMARK [3][-]{subsubsection*.190}{\376\377\000M\000a\000k\000e\000\040\000a\000n\000d\000\040\000C\000M\000a\000k\000e}{subsection.4.1.2}% 311
\BOOKMARK [3][-]{subsubsection*.191}{\376\377\000O\000t\000h\000e\000r\000\040\000p\000l\000a\000t\000f\000o\000r\000m\000s\000\040\000a\000n\000d\000\040\000t\000o\000o\000l\000s}{subsection.4.1.2}% 312
\BOOKMARK [3][-]{subsubsection*.192}{\376\377\000D\000e\000m\000o\000s\000\040\000a\000n\000d\000\040\000E\000x\000a\000m\000p\000l\000e\000s}{subsection.4.1.2}% 313
\BOOKMARK [2][-]{subsection.4.1.3}{\376\377\000C\000o\000n\000f\000i\000g\000u\000r\000a\000t\000i\000o\000n\000\040\000f\000i\000l\000e}{section.4.1}% 314
\BOOKMARK [2][-]{subsection.4.1.4}{\376\377\000I\000n\000i\000t\000i\000a\000l\000i\000z\000a\000t\000i\000o\000n}{section.4.1}% 315
\BOOKMARK [1][-]{section.4.2}{\376\377\000D\000i\000s\000p\000l\000a\000y\000\040\000i\000n\000t\000e\000r\000f\000a\000c\000e}{chapter.4}% 316
\BOOKMARK [2][-]{subsection.4.2.1}{\376\377\000D\000r\000a\000w\000\040\000b\000u\000f\000f\000e\000r}{section.4.2}% 317
\BOOKMARK [2][-]{subsection.4.2.2}{\376\377\000B\000u\000f\000f\000e\000r\000i\000n\000g\000\040\000m\000o\000d\000e\000s}{section.4.2}% 318
\BOOKMARK [3][-]{subsubsection*.193}{\376\377\000O\000n\000e\000\040\000b\000u\000f\000f\000e\000r}{subsection.4.2.2}% 319
\BOOKMARK [3][-]{subsubsection*.194}{\376\377\000T\000w\000o\000\040\000b\000u\000f\000f\000e\000r\000s}{subsection.4.2.2}% 320
\BOOKMARK [3][-]{subsubsection*.195}{\376\377\000F\000u\000l\000l\000\040\000r\000e\000f\000r\000e\000s\000h}{subsection.4.2.2}% 321
\BOOKMARK [3][-]{subsubsection*.196}{\376\377\000D\000i\000r\000e\000c\000t\000\040\000m\000o\000d\000e}{subsection.4.2.2}% 322
\BOOKMARK [2][-]{subsection.4.2.3}{\376\377\000D\000i\000s\000p\000l\000a\000y\000\040\000d\000r\000i\000v\000e\000r}{section.4.2}% 323
\BOOKMARK [3][-]{subsubsection*.197}{\376\377\000M\000a\000n\000d\000a\000t\000o\000r\000y\000\040\000f\000i\000e\000l\000d\000s}{subsection.4.2.3}% 324
\BOOKMARK [3][-]{subsubsection*.198}{\376\377\000O\000p\000t\000i\000o\000n\000a\000l\000\040\000f\000i\000e\000l\000d\000s}{subsection.4.2.3}% 325
\BOOKMARK [3][-]{subsubsection*.199}{\376\377\000E\000x\000a\000m\000p\000l\000e\000s}{subsection.4.2.3}% 326
\BOOKMARK [2][-]{subsection.4.2.4}{\376\377\000O\000t\000h\000e\000r\000\040\000o\000p\000t\000i\000o\000n\000s}{section.4.2}% 327
\BOOKMARK [3][-]{subsubsection*.200}{\376\377\000R\000o\000t\000a\000t\000i\000o\000n}{subsection.4.2.4}% 328
\BOOKMARK [3][-]{subsubsection*.201}{\376\377\000D\000e\000c\000o\000u\000p\000l\000i\000n\000g\000\040\000t\000h\000e\000\040\000d\000i\000s\000p\000l\000a\000y\000\040\000r\000e\000f\000r\000e\000s\000h\000\040\000t\000i\000m\000e\000r}{subsection.4.2.4}% 329
\BOOKMARK [2][-]{subsection.4.2.5}{\376\377\000F\000u\000r\000t\000h\000e\000r\000\040\000r\000e\000a\000d\000i\000n\000g}{section.4.2}% 330
\BOOKMARK [2][-]{subsection.4.2.6}{\376\377\000A\000P\000I}{section.4.2}% 331
\BOOKMARK [1][-]{section.4.3}{\376\377\000I\000n\000p\000u\000t\000\040\000d\000e\000v\000i\000c\000e\000\040\000i\000n\000t\000e\000r\000f\000a\000c\000e}{chapter.4}% 332
\BOOKMARK [2][-]{subsection.4.3.1}{\376\377\000T\000y\000p\000e\000s\000\040\000o\000f\000\040\000i\000n\000p\000u\000t\000\040\000d\000e\000v\000i\000c\000e\000s}{section.4.3}% 333
\BOOKMARK [3][-]{subsubsection*.402}{\376\377\000T\000o\000u\000c\000h\000p\000a\000d\000,\000\040\000m\000o\000u\000s\000e\000\040\000o\000r\000\040\000a\000n\000y\000\040\000p\000o\000i\000n\000t\000e\000r}{subsection.4.3.1}% 334
\BOOKMARK [3][-]{subsubsection*.403}{\376\377\000K\000e\000y\000p\000a\000d\000\040\000o\000r\000\040\000k\000e\000y\000b\000o\000a\000r\000d}{subsection.4.3.1}% 335
\BOOKMARK [3][-]{subsubsection*.404}{\376\377\000E\000n\000c\000o\000d\000e\000r}{subsection.4.3.1}% 336
\BOOKMARK [4][-]{paragraph*.405}{\376\377\000U\000s\000i\000n\000g\000\040\000b\000u\000t\000t\000o\000n\000s\000\040\000w\000i\000t\000h\000\040\000E\000n\000c\000o\000d\000e\000r\000\040\000l\000o\000g\000i\000c}{subsubsection*.404}% 337
\BOOKMARK [3][-]{subsubsection*.406}{\376\377\000B\000u\000t\000t\000o\000n}{subsection.4.3.1}% 338
\BOOKMARK [2][-]{subsection.4.3.2}{\376\377\000O\000t\000h\000e\000r\000\040\000f\000e\000a\000t\000u\000r\000e\000s}{section.4.3}% 339
\BOOKMARK [3][-]{subsubsection*.407}{\376\377\000P\000a\000r\000a\000m\000e\000t\000e\000r\000s}{subsection.4.3.2}% 340
\BOOKMARK [3][-]{subsubsection*.408}{\376\377\000F\000e\000e\000d\000b\000a\000c\000k}{subsection.4.3.2}% 341
\BOOKMARK [3][-]{subsubsection*.409}{\376\377\000A\000s\000s\000o\000c\000i\000a\000t\000i\000n\000g\000\040\000w\000i\000t\000h\000\040\000a\000\040\000d\000i\000s\000p\000l\000a\000y}{subsection.4.3.2}% 342
\BOOKMARK [3][-]{subsubsection*.410}{\376\377\000B\000u\000f\000f\000e\000r\000e\000d\000\040\000r\000e\000a\000d\000i\000n\000g}{subsection.4.3.2}% 343
\BOOKMARK [2][-]{subsection.4.3.3}{\376\377\000F\000u\000r\000t\000h\000e\000r\000\040\000r\000e\000a\000d\000i\000n\000g}{section.4.3}% 344
\BOOKMARK [2][-]{subsection.4.3.4}{\376\377\000A\000P\000I}{section.4.3}% 345
\BOOKMARK [1][-]{section.4.4}{\376\377\000T\000i\000c\000k\000\040\000i\000n\000t\000e\000r\000f\000a\000c\000e}{chapter.4}% 346
\BOOKMARK [2][-]{subsection.4.4.1}{\376\377\000A\000P\000I}{section.4.4}% 347
\BOOKMARK [1][-]{section.4.5}{\376\377\000T\000i\000m\000e\000r\000\040\000H\000a\000n\000d\000l\000e\000r}{chapter.4}% 348
\BOOKMARK [1][-]{section.4.6}{\376\377\000S\000l\000e\000e\000p\000\040\000m\000a\000n\000a\000g\000e\000m\000e\000n\000t}{chapter.4}% 349
\BOOKMARK [1][-]{section.4.7}{\376\377\000O\000p\000e\000r\000a\000t\000i\000n\000g\000\040\000s\000y\000s\000t\000e\000m\000\040\000a\000n\000d\000\040\000i\000n\000t\000e\000r\000r\000u\000p\000t\000s}{chapter.4}% 350
\BOOKMARK [2][-]{subsection.4.7.1}{\376\377\000T\000a\000s\000k\000s\000\040\000a\000n\000d\000\040\000t\000h\000r\000e\000a\000d\000s}{section.4.7}% 351
\BOOKMARK [2][-]{subsection.4.7.2}{\376\377\000I\000n\000t\000e\000r\000r\000u\000p\000t\000s}{section.4.7}% 352
\BOOKMARK [1][-]{section.4.8}{\376\377\000L\000o\000g\000g\000i\000n\000g}{chapter.4}% 353
\BOOKMARK [2][-]{subsection.4.8.1}{\376\377\000L\000o\000g\000\040\000l\000e\000v\000e\000l}{section.4.8}% 354
\BOOKMARK [2][-]{subsection.4.8.2}{\376\377\000P\000r\000i\000n\000t\000i\000n\000g\000\040\000l\000o\000g\000s}{section.4.8}% 355
\BOOKMARK [3][-]{subsubsection*.570}{\376\377\000L\000o\000g\000g\000i\000n\000g\000\040\000w\000i\000t\000h\000\040\000p\000r\000i\000n\000t\000f}{subsection.4.8.2}% 356
\BOOKMARK [3][-]{subsubsection*.571}{\376\377\000C\000u\000s\000t\000o\000m\000\040\000l\000o\000g\000\040\000f\000u\000n\000c\000t\000i\000o\000n}{subsection.4.8.2}% 357
\BOOKMARK [2][-]{subsection.4.8.3}{\376\377\000A\000d\000d\000\040\000l\000o\000g\000s}{section.4.8}% 358
\BOOKMARK [1][-]{section.4.9}{\376\377\000A\000d\000d\000\040\000c\000u\000s\000t\000o\000m\000\040\000G\000P\000U}{chapter.4}% 359
\BOOKMARK [2][-]{subsection.4.9.1}{\376\377\000D\000r\000a\000w\000\040\000c\000o\000n\000t\000e\000x\000t}{section.4.9}% 360
\BOOKMARK [3][-]{subsubsection*.572}{\376\377\000F\000i\000e\000l\000d\000s}{subsection.4.9.1}% 361
\BOOKMARK [3][-]{subsubsection*.573}{\376\377\000I\000n\000i\000t\000i\000a\000l\000i\000z\000a\000t\000i\000o\000n}{subsection.4.9.1}% 362
\BOOKMARK [2][-]{subsection.4.9.2}{\376\377\000S\000o\000f\000t\000w\000a\000r\000e\000\040\000r\000e\000n\000d\000e\000r\000e\000r}{section.4.9}% 363
\BOOKMARK [3][-]{subsubsection*.574}{\376\377\000B\000l\000e\000n\000d\000\040\000c\000a\000l\000l\000b\000a\000c\000k}{subsection.4.9.2}% 364
\BOOKMARK [2][-]{subsection.4.9.3}{\376\377\000E\000x\000t\000e\000n\000d\000\040\000t\000h\000e\000\040\000s\000o\000f\000t\000w\000a\000r\000e\000\040\000r\000e\000n\000d\000e\000r\000e\000r}{section.4.9}% 365
\BOOKMARK [3][-]{subsubsection*.575}{\376\377\000N\000e\000w\000\040\000b\000l\000e\000n\000d\000\040\000c\000a\000l\000l\000b\000a\000c\000k}{subsection.4.9.3}% 366
\BOOKMARK [3][-]{subsubsection*.576}{\376\377\000N\000e\000w\000\040\000r\000e\000c\000t\000a\000n\000g\000l\000e\000\040\000d\000r\000a\000w\000e\000r}{subsection.4.9.3}% 367
\BOOKMARK [2][-]{subsection.4.9.4}{\376\377\000F\000u\000l\000l\000y\000\040\000c\000u\000s\000t\000o\000m\000\040\000d\000r\000a\000w\000\040\000e\000n\000g\000i\000n\000e}{section.4.9}% 368
\BOOKMARK [0][-]{chapter.5}{\376\377\000O\000v\000e\000r\000v\000i\000e\000w}{}% 369
\BOOKMARK [1][-]{section.5.1}{\376\377\000O\000b\000j\000e\000c\000t\000s}{chapter.5}% 370
\BOOKMARK [2][-]{subsection.5.1.1}{\376\377\000A\000t\000t\000r\000i\000b\000u\000t\000e\000s}{section.5.1}% 371
\BOOKMARK [3][-]{subsubsection*.577}{\376\377\000B\000a\000s\000i\000c\000\040\000a\000t\000t\000r\000i\000b\000u\000t\000e\000s}{subsection.5.1.1}% 372
\BOOKMARK [3][-]{subsubsection*.578}{\376\377\000S\000p\000e\000c\000i\000f\000i\000c\000\040\000a\000t\000t\000r\000i\000b\000u\000t\000e\000s}{subsection.5.1.1}% 373
\BOOKMARK [2][-]{subsection.5.1.2}{\376\377\000W\000o\000r\000k\000i\000n\000g\000\040\000m\000e\000c\000h\000a\000n\000i\000s\000m\000s}{section.5.1}% 374
\BOOKMARK [3][-]{subsubsection*.579}{\376\377\000P\000a\000r\000e\000n\000t\000-\000c\000h\000i\000l\000d\000\040\000s\000t\000r\000u\000c\000t\000u\000r\000e}{subsection.5.1.2}% 375
\BOOKMARK [3][-]{subsubsection*.580}{\376\377\000M\000o\000v\000i\000n\000g\000\040\000t\000o\000g\000e\000t\000h\000e\000r}{subsection.5.1.2}% 376
\BOOKMARK [3][-]{subsubsection*.581}{\376\377\000V\000i\000s\000i\000b\000i\000l\000i\000t\000y\000\040\000o\000n\000l\000y\000\040\000o\000n\000\040\000t\000h\000e\000\040\000p\000a\000r\000e\000n\000t}{subsection.5.1.2}% 377
\BOOKMARK [3][-]{subsubsection*.582}{\376\377\000C\000r\000e\000a\000t\000e\000\040\000a\000n\000d\000\040\000d\000e\000l\000e\000t\000e\000\040\000o\000b\000j\000e\000c\000t\000s}{subsection.5.1.2}% 378
\BOOKMARK [2][-]{subsection.5.1.3}{\376\377\000S\000c\000r\000e\000e\000n\000s}{section.5.1}% 379
\BOOKMARK [3][-]{subsubsection*.583}{\376\377\000C\000r\000e\000a\000t\000e\000\040\000s\000c\000r\000e\000e\000n\000s}{subsection.5.1.3}% 380
\BOOKMARK [3][-]{subsubsection*.584}{\376\377\000G\000e\000t\000\040\000t\000h\000e\000\040\000a\000c\000t\000i\000v\000e\000\040\000s\000c\000r\000e\000e\000n}{subsection.5.1.3}% 381
\BOOKMARK [3][-]{subsubsection*.585}{\376\377\000L\000o\000a\000d\000\040\000s\000c\000r\000e\000e\000n\000s}{subsection.5.1.3}% 382
\BOOKMARK [3][-]{subsubsection*.586}{\376\377\000L\000a\000y\000e\000r\000s}{subsection.5.1.3}% 383
\BOOKMARK [4][-]{paragraph*.587}{\376\377\000L\000o\000a\000d\000\040\000s\000c\000r\000e\000e\000n\000\040\000w\000i\000t\000h\000\040\000a\000n\000i\000m\000a\000t\000i\000o\000n}{subsubsection*.586}% 384
\BOOKMARK [3][-]{subsubsection*.588}{\376\377\000H\000a\000n\000d\000l\000i\000n\000g\000\040\000m\000u\000l\000t\000i\000p\000l\000e\000\040\000d\000i\000s\000p\000l\000a\000y\000s}{subsection.5.1.3}% 385
\BOOKMARK [2][-]{subsection.5.1.4}{\376\377\000P\000a\000r\000t\000s}{section.5.1}% 386
\BOOKMARK [2][-]{subsection.5.1.5}{\376\377\000S\000t\000a\000t\000e\000s}{section.5.1}% 387
\BOOKMARK [2][-]{subsection.5.1.6}{\376\377\000S\000n\000a\000p\000s\000h\000o\000t}{section.5.1}% 388
\BOOKMARK [1][-]{section.5.2}{\376\377\000P\000o\000s\000i\000t\000i\000o\000n\000s\000,\000\040\000s\000i\000z\000e\000s\000,\000\040\000a\000n\000d\000\040\000l\000a\000y\000o\000u\000t\000s}{chapter.5}% 389
\BOOKMARK [2][-]{subsection.5.2.1}{\376\377\000O\000v\000e\000r\000v\000i\000e\000w}{section.5.2}% 390
\BOOKMARK [3][-]{subsubsection*.589}{\376\377\000U\000n\000i\000t\000s}{subsection.5.2.1}% 391
\BOOKMARK [3][-]{subsubsection*.590}{\376\377\000B\000o\000x\000i\000n\000g\000\040\000m\000o\000d\000e\000l}{subsection.5.2.1}% 392
\BOOKMARK [3][-]{subsubsection*.591}{\376\377\000I\000m\000p\000o\000r\000t\000a\000n\000t\000\040\000n\000o\000t\000e\000s}{subsection.5.2.1}% 393
\BOOKMARK [4][-]{paragraph*.592}{\376\377\000P\000o\000s\000t\000p\000o\000n\000e\000d\000\040\000c\000o\000o\000r\000d\000i\000n\000a\000t\000e\000\040\000c\000a\000l\000c\000u\000l\000a\000t\000i\000o\000n}{subsubsection*.591}% 394
\BOOKMARK [4][-]{paragraph*.593}{\376\377\000R\000e\000m\000o\000v\000i\000n\000g\000\040\000s\000t\000y\000l\000e\000s}{subsubsection*.591}% 395
\BOOKMARK [2][-]{subsection.5.2.2}{\376\377\000P\000o\000s\000i\000t\000i\000o\000n}{section.5.2}% 396
\BOOKMARK [3][-]{subsubsection*.594}{\376\377\000S\000i\000m\000p\000l\000e\000\040\000w\000a\000y}{subsection.5.2.2}% 397
\BOOKMARK [3][-]{subsubsection*.595}{\376\377\000A\000l\000i\000g\000n}{subsection.5.2.2}% 398
\BOOKMARK [2][-]{subsection.5.2.3}{\376\377\000S\000i\000z\000e}{section.5.2}% 399
\BOOKMARK [3][-]{subsubsection*.596}{\376\377\000S\000i\000m\000p\000l\000e\000\040\000w\000a\000y}{subsection.5.2.3}% 400
\BOOKMARK [2][-]{subsection.5.2.4}{\376\377\000U\000s\000i\000n\000g\000\040\000s\000t\000y\000l\000e\000s}{section.5.2}% 401
\BOOKMARK [2][-]{subsection.5.2.5}{\376\377\000T\000r\000a\000n\000s\000l\000a\000t\000i\000o\000n}{section.5.2}% 402
\BOOKMARK [2][-]{subsection.5.2.6}{\376\377\000T\000r\000a\000n\000s\000f\000o\000r\000m\000a\000t\000i\000o\000n}{section.5.2}% 403
\BOOKMARK [3][-]{subsubsection*.597}{\376\377\000M\000i\000n\000\040\000a\000n\000d\000\040\000M\000a\000x\000\040\000s\000i\000z\000e}{subsection.5.2.6}% 404
\BOOKMARK [2][-]{subsection.5.2.7}{\376\377\000L\000a\000y\000o\000u\000t}{section.5.2}% 405
\BOOKMARK [3][-]{subsubsection*.598}{\376\377\000O\000v\000e\000r\000v\000i\000e\000w}{subsection.5.2.7}% 406
\BOOKMARK [3][-]{subsubsection*.599}{\376\377\000B\000u\000i\000l\000t\000-\000i\000n\000\040\000l\000a\000y\000o\000u\000t}{subsection.5.2.7}% 407
\BOOKMARK [3][-]{subsubsection*.600}{\376\377\000F\000l\000a\000g\000s}{subsection.5.2.7}% 408
\BOOKMARK [3][-]{subsubsection*.601}{\376\377\000A\000d\000d\000i\000n\000g\000\040\000n\000e\000w\000\040\000l\000a\000y\000o\000u\000t\000s}{subsection.5.2.7}% 409
\BOOKMARK [2][-]{subsection.5.2.8}{\376\377\000E\000x\000a\000m\000p\000l\000e\000s}{section.5.2}% 410
\BOOKMARK [1][-]{section.5.3}{\376\377\000S\000t\000y\000l\000e\000s}{chapter.5}% 411
\BOOKMARK [2][-]{subsection.5.3.1}{\376\377\000S\000t\000a\000t\000e\000s}{section.5.3}% 412
\BOOKMARK [2][-]{subsection.5.3.2}{\376\377\000C\000a\000s\000c\000a\000d\000i\000n\000g\000\040\000s\000t\000y\000l\000e\000s}{section.5.3}% 413
\BOOKMARK [2][-]{subsection.5.3.3}{\376\377\000I\000n\000h\000e\000r\000i\000t\000a\000n\000c\000e}{section.5.3}% 414
\BOOKMARK [2][-]{subsection.5.3.4}{\376\377\000F\000o\000r\000c\000e\000d\000\040\000v\000a\000l\000u\000e\000\040\000i\000n\000h\000e\000r\000i\000t\000a\000n\000c\000e\000/\000d\000e\000f\000a\000u\000l\000t\000\040\000v\000a\000l\000u\000e}{section.5.3}% 415
\BOOKMARK [2][-]{subsection.5.3.5}{\376\377\000P\000a\000r\000t\000s}{section.5.3}% 416
\BOOKMARK [2][-]{subsection.5.3.6}{\376\377\000I\000n\000i\000t\000i\000a\000l\000i\000z\000e\000\040\000s\000t\000y\000l\000e\000s\000\040\000a\000n\000d\000\040\000s\000e\000t\000/\000g\000e\000t\000\040\000p\000r\000o\000p\000e\000r\000t\000i\000e\000s}{section.5.3}% 417
\BOOKMARK [2][-]{subsection.5.3.7}{\376\377\000A\000d\000d\000\040\000a\000n\000d\000\040\000r\000e\000m\000o\000v\000e\000\040\000s\000t\000y\000l\000e\000s\000\040\000t\000o\000\040\000a\000\040\000w\000i\000d\000g\000e\000t}{section.5.3}% 418
\BOOKMARK [3][-]{subsubsection*.602}{\376\377\000A\000d\000d\000\040\000s\000t\000y\000l\000e\000s}{subsection.5.3.7}% 419
\BOOKMARK [3][-]{subsubsection*.603}{\376\377\000R\000e\000m\000o\000v\000e\000\040\000s\000t\000y\000l\000e\000s}{subsection.5.3.7}% 420
\BOOKMARK [3][-]{subsubsection*.604}{\376\377\000R\000e\000p\000o\000r\000t\000\040\000s\000t\000y\000l\000e\000\040\000c\000h\000a\000n\000g\000e\000s}{subsection.5.3.7}% 421
\BOOKMARK [3][-]{subsubsection*.605}{\376\377\000G\000e\000t\000\040\000a\000\040\000p\000r\000o\000p\000e\000r\000t\000y\000'\000s\000\040\000v\000a\000l\000u\000e\000\040\000o\000n\000\040\000a\000n\000\040\000o\000b\000j\000e\000c\000t}{subsection.5.3.7}% 422
\BOOKMARK [2][-]{subsection.5.3.8}{\376\377\000L\000o\000c\000a\000l\000\040\000s\000t\000y\000l\000e\000s}{section.5.3}% 423
\BOOKMARK [2][-]{subsection.5.3.9}{\376\377\000P\000r\000o\000p\000e\000r\000t\000i\000e\000s}{section.5.3}% 424
\BOOKMARK [3][-]{subsubsection*.606}{\376\377\000T\000y\000p\000i\000c\000a\000l\000\040\000b\000a\000c\000k\000g\000r\000o\000u\000n\000d\000\040\000p\000r\000o\000p\000e\000r\000t\000i\000e\000s}{subsection.5.3.9}% 425
\BOOKMARK [2][-]{subsection.5.3.10}{\376\377\000T\000r\000a\000n\000s\000i\000t\000i\000o\000n\000s}{section.5.3}% 426
\BOOKMARK [2][-]{subsection.5.3.11}{\376\377\000O\000p\000a\000c\000i\000t\000y\000,\000\040\000B\000l\000e\000n\000d\000\040\000m\000o\000d\000e\000s\000\040\000a\000n\000d\000\040\000T\000r\000a\000n\000s\000f\000o\000r\000m\000a\000t\000i\000o\000n\000s}{section.5.3}% 427
\BOOKMARK [2][-]{subsection.5.3.12}{\376\377\000C\000o\000l\000o\000r\000\040\000f\000i\000l\000t\000e\000r}{section.5.3}% 428
\BOOKMARK [2][-]{subsection.5.3.13}{\376\377\000T\000h\000e\000m\000e\000s}{section.5.3}% 429
\BOOKMARK [3][-]{subsubsection*.607}{\376\377\000E\000x\000t\000e\000n\000d\000i\000n\000g\000\040\000t\000h\000e\000m\000e\000s}{subsection.5.3.13}% 430
\BOOKMARK [2][-]{subsection.5.3.14}{\376\377\000E\000x\000a\000m\000p\000l\000e\000s}{section.5.3}% 431
\BOOKMARK [3][-]{subsubsection*.608}{\376\377\000S\000i\000z\000e\000\040\000s\000t\000y\000l\000e\000s}{subsection.5.3.14}% 432
\BOOKMARK [3][-]{subsubsection*.609}{\376\377\000B\000a\000c\000k\000g\000r\000o\000u\000n\000d\000\040\000s\000t\000y\000l\000e\000s}{subsection.5.3.14}% 433
\BOOKMARK [3][-]{subsubsection*.610}{\376\377\000B\000o\000r\000d\000e\000r\000\040\000s\000t\000y\000l\000e\000s}{subsection.5.3.14}% 434
\BOOKMARK [3][-]{subsubsection*.611}{\376\377\000O\000u\000t\000l\000i\000n\000e\000\040\000s\000t\000y\000l\000e\000s}{subsection.5.3.14}% 435
\BOOKMARK [3][-]{subsubsection*.612}{\376\377\000S\000h\000a\000d\000o\000w\000\040\000s\000t\000y\000l\000e\000s}{subsection.5.3.14}% 436
\BOOKMARK [3][-]{subsubsection*.613}{\376\377\000I\000m\000a\000g\000e\000\040\000s\000t\000y\000l\000e\000s}{subsection.5.3.14}% 437
\BOOKMARK [3][-]{subsubsection*.614}{\376\377\000A\000r\000c\000\040\000s\000t\000y\000l\000e\000s}{subsection.5.3.14}% 438
\BOOKMARK [3][-]{subsubsection*.615}{\376\377\000T\000e\000x\000t\000\040\000s\000t\000y\000l\000e\000s}{subsection.5.3.14}% 439
\BOOKMARK [3][-]{subsubsection*.616}{\376\377\000L\000i\000n\000e\000\040\000s\000t\000y\000l\000e\000s}{subsection.5.3.14}% 440
\BOOKMARK [3][-]{subsubsection*.617}{\376\377\000T\000r\000a\000n\000s\000i\000t\000i\000o\000n}{subsection.5.3.14}% 441
\BOOKMARK [3][-]{subsubsection*.618}{\376\377\000U\000s\000i\000n\000g\000\040\000m\000u\000l\000t\000i\000p\000l\000e\000\040\000s\000t\000y\000l\000e\000s}{subsection.5.3.14}% 442
\BOOKMARK [3][-]{subsubsection*.619}{\376\377\000L\000o\000c\000a\000l\000\040\000s\000t\000y\000l\000e\000s}{subsection.5.3.14}% 443
\BOOKMARK [3][-]{subsubsection*.620}{\376\377\000A\000d\000d\000\040\000s\000t\000y\000l\000e\000s\000\040\000t\000o\000\040\000p\000a\000r\000t\000s\000\040\000a\000n\000d\000\040\000s\000t\000a\000t\000e\000s}{subsection.5.3.14}% 444
\BOOKMARK [3][-]{subsubsection*.621}{\376\377\000E\000x\000t\000e\000n\000d\000i\000n\000g\000\040\000t\000h\000e\000\040\000c\000u\000r\000r\000e\000n\000t\000\040\000t\000h\000e\000m\000e}{subsection.5.3.14}% 445
\BOOKMARK [3][-]{subsubsection*.622}{\376\377\000O\000p\000a\000c\000i\000t\000y\000\040\000a\000n\000d\000\040\000T\000r\000a\000n\000s\000f\000o\000r\000m\000a\000t\000i\000o\000n\000s}{subsection.5.3.14}% 446
\BOOKMARK [2][-]{subsection.5.3.15}{\376\377\000A\000P\000I}{section.5.3}% 447
\BOOKMARK [1][-]{section.5.4}{\376\377\000S\000t\000y\000l\000e\000\040\000p\000r\000o\000p\000e\000r\000t\000i\000e\000s}{chapter.5}% 448
\BOOKMARK [2][-]{subsection.5.4.1}{\376\377\000S\000i\000z\000e\000\040\000a\000n\000d\000\040\000p\000o\000s\000i\000t\000i\000o\000n}{section.5.4}% 449
\BOOKMARK [3][-]{subsubsection*.1848}{\376\377\000w\000i\000d\000t\000h}{subsection.5.4.1}% 450
\BOOKMARK [3][-]{subsubsection*.1849}{\376\377\000m\000i\000n\000\137\000w\000i\000d\000t\000h}{subsection.5.4.1}% 451
\BOOKMARK [3][-]{subsubsection*.1850}{\376\377\000m\000a\000x\000\137\000w\000i\000d\000t\000h}{subsection.5.4.1}% 452
\BOOKMARK [3][-]{subsubsection*.1851}{\376\377\000h\000e\000i\000g\000h\000t}{subsection.5.4.1}% 453
\BOOKMARK [3][-]{subsubsection*.1852}{\376\377\000m\000i\000n\000\137\000h\000e\000i\000g\000h\000t}{subsection.5.4.1}% 454
\BOOKMARK [3][-]{subsubsection*.1853}{\376\377\000m\000a\000x\000\137\000h\000e\000i\000g\000h\000t}{subsection.5.4.1}% 455
\BOOKMARK [3][-]{subsubsection*.1854}{\376\377\000x}{subsection.5.4.1}% 456
\BOOKMARK [3][-]{subsubsection*.1855}{\376\377\000y}{subsection.5.4.1}% 457
\BOOKMARK [3][-]{subsubsection*.1856}{\376\377\000a\000l\000i\000g\000n}{subsection.5.4.1}% 458
\BOOKMARK [3][-]{subsubsection*.1857}{\376\377\000t\000r\000a\000n\000s\000f\000o\000r\000m\000\137\000w\000i\000d\000t\000h}{subsection.5.4.1}% 459
\BOOKMARK [3][-]{subsubsection*.1858}{\376\377\000t\000r\000a\000n\000s\000f\000o\000r\000m\000\137\000h\000e\000i\000g\000h\000t}{subsection.5.4.1}% 460
\BOOKMARK [3][-]{subsubsection*.1859}{\376\377\000t\000r\000a\000n\000s\000l\000a\000t\000e\000\137\000x}{subsection.5.4.1}% 461
\BOOKMARK [3][-]{subsubsection*.1860}{\376\377\000t\000r\000a\000n\000s\000l\000a\000t\000e\000\137\000y}{subsection.5.4.1}% 462
\BOOKMARK [3][-]{subsubsection*.1861}{\376\377\000t\000r\000a\000n\000s\000f\000o\000r\000m\000\137\000z\000o\000o\000m}{subsection.5.4.1}% 463
\BOOKMARK [3][-]{subsubsection*.1862}{\376\377\000t\000r\000a\000n\000s\000f\000o\000r\000m\000\137\000a\000n\000g\000l\000e}{subsection.5.4.1}% 464
\BOOKMARK [3][-]{subsubsection*.1863}{\376\377\000t\000r\000a\000n\000s\000f\000o\000r\000m\000\137\000p\000i\000v\000o\000t\000\137\000x}{subsection.5.4.1}% 465
\BOOKMARK [3][-]{subsubsection*.1864}{\376\377\000t\000r\000a\000n\000s\000f\000o\000r\000m\000\137\000p\000i\000v\000o\000t\000\137\000y}{subsection.5.4.1}% 466
\BOOKMARK [2][-]{subsection.5.4.2}{\376\377\000P\000a\000d\000d\000i\000n\000g}{section.5.4}% 467
\BOOKMARK [3][-]{subsubsection*.1865}{\376\377\000p\000a\000d\000\137\000t\000o\000p}{subsection.5.4.2}% 468
\BOOKMARK [3][-]{subsubsection*.1866}{\376\377\000p\000a\000d\000\137\000b\000o\000t\000t\000o\000m}{subsection.5.4.2}% 469
\BOOKMARK [3][-]{subsubsection*.1867}{\376\377\000p\000a\000d\000\137\000l\000e\000f\000t}{subsection.5.4.2}% 470
\BOOKMARK [3][-]{subsubsection*.1868}{\376\377\000p\000a\000d\000\137\000r\000i\000g\000h\000t}{subsection.5.4.2}% 471
\BOOKMARK [3][-]{subsubsection*.1869}{\376\377\000p\000a\000d\000\137\000r\000o\000w}{subsection.5.4.2}% 472
\BOOKMARK [3][-]{subsubsection*.1870}{\376\377\000p\000a\000d\000\137\000c\000o\000l\000u\000m\000n}{subsection.5.4.2}% 473
\BOOKMARK [2][-]{subsection.5.4.3}{\376\377\000B\000a\000c\000k\000g\000r\000o\000u\000n\000d}{section.5.4}% 474
\BOOKMARK [3][-]{subsubsection*.1871}{\376\377\000b\000g\000\137\000c\000o\000l\000o\000r}{subsection.5.4.3}% 475
\BOOKMARK [3][-]{subsubsection*.1872}{\376\377\000b\000g\000\137\000o\000p\000a}{subsection.5.4.3}% 476
\BOOKMARK [3][-]{subsubsection*.1873}{\376\377\000b\000g\000\137\000g\000r\000a\000d\000\137\000c\000o\000l\000o\000r}{subsection.5.4.3}% 477
\BOOKMARK [3][-]{subsubsection*.1874}{\376\377\000b\000g\000\137\000g\000r\000a\000d\000\137\000d\000i\000r}{subsection.5.4.3}% 478
\BOOKMARK [3][-]{subsubsection*.1875}{\376\377\000b\000g\000\137\000m\000a\000i\000n\000\137\000s\000t\000o\000p}{subsection.5.4.3}% 479
\BOOKMARK [3][-]{subsubsection*.1876}{\376\377\000b\000g\000\137\000g\000r\000a\000d\000\137\000s\000t\000o\000p}{subsection.5.4.3}% 480
\BOOKMARK [3][-]{subsubsection*.1877}{\376\377\000b\000g\000\137\000g\000r\000a\000d}{subsection.5.4.3}% 481
\BOOKMARK [3][-]{subsubsection*.1878}{\376\377\000b\000g\000\137\000d\000i\000t\000h\000e\000r\000\137\000m\000o\000d\000e}{subsection.5.4.3}% 482
\BOOKMARK [3][-]{subsubsection*.1879}{\376\377\000b\000g\000\137\000i\000m\000g\000\137\000s\000r\000c}{subsection.5.4.3}% 483
\BOOKMARK [3][-]{subsubsection*.1880}{\376\377\000b\000g\000\137\000i\000m\000g\000\137\000o\000p\000a}{subsection.5.4.3}% 484
\BOOKMARK [3][-]{subsubsection*.1881}{\376\377\000b\000g\000\137\000i\000m\000g\000\137\000r\000e\000c\000o\000l\000o\000r}{subsection.5.4.3}% 485
\BOOKMARK [3][-]{subsubsection*.1882}{\376\377\000b\000g\000\137\000i\000m\000g\000\137\000r\000e\000c\000o\000l\000o\000r\000\137\000o\000p\000a}{subsection.5.4.3}% 486
\BOOKMARK [3][-]{subsubsection*.1883}{\376\377\000b\000g\000\137\000i\000m\000g\000\137\000t\000i\000l\000e\000d}{subsection.5.4.3}% 487
\BOOKMARK [2][-]{subsection.5.4.4}{\376\377\000B\000o\000r\000d\000e\000r}{section.5.4}% 488
\BOOKMARK [3][-]{subsubsection*.1884}{\376\377\000b\000o\000r\000d\000e\000r\000\137\000c\000o\000l\000o\000r}{subsection.5.4.4}% 489
\BOOKMARK [3][-]{subsubsection*.1885}{\376\377\000b\000o\000r\000d\000e\000r\000\137\000o\000p\000a}{subsection.5.4.4}% 490
\BOOKMARK [3][-]{subsubsection*.1886}{\376\377\000b\000o\000r\000d\000e\000r\000\137\000w\000i\000d\000t\000h}{subsection.5.4.4}% 491
\BOOKMARK [3][-]{subsubsection*.1887}{\376\377\000b\000o\000r\000d\000e\000r\000\137\000s\000i\000d\000e}{subsection.5.4.4}% 492
\BOOKMARK [3][-]{subsubsection*.1888}{\376\377\000b\000o\000r\000d\000e\000r\000\137\000p\000o\000s\000t}{subsection.5.4.4}% 493
\BOOKMARK [2][-]{subsection.5.4.5}{\376\377\000O\000u\000t\000l\000i\000n\000e}{section.5.4}% 494
\BOOKMARK [3][-]{subsubsection*.1889}{\376\377\000o\000u\000t\000l\000i\000n\000e\000\137\000w\000i\000d\000t\000h}{subsection.5.4.5}% 495
\BOOKMARK [3][-]{subsubsection*.1890}{\376\377\000o\000u\000t\000l\000i\000n\000e\000\137\000c\000o\000l\000o\000r}{subsection.5.4.5}% 496
\BOOKMARK [3][-]{subsubsection*.1891}{\376\377\000o\000u\000t\000l\000i\000n\000e\000\137\000o\000p\000a}{subsection.5.4.5}% 497
\BOOKMARK [3][-]{subsubsection*.1892}{\376\377\000o\000u\000t\000l\000i\000n\000e\000\137\000p\000a\000d}{subsection.5.4.5}% 498
\BOOKMARK [2][-]{subsection.5.4.6}{\376\377\000S\000h\000a\000d\000o\000w}{section.5.4}% 499
\BOOKMARK [3][-]{subsubsection*.1893}{\376\377\000s\000h\000a\000d\000o\000w\000\137\000w\000i\000d\000t\000h}{subsection.5.4.6}% 500
\BOOKMARK [3][-]{subsubsection*.1894}{\376\377\000s\000h\000a\000d\000o\000w\000\137\000o\000f\000s\000\137\000x}{subsection.5.4.6}% 501
\BOOKMARK [3][-]{subsubsection*.1895}{\376\377\000s\000h\000a\000d\000o\000w\000\137\000o\000f\000s\000\137\000y}{subsection.5.4.6}% 502
\BOOKMARK [3][-]{subsubsection*.1896}{\376\377\000s\000h\000a\000d\000o\000w\000\137\000s\000p\000r\000e\000a\000d}{subsection.5.4.6}% 503
\BOOKMARK [3][-]{subsubsection*.1897}{\376\377\000s\000h\000a\000d\000o\000w\000\137\000c\000o\000l\000o\000r}{subsection.5.4.6}% 504
\BOOKMARK [3][-]{subsubsection*.1898}{\376\377\000s\000h\000a\000d\000o\000w\000\137\000o\000p\000a}{subsection.5.4.6}% 505
\BOOKMARK [2][-]{subsection.5.4.7}{\376\377\000I\000m\000a\000g\000e}{section.5.4}% 506
\BOOKMARK [3][-]{subsubsection*.1899}{\376\377\000i\000m\000g\000\137\000o\000p\000a}{subsection.5.4.7}% 507
\BOOKMARK [3][-]{subsubsection*.1900}{\376\377\000i\000m\000g\000\137\000r\000e\000c\000o\000l\000o\000r}{subsection.5.4.7}% 508
\BOOKMARK [3][-]{subsubsection*.1901}{\376\377\000i\000m\000g\000\137\000r\000e\000c\000o\000l\000o\000r\000\137\000o\000p\000a}{subsection.5.4.7}% 509
\BOOKMARK [2][-]{subsection.5.4.8}{\376\377\000L\000i\000n\000e}{section.5.4}% 510
\BOOKMARK [3][-]{subsubsection*.1902}{\376\377\000l\000i\000n\000e\000\137\000w\000i\000d\000t\000h}{subsection.5.4.8}% 511
\BOOKMARK [3][-]{subsubsection*.1903}{\376\377\000l\000i\000n\000e\000\137\000d\000a\000s\000h\000\137\000w\000i\000d\000t\000h}{subsection.5.4.8}% 512
\BOOKMARK [3][-]{subsubsection*.1904}{\376\377\000l\000i\000n\000e\000\137\000d\000a\000s\000h\000\137\000g\000a\000p}{subsection.5.4.8}% 513
\BOOKMARK [3][-]{subsubsection*.1905}{\376\377\000l\000i\000n\000e\000\137\000r\000o\000u\000n\000d\000e\000d}{subsection.5.4.8}% 514
\BOOKMARK [3][-]{subsubsection*.1906}{\376\377\000l\000i\000n\000e\000\137\000c\000o\000l\000o\000r}{subsection.5.4.8}% 515
\BOOKMARK [3][-]{subsubsection*.1907}{\376\377\000l\000i\000n\000e\000\137\000o\000p\000a}{subsection.5.4.8}% 516
\BOOKMARK [2][-]{subsection.5.4.9}{\376\377\000A\000r\000c}{section.5.4}% 517
\BOOKMARK [3][-]{subsubsection*.1908}{\376\377\000a\000r\000c\000\137\000w\000i\000d\000t\000h}{subsection.5.4.9}% 518
\BOOKMARK [3][-]{subsubsection*.1909}{\376\377\000a\000r\000c\000\137\000r\000o\000u\000n\000d\000e\000d}{subsection.5.4.9}% 519
\BOOKMARK [3][-]{subsubsection*.1910}{\376\377\000a\000r\000c\000\137\000c\000o\000l\000o\000r}{subsection.5.4.9}% 520
\BOOKMARK [3][-]{subsubsection*.1911}{\376\377\000a\000r\000c\000\137\000o\000p\000a}{subsection.5.4.9}% 521
\BOOKMARK [3][-]{subsubsection*.1912}{\376\377\000a\000r\000c\000\137\000i\000m\000g\000\137\000s\000r\000c}{subsection.5.4.9}% 522
\BOOKMARK [2][-]{subsection.5.4.10}{\376\377\000T\000e\000x\000t}{section.5.4}% 523
\BOOKMARK [3][-]{subsubsection*.1913}{\376\377\000t\000e\000x\000t\000\137\000c\000o\000l\000o\000r}{subsection.5.4.10}% 524
\BOOKMARK [3][-]{subsubsection*.1914}{\376\377\000t\000e\000x\000t\000\137\000o\000p\000a}{subsection.5.4.10}% 525
\BOOKMARK [3][-]{subsubsection*.1915}{\376\377\000t\000e\000x\000t\000\137\000f\000o\000n\000t}{subsection.5.4.10}% 526
\BOOKMARK [3][-]{subsubsection*.1916}{\376\377\000t\000e\000x\000t\000\137\000l\000e\000t\000t\000e\000r\000\137\000s\000p\000a\000c\000e}{subsection.5.4.10}% 527
\BOOKMARK [3][-]{subsubsection*.1917}{\376\377\000t\000e\000x\000t\000\137\000l\000i\000n\000e\000\137\000s\000p\000a\000c\000e}{subsection.5.4.10}% 528
\BOOKMARK [3][-]{subsubsection*.1918}{\376\377\000t\000e\000x\000t\000\137\000d\000e\000c\000o\000r}{subsection.5.4.10}% 529
\BOOKMARK [3][-]{subsubsection*.1919}{\376\377\000t\000e\000x\000t\000\137\000a\000l\000i\000g\000n}{subsection.5.4.10}% 530
\BOOKMARK [2][-]{subsection.5.4.11}{\376\377\000M\000i\000s\000c\000e\000l\000l\000a\000n\000e\000o\000u\000s}{section.5.4}% 531
\BOOKMARK [3][-]{subsubsection*.1920}{\376\377\000r\000a\000d\000i\000u\000s}{subsection.5.4.11}% 532
\BOOKMARK [3][-]{subsubsection*.1921}{\376\377\000c\000l\000i\000p\000\137\000c\000o\000r\000n\000e\000r}{subsection.5.4.11}% 533
\BOOKMARK [3][-]{subsubsection*.1922}{\376\377\000o\000p\000a}{subsection.5.4.11}% 534
\BOOKMARK [3][-]{subsubsection*.1923}{\376\377\000o\000p\000a\000\137\000l\000a\000y\000e\000r\000e\000d}{subsection.5.4.11}% 535
\BOOKMARK [3][-]{subsubsection*.1924}{\376\377\000c\000o\000l\000o\000r\000\137\000f\000i\000l\000t\000e\000r\000\137\000d\000s\000c}{subsection.5.4.11}% 536
\BOOKMARK [3][-]{subsubsection*.1925}{\376\377\000c\000o\000l\000o\000r\000\137\000f\000i\000l\000t\000e\000r\000\137\000o\000p\000a}{subsection.5.4.11}% 537
\BOOKMARK [3][-]{subsubsection*.1926}{\376\377\000a\000n\000i\000m}{subsection.5.4.11}% 538
\BOOKMARK [3][-]{subsubsection*.1927}{\376\377\000a\000n\000i\000m\000\137\000t\000i\000m\000e}{subsection.5.4.11}% 539
\BOOKMARK [3][-]{subsubsection*.1928}{\376\377\000a\000n\000i\000m\000\137\000s\000p\000e\000e\000d}{subsection.5.4.11}% 540
\BOOKMARK [3][-]{subsubsection*.1929}{\376\377\000t\000r\000a\000n\000s\000i\000t\000i\000o\000n}{subsection.5.4.11}% 541
\BOOKMARK [3][-]{subsubsection*.1930}{\376\377\000b\000l\000e\000n\000d\000\137\000m\000o\000d\000e}{subsection.5.4.11}% 542
\BOOKMARK [3][-]{subsubsection*.1931}{\376\377\000l\000a\000y\000o\000u\000t}{subsection.5.4.11}% 543
\BOOKMARK [3][-]{subsubsection*.1932}{\376\377\000b\000a\000s\000e\000\137\000d\000i\000r}{subsection.5.4.11}% 544
\BOOKMARK [1][-]{section.5.5}{\376\377\000S\000c\000r\000o\000l\000l}{chapter.5}% 545
\BOOKMARK [2][-]{subsection.5.5.1}{\376\377\000O\000v\000e\000r\000v\000i\000e\000w}{section.5.5}% 546
\BOOKMARK [3][-]{subsubsection*.1933}{\376\377\000S\000c\000r\000o\000l\000l\000b\000a\000r}{subsection.5.5.1}% 547
\BOOKMARK [4][-]{paragraph*.1934}{\376\377\000M\000o\000d\000e}{subsubsection*.1933}% 548
\BOOKMARK [4][-]{paragraph*.1935}{\376\377\000S\000t\000y\000l\000i\000n\000g}{subsubsection*.1933}% 549
\BOOKMARK [3][-]{subsubsection*.1936}{\376\377\000E\000v\000e\000n\000t\000s}{subsection.5.5.1}% 550
\BOOKMARK [2][-]{subsection.5.5.2}{\376\377\000B\000a\000s\000i\000c\000\040\000e\000x\000a\000m\000p\000l\000e}{section.5.5}% 551
\BOOKMARK [2][-]{subsection.5.5.3}{\376\377\000F\000e\000a\000t\000u\000r\000e\000s\000\040\000o\000f\000\040\000s\000c\000r\000o\000l\000l\000i\000n\000g}{section.5.5}% 552
\BOOKMARK [3][-]{subsubsection*.1937}{\376\377\000S\000c\000r\000o\000l\000l\000a\000b\000l\000e}{subsection.5.5.3}% 553
\BOOKMARK [3][-]{subsubsection*.1938}{\376\377\000S\000c\000r\000o\000l\000l\000\040\000c\000h\000a\000i\000n}{subsection.5.5.3}% 554
\BOOKMARK [3][-]{subsubsection*.1939}{\376\377\000S\000c\000r\000o\000l\000l\000\040\000m\000o\000m\000e\000n\000t\000u\000m}{subsection.5.5.3}% 555
\BOOKMARK [3][-]{subsubsection*.1940}{\376\377\000E\000l\000a\000s\000t\000i\000c\000\040\000s\000c\000r\000o\000l\000l}{subsection.5.5.3}% 556
\BOOKMARK [3][-]{subsubsection*.1941}{\376\377\000S\000n\000a\000p\000p\000i\000n\000g}{subsection.5.5.3}% 557
\BOOKMARK [3][-]{subsubsection*.1942}{\376\377\000S\000c\000r\000o\000l\000l\000\040\000o\000n\000e}{subsection.5.5.3}% 558
\BOOKMARK [3][-]{subsubsection*.1943}{\376\377\000S\000c\000r\000o\000l\000l\000\040\000o\000n\000\040\000f\000o\000c\000u\000s}{subsection.5.5.3}% 559
\BOOKMARK [2][-]{subsection.5.5.4}{\376\377\000S\000c\000r\000o\000l\000l\000\040\000m\000a\000n\000u\000a\000l\000l\000y}{section.5.5}% 560
\BOOKMARK [2][-]{subsection.5.5.5}{\376\377\000S\000e\000l\000f\000\040\000s\000i\000z\000e}{section.5.5}% 561
\BOOKMARK [2][-]{subsection.5.5.6}{\376\377\000E\000x\000a\000m\000p\000l\000e\000s}{section.5.5}% 562
\BOOKMARK [3][-]{subsubsection*.1944}{\376\377\000N\000e\000s\000t\000e\000d\000\040\000s\000c\000r\000o\000l\000l\000i\000n\000g}{subsection.5.5.6}% 563
\BOOKMARK [3][-]{subsubsection*.1945}{\376\377\000S\000n\000a\000p\000p\000i\000n\000g}{subsection.5.5.6}% 564
\BOOKMARK [3][-]{subsubsection*.1946}{\376\377\000F\000l\000o\000a\000t\000i\000n\000g\000\040\000b\000u\000t\000t\000o\000n}{subsection.5.5.6}% 565
\BOOKMARK [3][-]{subsubsection*.1947}{\376\377\000S\000t\000y\000l\000i\000n\000g\000\040\000t\000h\000e\000\040\000s\000c\000r\000o\000l\000l\000b\000a\000r\000s}{subsection.5.5.6}% 566
\BOOKMARK [3][-]{subsubsection*.1948}{\376\377\000R\000i\000g\000h\000t\000\040\000t\000o\000\040\000l\000e\000f\000t\000\040\000s\000c\000r\000o\000l\000l\000i\000n\000g}{subsection.5.5.6}% 567
\BOOKMARK [3][-]{subsubsection*.1949}{\376\377\000T\000r\000a\000n\000s\000l\000a\000t\000e\000\040\000o\000n\000\040\000s\000c\000r\000o\000l\000l}{subsection.5.5.6}% 568
\BOOKMARK [1][-]{section.5.6}{\376\377\000L\000a\000y\000e\000r\000s}{chapter.5}% 569
\BOOKMARK [2][-]{subsection.5.6.1}{\376\377\000O\000r\000d\000e\000r\000\040\000o\000f\000\040\000c\000r\000e\000a\000t\000i\000o\000n}{section.5.6}% 570
\BOOKMARK [2][-]{subsection.5.6.2}{\376\377\000C\000h\000a\000n\000g\000e\000\040\000o\000r\000d\000e\000r}{section.5.6}% 571
\BOOKMARK [2][-]{subsection.5.6.3}{\376\377\000T\000o\000p\000\040\000a\000n\000d\000\040\000s\000y\000s\000\040\000l\000a\000y\000e\000r\000s}{section.5.6}% 572
\BOOKMARK [1][-]{section.5.7}{\376\377\000E\000v\000e\000n\000t\000s}{chapter.5}% 573
\BOOKMARK [2][-]{subsection.5.7.1}{\376\377\000A\000d\000d\000\040\000e\000v\000e\000n\000t\000s\000\040\000t\000o\000\040\000t\000h\000e\000\040\000o\000b\000j\000e\000c\000t}{section.5.7}% 574
\BOOKMARK [2][-]{subsection.5.7.2}{\376\377\000R\000e\000m\000o\000v\000e\000\040\000e\000v\000e\000n\000t\000\050\000s\000\051\000\040\000f\000r\000o\000m\000\040\000a\000n\000\040\000o\000b\000j\000e\000c\000t}{section.5.7}% 575
\BOOKMARK [2][-]{subsection.5.7.3}{\376\377\000E\000v\000e\000n\000t\000\040\000c\000o\000d\000e\000s}{section.5.7}% 576
\BOOKMARK [3][-]{subsubsection*.1950}{\376\377\000I\000n\000p\000u\000t\000\040\000d\000e\000v\000i\000c\000e\000\040\000e\000v\000e\000n\000t\000s}{subsection.5.7.3}% 577
\BOOKMARK [3][-]{subsubsection*.1951}{\376\377\000D\000r\000a\000w\000i\000n\000g\000\040\000e\000v\000e\000n\000t\000s}{subsection.5.7.3}% 578
\BOOKMARK [3][-]{subsubsection*.1952}{\376\377\000O\000t\000h\000e\000r\000\040\000e\000v\000e\000n\000t\000s}{subsection.5.7.3}% 579
\BOOKMARK [3][-]{subsubsection*.1953}{\376\377\000S\000p\000e\000c\000i\000a\000l\000\040\000e\000v\000e\000n\000t\000s}{subsection.5.7.3}% 580
\BOOKMARK [3][-]{subsubsection*.1954}{\376\377\000C\000u\000s\000t\000o\000m\000\040\000e\000v\000e\000n\000t\000s}{subsection.5.7.3}% 581
\BOOKMARK [2][-]{subsection.5.7.4}{\376\377\000S\000e\000n\000d\000i\000n\000g\000\040\000e\000v\000e\000n\000t\000s}{section.5.7}% 582
\BOOKMARK [3][-]{subsubsection*.1955}{\376\377\000R\000e\000f\000r\000e\000s\000h\000\040\000e\000v\000e\000n\000t}{subsection.5.7.4}% 583
\BOOKMARK [2][-]{subsection.5.7.5}{\376\377\000F\000i\000e\000l\000d\000s\000\040\000o\000f\000\040\000l\000v\000\137\000e\000v\000e\000n\000t\000\137\000t}{section.5.7}% 584
\BOOKMARK [2][-]{subsection.5.7.6}{\376\377\000E\000v\000e\000n\000t\000\040\000b\000u\000b\000b\000l\000i\000n\000g}{section.5.7}% 585
\BOOKMARK [2][-]{subsection.5.7.7}{\376\377\000E\000x\000a\000m\000p\000l\000e\000s}{section.5.7}% 586
\BOOKMARK [3][-]{subsubsection*.1956}{\376\377\000B\000u\000t\000t\000o\000n\000\040\000c\000l\000i\000c\000k\000\040\000e\000v\000e\000n\000t}{subsection.5.7.7}% 587
\BOOKMARK [3][-]{subsubsection*.1957}{\376\377\000H\000a\000n\000d\000l\000e\000\040\000m\000u\000l\000t\000i\000p\000l\000e\000\040\000e\000v\000e\000n\000t\000s}{subsection.5.7.7}% 588
\BOOKMARK [3][-]{subsubsection*.1958}{\376\377\000E\000v\000e\000n\000t\000\040\000b\000u\000b\000b\000l\000i\000n\000g}{subsection.5.7.7}% 589
\BOOKMARK [1][-]{section.5.8}{\376\377\000I\000n\000p\000u\000t\000\040\000d\000e\000v\000i\000c\000e\000s}{chapter.5}% 590
\BOOKMARK [2][-]{subsection.5.8.1}{\376\377\000P\000o\000i\000n\000t\000e\000r\000s}{section.5.8}% 591
\BOOKMARK [3][-]{subsubsection*.1959}{\376\377\000C\000u\000r\000s\000o\000r}{subsection.5.8.1}% 592
\BOOKMARK [3][-]{subsubsection*.1960}{\376\377\000G\000e\000s\000t\000u\000r\000e\000s}{subsection.5.8.1}% 593
\BOOKMARK [2][-]{subsection.5.8.2}{\376\377\000K\000e\000y\000p\000a\000d\000\040\000a\000n\000d\000\040\000e\000n\000c\000o\000d\000e\000r}{section.5.8}% 594
\BOOKMARK [3][-]{subsubsection*.1961}{\376\377\000G\000r\000o\000u\000p\000s}{subsection.5.8.2}% 595
\BOOKMARK [4][-]{paragraph*.1962}{\376\377\000K\000e\000y\000s}{subsubsection*.1961}% 596
\BOOKMARK [4][-]{paragraph*.1963}{\376\377\000E\000d\000i\000t\000\040\000a\000n\000d\000\040\000n\000a\000v\000i\000g\000a\000t\000e\000\040\000m\000o\000d\000e}{subsubsection*.1961}% 597
\BOOKMARK [4][-]{paragraph*.1964}{\376\377\000D\000e\000f\000a\000u\000l\000t\000\040\000g\000r\000o\000u\000p}{subsubsection*.1961}% 598
\BOOKMARK [3][-]{subsubsection*.1965}{\376\377\000S\000t\000y\000l\000i\000n\000g}{subsection.5.8.2}% 599
\BOOKMARK [2][-]{subsection.5.8.3}{\376\377\000A\000P\000I}{section.5.8}% 600
\BOOKMARK [3][-]{subsubsection*.1966}{\376\377\000I\000n\000p\000u\000t\000\040\000d\000e\000v\000i\000c\000e}{subsection.5.8.3}% 601
\BOOKMARK [3][-]{subsubsection*.2024}{\376\377\000G\000r\000o\000u\000p\000s}{subsection.5.8.3}% 602
\BOOKMARK [1][-]{section.5.9}{\376\377\000D\000i\000s\000p\000l\000a\000y\000s}{chapter.5}% 603
\BOOKMARK [2][-]{subsection.5.9.1}{\376\377\000M\000u\000l\000t\000i\000p\000l\000e\000\040\000d\000i\000s\000p\000l\000a\000y\000\040\000s\000u\000p\000p\000o\000r\000t}{section.5.9}% 604
\BOOKMARK [3][-]{subsubsection*.2160}{\376\377\000U\000s\000i\000n\000g\000\040\000o\000n\000l\000y\000\040\000o\000n\000e\000\040\000d\000i\000s\000p\000l\000a\000y}{subsection.5.9.1}% 605
\BOOKMARK [3][-]{subsubsection*.2161}{\376\377\000M\000i\000r\000r\000o\000r\000\040\000d\000i\000s\000p\000l\000a\000y}{subsection.5.9.1}% 606
\BOOKMARK [3][-]{subsubsection*.2162}{\376\377\000S\000p\000l\000i\000t\000\040\000i\000m\000a\000g\000e}{subsection.5.9.1}% 607
\BOOKMARK [2][-]{subsection.5.9.2}{\376\377\000S\000c\000r\000e\000e\000n\000s}{section.5.9}% 608
\BOOKMARK [3][-]{subsubsection*.2163}{\376\377\000T\000r\000a\000n\000s\000p\000a\000r\000e\000n\000t\000\040\000s\000c\000r\000e\000e\000n\000s}{subsection.5.9.2}% 609
\BOOKMARK [2][-]{subsection.5.9.3}{\376\377\000F\000e\000a\000t\000u\000r\000e\000s\000\040\000o\000f\000\040\000d\000i\000s\000p\000l\000a\000y\000s}{section.5.9}% 610
\BOOKMARK [3][-]{subsubsection*.2164}{\376\377\000I\000n\000a\000c\000t\000i\000v\000i\000t\000y}{subsection.5.9.3}% 611
\BOOKMARK [3][-]{subsubsection*.2165}{\376\377\000B\000a\000c\000k\000g\000r\000o\000u\000n\000d}{subsection.5.9.3}% 612
\BOOKMARK [2][-]{subsection.5.9.4}{\376\377\000A\000P\000I}{section.5.9}% 613
\BOOKMARK [1][-]{section.5.10}{\376\377\000C\000o\000l\000o\000r\000s}{chapter.5}% 614
\BOOKMARK [2][-]{subsection.5.10.1}{\376\377\000C\000r\000e\000a\000t\000i\000n\000g\000\040\000c\000o\000l\000o\000r\000s}{section.5.10}% 615
\BOOKMARK [3][-]{subsubsection*.2269}{\376\377\000R\000G\000B}{subsection.5.10.1}% 616
\BOOKMARK [3][-]{subsubsection*.2270}{\376\377\000H\000S\000V}{subsection.5.10.1}% 617
\BOOKMARK [3][-]{subsubsection*.2271}{\376\377\000P\000a\000l\000e\000t\000t\000e}{subsection.5.10.1}% 618
\BOOKMARK [3][-]{subsubsection*.2272}{\376\377\000M\000o\000d\000i\000f\000y\000\040\000a\000n\000d\000\040\000m\000i\000x\000\040\000c\000o\000l\000o\000r\000s}{subsection.5.10.1}% 619
\BOOKMARK [3][-]{subsubsection*.2273}{\376\377\000B\000u\000i\000l\000t\000-\000i\000n\000\040\000c\000o\000l\000o\000r\000s}{subsection.5.10.1}% 620
\BOOKMARK [2][-]{subsection.5.10.2}{\376\377\000O\000p\000a\000c\000i\000t\000y}{section.5.10}% 621
\BOOKMARK [2][-]{subsection.5.10.3}{\376\377\000C\000o\000l\000o\000r\000\040\000t\000y\000p\000e\000s}{section.5.10}% 622
\BOOKMARK [3][-]{subsubsection*.2274}{\376\377\000C\000o\000n\000v\000e\000r\000t\000\040\000c\000o\000l\000o\000r}{subsection.5.10.3}% 623
\BOOKMARK [2][-]{subsection.5.10.4}{\376\377\000A\000P\000I}{section.5.10}% 624
\BOOKMARK [1][-]{section.5.11}{\376\377\000F\000o\000n\000t\000s}{chapter.5}% 625
\BOOKMARK [2][-]{subsection.5.11.1}{\376\377\000U\000n\000i\000c\000o\000d\000e\000\040\000s\000u\000p\000p\000o\000r\000t}{section.5.11}% 626
\BOOKMARK [2][-]{subsection.5.11.2}{\376\377\000B\000u\000i\000l\000t\000-\000i\000n\000\040\000f\000o\000n\000t\000s}{section.5.11}% 627
\BOOKMARK [3][-]{subsubsection*.2490}{\376\377\000N\000o\000r\000m\000a\000l\000\040\000f\000o\000n\000t\000s}{subsection.5.11.2}% 628
\BOOKMARK [3][-]{subsubsection*.2491}{\376\377\000S\000p\000e\000c\000i\000a\000l\000\040\000f\000o\000n\000t\000s}{subsection.5.11.2}% 629
\BOOKMARK [2][-]{subsection.5.11.3}{\376\377\000S\000p\000e\000c\000i\000a\000l\000\040\000f\000e\000a\000t\000u\000r\000e\000s}{section.5.11}% 630
\BOOKMARK [3][-]{subsubsection*.2492}{\376\377\000B\000i\000d\000i\000r\000e\000c\000t\000i\000o\000n\000a\000l\000\040\000s\000u\000p\000p\000o\000r\000t}{subsection.5.11.3}% 631
\BOOKMARK [3][-]{subsubsection*.2493}{\376\377\000A\000r\000a\000b\000i\000c\000\040\000a\000n\000d\000\040\000P\000e\000r\000s\000i\000a\000n\000\040\000s\000u\000p\000p\000o\000r\000t}{subsection.5.11.3}% 632
\BOOKMARK [3][-]{subsubsection*.2494}{\376\377\000S\000u\000b\000p\000i\000x\000e\000l\000\040\000r\000e\000n\000d\000e\000r\000i\000n\000g}{subsection.5.11.3}% 633
\BOOKMARK [3][-]{subsubsection*.2495}{\376\377\000C\000o\000m\000p\000r\000e\000s\000s\000e\000d\000\040\000f\000o\000n\000t\000s}{subsection.5.11.3}% 634
\BOOKMARK [2][-]{subsection.5.11.4}{\376\377\000A\000d\000d\000\040\000a\000\040\000n\000e\000w\000\040\000f\000o\000n\000t}{section.5.11}% 635
\BOOKMARK [2][-]{subsection.5.11.5}{\376\377\000A\000d\000d\000\040\000n\000e\000w\000\040\000s\000y\000m\000b\000o\000l\000s}{section.5.11}% 636
\BOOKMARK [2][-]{subsection.5.11.6}{\376\377\000L\000o\000a\000d\000\040\000a\000\040\000f\000o\000n\000t\000\040\000a\000t\000\040\000r\000u\000n\000-\000t\000i\000m\000e}{section.5.11}% 637
\BOOKMARK [2][-]{subsection.5.11.7}{\376\377\000A\000d\000d\000\040\000a\000\040\000n\000e\000w\000\040\000f\000o\000n\000t\000\040\000e\000n\000g\000i\000n\000e}{section.5.11}% 638
\BOOKMARK [2][-]{subsection.5.11.8}{\376\377\000U\000s\000e\000\040\000f\000o\000n\000t\000\040\000f\000a\000l\000l\000b\000a\000c\000k}{section.5.11}% 639
\BOOKMARK [1][-]{section.5.12}{\376\377\000I\000m\000a\000g\000e\000s}{chapter.5}% 640
\BOOKMARK [2][-]{subsection.5.12.1}{\376\377\000S\000t\000o\000r\000e\000\040\000i\000m\000a\000g\000e\000s}{section.5.12}% 641
\BOOKMARK [3][-]{subsubsection*.2496}{\376\377\000V\000a\000r\000i\000a\000b\000l\000e\000s}{subsection.5.12.1}% 642
\BOOKMARK [3][-]{subsubsection*.2497}{\376\377\000F\000i\000l\000e\000s}{subsection.5.12.1}% 643
\BOOKMARK [2][-]{subsection.5.12.2}{\376\377\000C\000o\000l\000o\000r\000\040\000f\000o\000r\000m\000a\000t\000s}{section.5.12}% 644
\BOOKMARK [2][-]{subsection.5.12.3}{\376\377\000A\000d\000d\000\040\000a\000n\000d\000\040\000u\000s\000e\000\040\000i\000m\000a\000g\000e\000s}{section.5.12}% 645
\BOOKMARK [3][-]{subsubsection*.2498}{\376\377\000O\000n\000l\000i\000n\000e\000\040\000c\000o\000n\000v\000e\000r\000t\000e\000r}{subsection.5.12.3}% 646
\BOOKMARK [3][-]{subsubsection*.2499}{\376\377\000M\000a\000n\000u\000a\000l\000l\000y\000\040\000c\000r\000e\000a\000t\000e\000\040\000a\000n\000\040\000i\000m\000a\000g\000e}{subsection.5.12.3}% 647
\BOOKMARK [3][-]{subsubsection*.2500}{\376\377\000U\000s\000e\000\040\000i\000m\000a\000g\000e\000s}{subsection.5.12.3}% 648
\BOOKMARK [2][-]{subsection.5.12.4}{\376\377\000I\000m\000a\000g\000e\000\040\000d\000e\000c\000o\000d\000e\000r}{section.5.12}% 649
\BOOKMARK [3][-]{subsubsection*.2501}{\376\377\000C\000u\000s\000t\000o\000m\000\040\000i\000m\000a\000g\000e\000\040\000f\000o\000r\000m\000a\000t\000s}{subsection.5.12.4}% 650
\BOOKMARK [3][-]{subsubsection*.2502}{\376\377\000R\000e\000g\000i\000s\000t\000e\000r\000\040\000a\000n\000\040\000i\000m\000a\000g\000e\000\040\000d\000e\000c\000o\000d\000e\000r}{subsection.5.12.4}% 651
\BOOKMARK [3][-]{subsubsection*.2503}{\376\377\000M\000a\000n\000u\000a\000l\000l\000y\000\040\000u\000s\000e\000\040\000a\000n\000\040\000i\000m\000a\000g\000e\000\040\000d\000e\000c\000o\000d\000e\000r}{subsection.5.12.4}% 652
\BOOKMARK [2][-]{subsection.5.12.5}{\376\377\000I\000m\000a\000g\000e\000\040\000c\000a\000c\000h\000i\000n\000g}{section.5.12}% 653
\BOOKMARK [3][-]{subsubsection*.2504}{\376\377\000C\000a\000c\000h\000e\000\040\000s\000i\000z\000e}{subsection.5.12.5}% 654
\BOOKMARK [3][-]{subsubsection*.2505}{\376\377\000V\000a\000l\000u\000e\000\040\000o\000f\000\040\000i\000m\000a\000g\000e\000s}{subsection.5.12.5}% 655
\BOOKMARK [3][-]{subsubsection*.2506}{\376\377\000M\000e\000m\000o\000r\000y\000\040\000u\000s\000a\000g\000e}{subsection.5.12.5}% 656
\BOOKMARK [3][-]{subsubsection*.2507}{\376\377\000C\000l\000e\000a\000n\000\040\000t\000h\000e\000\040\000c\000a\000c\000h\000e}{subsection.5.12.5}% 657
\BOOKMARK [2][-]{subsection.5.12.6}{\376\377\000A\000P\000I}{section.5.12}% 658
\BOOKMARK [3][-]{subsubsection*.2508}{\376\377\000I\000m\000a\000g\000e\000\040\000b\000u\000f\000f\000e\000r}{subsection.5.12.6}% 659
\BOOKMARK [1][-]{section.5.13}{\376\377\000F\000i\000l\000e\000\040\000s\000y\000s\000t\000e\000m}{chapter.5}% 660
\BOOKMARK [2][-]{subsection.5.13.1}{\376\377\000R\000e\000a\000d\000y\000\040\000t\000o\000\040\000u\000s\000e\000\040\000d\000r\000i\000v\000e\000r\000s}{section.5.13}% 661
\BOOKMARK [2][-]{subsection.5.13.2}{\376\377\000A\000d\000d\000i\000n\000g\000\040\000a\000\040\000d\000r\000i\000v\000e\000r}{section.5.13}% 662
\BOOKMARK [3][-]{subsubsection*.2642}{\376\377\000R\000e\000g\000i\000s\000t\000e\000r\000i\000n\000g\000\040\000a\000\040\000d\000r\000i\000v\000e\000r}{subsection.5.13.2}% 663
\BOOKMARK [3][-]{subsubsection*.2643}{\376\377\000I\000m\000p\000l\000e\000m\000e\000n\000t\000i\000n\000g\000\040\000t\000h\000e\000\040\000c\000a\000l\000l\000b\000a\000c\000k\000s}{subsection.5.13.2}% 664
\BOOKMARK [4][-]{paragraph*.2644}{\376\377\000O\000p\000e\000n\000\040\000c\000a\000l\000l\000b\000a\000c\000k}{subsubsection*.2643}% 665
\BOOKMARK [3][-]{subsubsection*.2645}{\376\377\000O\000t\000h\000e\000r\000\040\000c\000a\000l\000l\000b\000a\000c\000k\000s}{subsection.5.13.2}% 666
\BOOKMARK [2][-]{subsection.5.13.3}{\376\377\000U\000s\000a\000g\000e\000\040\000e\000x\000a\000m\000p\000l\000e}{section.5.13}% 667
\BOOKMARK [2][-]{subsection.5.13.4}{\376\377\000U\000s\000e\000\040\000d\000r\000i\000v\000e\000s\000\040\000f\000o\000r\000\040\000i\000m\000a\000g\000e\000s}{section.5.13}% 668
\BOOKMARK [2][-]{subsection.5.13.5}{\376\377\000A\000P\000I}{section.5.13}% 669
\BOOKMARK [1][-]{section.5.14}{\376\377\000A\000n\000i\000m\000a\000t\000i\000o\000n\000s}{chapter.5}% 670
\BOOKMARK [2][-]{subsection.5.14.1}{\376\377\000C\000r\000e\000a\000t\000e\000\040\000a\000n\000\040\000a\000n\000i\000m\000a\000t\000i\000o\000n}{section.5.14}% 671
\BOOKMARK [2][-]{subsection.5.14.2}{\376\377\000A\000n\000i\000m\000a\000t\000i\000o\000n\000\040\000p\000a\000t\000h}{section.5.14}% 672
\BOOKMARK [2][-]{subsection.5.14.3}{\376\377\000S\000p\000e\000e\000d\000\040\000v\000s\000\040\000t\000i\000m\000e}{section.5.14}% 673
\BOOKMARK [2][-]{subsection.5.14.4}{\376\377\000D\000e\000l\000e\000t\000e\000\040\000a\000n\000i\000m\000a\000t\000i\000o\000n\000s}{section.5.14}% 674
\BOOKMARK [2][-]{subsection.5.14.5}{\376\377\000T\000i\000m\000e\000l\000i\000n\000e}{section.5.14}% 675
\BOOKMARK [2][-]{subsection.5.14.6}{\376\377\000E\000x\000a\000m\000p\000l\000e\000s}{section.5.14}% 676
\BOOKMARK [3][-]{subsubsection*.2800}{\376\377\000S\000t\000a\000r\000t\000\040\000a\000n\000i\000m\000a\000t\000i\000o\000n\000\040\000o\000n\000\040\000a\000n\000\040\000e\000v\000e\000n\000t}{subsection.5.14.6}% 677
\BOOKMARK [3][-]{subsubsection*.2801}{\376\377\000P\000l\000a\000y\000b\000a\000c\000k\000\040\000a\000n\000i\000m\000a\000t\000i\000o\000n}{subsection.5.14.6}% 678
\BOOKMARK [3][-]{subsubsection*.2802}{\376\377\000A\000n\000i\000m\000a\000t\000i\000o\000n\000\040\000t\000i\000m\000e\000l\000i\000n\000e}{subsection.5.14.6}% 679
\BOOKMARK [2][-]{subsection.5.14.7}{\376\377\000A\000P\000I}{section.5.14}% 680
\BOOKMARK [1][-]{section.5.15}{\376\377\000T\000i\000m\000e\000r\000s}{chapter.5}% 681
\BOOKMARK [2][-]{subsection.5.15.1}{\376\377\000C\000r\000e\000a\000t\000e\000\040\000a\000\040\000t\000i\000m\000e\000r}{section.5.15}% 682
\BOOKMARK [2][-]{subsection.5.15.2}{\376\377\000R\000e\000a\000d\000y\000\040\000a\000n\000d\000\040\000R\000e\000s\000e\000t}{section.5.15}% 683
\BOOKMARK [2][-]{subsection.5.15.3}{\376\377\000S\000e\000t\000\040\000p\000a\000r\000a\000m\000e\000t\000e\000r\000s}{section.5.15}% 684
\BOOKMARK [2][-]{subsection.5.15.4}{\376\377\000R\000e\000p\000e\000a\000t\000\040\000c\000o\000u\000n\000t}{section.5.15}% 685
\BOOKMARK [2][-]{subsection.5.15.5}{\376\377\000M\000e\000a\000s\000u\000r\000e\000\040\000i\000d\000l\000e\000\040\000t\000i\000m\000e}{section.5.15}% 686
\BOOKMARK [2][-]{subsection.5.15.6}{\376\377\000A\000s\000y\000n\000c\000h\000r\000o\000n\000o\000u\000s\000\040\000c\000a\000l\000l\000s}{section.5.15}% 687
\BOOKMARK [2][-]{subsection.5.15.7}{\376\377\000A\000P\000I}{section.5.15}% 688
\BOOKMARK [1][-]{section.5.16}{\376\377\000D\000r\000a\000w\000i\000n\000g}{chapter.5}% 689
\BOOKMARK [2][-]{subsection.5.16.1}{\376\377\000M\000e\000c\000h\000a\000n\000i\000s\000m\000\040\000o\000f\000\040\000s\000c\000r\000e\000e\000n\000\040\000r\000e\000f\000r\000e\000s\000h\000i\000n\000g}{section.5.16}% 690
\BOOKMARK [2][-]{subsection.5.16.2}{\376\377\000M\000a\000s\000k\000i\000n\000g}{section.5.16}% 691
\BOOKMARK [3][-]{subsubsection*.3061}{\376\377\000U\000s\000i\000n\000g\000\040\000m\000a\000s\000k\000s}{subsection.5.16.2}% 692
\BOOKMARK [2][-]{subsection.5.16.3}{\376\377\000H\000o\000o\000k\000\040\000d\000r\000a\000w\000i\000n\000g}{section.5.16}% 693
\BOOKMARK [3][-]{subsubsection*.3062}{\376\377\000M\000a\000i\000n\000\040\000d\000r\000a\000w\000i\000n\000g}{subsection.5.16.3}% 694
\BOOKMARK [4][-]{paragraph*.3063}{\376\377\000L\000V\000\137\000E\000V\000E\000N\000T\000\137\000D\000R\000A\000W\000\137\000M\000A\000I\000N\000\137\000B\000E\000G\000I\000N}{subsubsection*.3062}% 695
\BOOKMARK [4][-]{paragraph*.3064}{\376\377\000L\000V\000\137\000E\000V\000E\000N\000T\000\137\000D\000R\000A\000W\000\137\000M\000A\000I\000N}{subsubsection*.3062}% 696
\BOOKMARK [4][-]{paragraph*.3065}{\376\377\000L\000V\000\137\000E\000V\000E\000N\000T\000\137\000D\000R\000A\000W\000\137\000M\000A\000I\000N\000\137\000E\000N\000D}{subsubsection*.3062}% 697
\BOOKMARK [3][-]{subsubsection*.3066}{\376\377\000P\000o\000s\000t\000\040\000d\000r\000a\000w\000i\000n\000g}{subsection.5.16.3}% 698
\BOOKMARK [4][-]{paragraph*.3067}{\376\377\000L\000V\000\137\000E\000V\000E\000N\000T\000\137\000D\000R\000A\000W\000\137\000P\000O\000S\000T\000\137\000B\000E\000G\000I\000N}{subsubsection*.3066}% 699
\BOOKMARK [4][-]{paragraph*.3068}{\376\377\000L\000V\000\137\000E\000V\000E\000N\000T\000\137\000D\000R\000A\000W\000\137\000P\000O\000S\000T}{subsubsection*.3066}% 700
\BOOKMARK [4][-]{paragraph*.3069}{\376\377\000L\000V\000\137\000E\000V\000E\000N\000T\000\137\000D\000R\000A\000W\000\137\000P\000O\000S\000T\000\137\000E\000N\000D}{subsubsection*.3066}% 701
\BOOKMARK [3][-]{subsubsection*.3070}{\376\377\000P\000a\000r\000t\000\040\000d\000r\000a\000w\000i\000n\000g}{subsection.5.16.3}% 702
\BOOKMARK [4][-]{paragraph*.3071}{\376\377\000L\000V\000\137\000E\000V\000E\000N\000T\000\137\000D\000R\000A\000W\000\137\000P\000A\000R\000T\000\137\000B\000E\000G\000I\000N}{subsubsection*.3070}% 703
\BOOKMARK [4][-]{paragraph*.3072}{\376\377\000L\000V\000\137\000E\000V\000E\000N\000T\000\137\000D\000R\000A\000W\000\137\000P\000A\000R\000T\000\137\000E\000N\000D}{subsubsection*.3070}% 704
\BOOKMARK [3][-]{subsubsection*.3073}{\376\377\000O\000t\000h\000e\000r\000s}{subsection.5.16.3}% 705
\BOOKMARK [4][-]{paragraph*.3074}{\376\377\000L\000V\000\137\000E\000V\000E\000N\000T\000\137\000C\000O\000V\000E\000R\000\137\000C\000H\000E\000C\000K}{subsubsection*.3073}% 706
\BOOKMARK [4][-]{paragraph*.3075}{\376\377\000L\000V\000\137\000E\000V\000E\000N\000T\000\137\000R\000E\000F\000R\000\137\000E\000X\000T\000\137\000D\000R\000A\000W\000\137\000S\000I\000Z\000E}{subsubsection*.3073}% 707
\BOOKMARK [1][-]{section.5.17}{\376\377\000R\000e\000n\000d\000e\000r\000e\000r\000s\000\040\000a\000n\000d\000\040\000G\000P\000U\000s}{chapter.5}% 708
\BOOKMARK [2][-]{subsection.5.17.1}{\376\377\000S\000o\000f\000t\000w\000a\000r\000e\000\040\000r\000e\000n\000d\000e\000r\000e\000r}{section.5.17}% 709
\BOOKMARK [2][-]{subsection.5.17.2}{\376\377\000S\000D\000L\000\040\000r\000e\000n\000d\000e\000r\000e\000r}{section.5.17}% 710
\BOOKMARK [2][-]{subsection.5.17.3}{\376\377\000A\000r\000m\000-\0002\000D\000\040\000G\000P\000U}{section.5.17}% 711
\BOOKMARK [3][-]{subsubsection*.3076}{\376\377\000H\000o\000w\000\040\000t\000o\000\040\000U\000s\000e}{subsection.5.17.3}% 712
\BOOKMARK [3][-]{subsubsection*.3077}{\376\377\000D\000e\000s\000i\000g\000n\000\040\000C\000o\000n\000s\000i\000d\000e\000r\000a\000t\000i\000o\000n\000s}{subsection.5.17.3}% 713
\BOOKMARK [3][-]{subsubsection*.3078}{\376\377\000E\000x\000a\000m\000p\000l\000e\000s}{subsection.5.17.3}% 714
\BOOKMARK [2][-]{subsection.5.17.4}{\376\377\000N\000X\000P\000\040\000P\000X\000P\000\040\000a\000n\000d\000\040\000V\000G\000L\000i\000t\000e\000\040\000G\000P\000U}{section.5.17}% 715
\BOOKMARK [2][-]{subsection.5.17.5}{\376\377\000D\000M\000A\0002\000D\000\040\000G\000P\000U}{section.5.17}% 716
\BOOKMARK [1][-]{section.5.18}{\376\377\000N\000e\000w\000\040\000w\000i\000d\000g\000e\000t}{chapter.5}% 717
\BOOKMARK [0][-]{chapter.6}{\376\377\000W\000i\000d\000g\000e\000t\000s}{}% 718
\BOOKMARK [1][-]{section.6.1}{\376\377\000B\000a\000s\000e\000\040\000o\000b\000j\000e\000c\000t\000\040\000\050\000l\000v\000\137\000o\000b\000j\000\051}{chapter.6}% 719
\BOOKMARK [2][-]{subsection.6.1.1}{\376\377\000O\000v\000e\000r\000v\000i\000e\000w}{section.6.1}% 720
\BOOKMARK [3][-]{subsubsection*.3079}{\376\377\000C\000o\000o\000r\000d\000i\000n\000a\000t\000e\000s}{subsection.6.1.1}% 721
\BOOKMARK [4][-]{paragraph*.3080}{\376\377\000S\000i\000z\000e}{subsubsection*.3079}% 722
\BOOKMARK [4][-]{paragraph*.3081}{\376\377\000P\000o\000s\000i\000t\000i\000o\000n}{subsubsection*.3079}% 723
\BOOKMARK [4][-]{paragraph*.3082}{\376\377\000A\000l\000i\000g\000n\000m\000e\000n\000t}{subsubsection*.3079}% 724
\BOOKMARK [3][-]{subsubsection*.3083}{\376\377\000P\000a\000r\000e\000n\000t\000s\000\040\000a\000n\000d\000\040\000c\000h\000i\000l\000d\000r\000e\000n}{subsection.6.1.1}% 725
\BOOKMARK [3][-]{subsubsection*.3084}{\376\377\000D\000i\000s\000p\000l\000a\000y\000\040\000a\000n\000d\000\040\000S\000c\000r\000e\000e\000n\000s}{subsection.6.1.1}% 726
\BOOKMARK [3][-]{subsubsection*.3085}{\376\377\000E\000v\000e\000n\000t\000s}{subsection.6.1.1}% 727
\BOOKMARK [3][-]{subsubsection*.3086}{\376\377\000S\000t\000y\000l\000e\000s}{subsection.6.1.1}% 728
\BOOKMARK [3][-]{subsubsection*.3087}{\376\377\000F\000l\000a\000g\000s}{subsection.6.1.1}% 729
\BOOKMARK [3][-]{subsubsection*.3088}{\376\377\000G\000r\000o\000u\000p\000s}{subsection.6.1.1}% 730
\BOOKMARK [3][-]{subsubsection*.3089}{\376\377\000E\000x\000t\000e\000n\000d\000e\000d\000\040\000c\000l\000i\000c\000k\000\040\000a\000r\000e\000a}{subsection.6.1.1}% 731
\BOOKMARK [2][-]{subsection.6.1.2}{\376\377\000E\000v\000e\000n\000t\000s}{section.6.1}% 732
\BOOKMARK [2][-]{subsection.6.1.3}{\376\377\000K\000e\000y\000s}{section.6.1}% 733
\BOOKMARK [2][-]{subsection.6.1.4}{\376\377\000E\000x\000a\000m\000p\000l\000e}{section.6.1}% 734
\BOOKMARK [3][-]{subsubsection*.3090}{\376\377\000B\000a\000s\000e\000\040\000o\000b\000j\000e\000c\000t\000s\000\040\000w\000i\000t\000h\000\040\000c\000u\000s\000t\000o\000m\000\040\000s\000t\000y\000l\000e\000s}{subsection.6.1.4}% 735
\BOOKMARK [3][-]{subsubsection*.3091}{\376\377\000M\000a\000k\000e\000\040\000a\000n\000\040\000o\000b\000j\000e\000c\000t\000\040\000d\000r\000a\000g\000g\000a\000b\000l\000e}{subsection.6.1.4}% 736
\BOOKMARK [2][-]{subsection.6.1.5}{\376\377\000A\000P\000I}{section.6.1}% 737
\BOOKMARK [1][-]{section.6.2}{\376\377\000C\000o\000r\000e\000\040\000w\000i\000d\000g\000e\000t\000s}{chapter.6}% 738
\BOOKMARK [2][-]{subsection.6.2.1}{\376\377\000A\000r\000c\000\040\000\050\000l\000v\000\137\000a\000r\000c\000\051}{section.6.2}% 739
\BOOKMARK [3][-]{subsubsection*.3347}{\376\377\000O\000v\000e\000r\000v\000i\000e\000w}{subsection.6.2.1}% 740
\BOOKMARK [3][-]{subsubsection*.3348}{\376\377\000P\000a\000r\000t\000s\000\040\000a\000n\000d\000\040\000S\000t\000y\000l\000e\000s}{subsection.6.2.1}% 741
\BOOKMARK [3][-]{subsubsection*.3349}{\376\377\000U\000s\000a\000g\000e}{subsection.6.2.1}% 742
\BOOKMARK [4][-]{paragraph*.3350}{\376\377\000V\000a\000l\000u\000e\000\040\000a\000n\000d\000\040\000r\000a\000n\000g\000e}{subsubsection*.3349}% 743
\BOOKMARK [4][-]{paragraph*.3351}{\376\377\000R\000o\000t\000a\000t\000i\000o\000n}{subsubsection*.3349}% 744
\BOOKMARK [4][-]{paragraph*.3352}{\376\377\000M\000o\000d\000e}{subsubsection*.3349}% 745
\BOOKMARK [4][-]{paragraph*.3353}{\376\377\000C\000h\000a\000n\000g\000e\000\040\000r\000a\000t\000e}{subsubsection*.3349}% 746
\BOOKMARK [4][-]{paragraph*.3354}{\376\377\000S\000e\000t\000t\000i\000n\000g\000\040\000t\000h\000e\000\040\000i\000n\000d\000i\000c\000a\000t\000o\000r\000\040\000m\000a\000n\000u\000a\000l\000l\000y}{subsubsection*.3349}% 747
\BOOKMARK [4][-]{paragraph*.3355}{\376\377\000A\000d\000v\000a\000n\000c\000e\000d\000\040\000h\000i\000t\000\040\000t\000e\000s\000t}{subsubsection*.3349}% 748
\BOOKMARK [4][-]{paragraph*.3356}{\376\377\000P\000l\000a\000c\000e\000\040\000a\000n\000o\000t\000h\000e\000r\000\040\000o\000b\000j\000e\000c\000t\000\040\000t\000o\000\040\000t\000h\000e\000\040\000k\000n\000o\000b}{subsubsection*.3349}% 749
\BOOKMARK [3][-]{subsubsection*.3357}{\376\377\000E\000v\000e\000n\000t\000s}{subsection.6.2.1}% 750
\BOOKMARK [3][-]{subsubsection*.3358}{\376\377\000K\000e\000y\000s}{subsection.6.2.1}% 751
\BOOKMARK [3][-]{subsubsection*.3359}{\376\377\000E\000x\000a\000m\000p\000l\000e}{subsection.6.2.1}% 752
\BOOKMARK [4][-]{paragraph*.3360}{\376\377\000S\000i\000m\000p\000l\000e\000\040\000A\000r\000c}{subsubsection*.3359}% 753
\BOOKMARK [4][-]{paragraph*.3361}{\376\377\000L\000o\000a\000d\000e\000r\000\040\000w\000i\000t\000h\000\040\000A\000r\000c}{subsubsection*.3359}% 754
\BOOKMARK [3][-]{subsubsection*.3362}{\376\377\000A\000P\000I}{subsection.6.2.1}% 755
\BOOKMARK [2][-]{subsection.6.2.2}{\376\377\000B\000a\000r\000\040\000\050\000l\000v\000\137\000b\000a\000r\000\051}{section.6.2}% 756
\BOOKMARK [3][-]{subsubsection*.3483}{\376\377\000O\000v\000e\000r\000v\000i\000e\000w}{subsection.6.2.2}% 757
\BOOKMARK [3][-]{subsubsection*.3484}{\376\377\000P\000a\000r\000t\000s\000\040\000a\000n\000d\000\040\000S\000t\000y\000l\000e\000s}{subsection.6.2.2}% 758
\BOOKMARK [3][-]{subsubsection*.3485}{\376\377\000U\000s\000a\000g\000e}{subsection.6.2.2}% 759
\BOOKMARK [4][-]{paragraph*.3486}{\376\377\000V\000a\000l\000u\000e\000\040\000a\000n\000d\000\040\000r\000a\000n\000g\000e}{subsubsection*.3485}% 760
\BOOKMARK [4][-]{paragraph*.3487}{\376\377\000M\000o\000d\000e\000s}{subsubsection*.3485}% 761
\BOOKMARK [3][-]{subsubsection*.3488}{\376\377\000E\000v\000e\000n\000t\000s}{subsection.6.2.2}% 762
\BOOKMARK [3][-]{subsubsection*.3489}{\376\377\000K\000e\000y\000s}{subsection.6.2.2}% 763
\BOOKMARK [3][-]{subsubsection*.3490}{\376\377\000E\000x\000a\000m\000p\000l\000e}{subsection.6.2.2}% 764
\BOOKMARK [4][-]{paragraph*.3491}{\376\377\000S\000i\000m\000p\000l\000e\000\040\000B\000a\000r}{subsubsection*.3490}% 765
\BOOKMARK [4][-]{paragraph*.3492}{\376\377\000S\000t\000y\000l\000i\000n\000g\000\040\000a\000\040\000b\000a\000r}{subsubsection*.3490}% 766
\BOOKMARK [4][-]{paragraph*.3493}{\376\377\000T\000e\000m\000p\000e\000r\000a\000t\000u\000r\000e\000\040\000m\000e\000t\000e\000r}{subsubsection*.3490}% 767
\BOOKMARK [4][-]{paragraph*.3494}{\376\377\000S\000t\000r\000i\000p\000e\000\040\000p\000a\000t\000t\000e\000r\000n\000\040\000a\000n\000d\000\040\000r\000a\000n\000g\000e\000\040\000v\000a\000l\000u\000e}{subsubsection*.3490}% 768
\BOOKMARK [4][-]{paragraph*.3495}{\376\377\000B\000a\000r\000\040\000w\000i\000t\000h\000\040\000L\000T\000R\000\040\000a\000n\000d\000\040\000R\000T\000L\000\040\000b\000a\000s\000e\000\040\000d\000i\000r\000e\000c\000t\000i\000o\000n}{subsubsection*.3490}% 769
\BOOKMARK [4][-]{paragraph*.3496}{\376\377\000C\000u\000s\000t\000o\000m\000\040\000d\000r\000a\000w\000e\000r\000\040\000t\000o\000\040\000s\000h\000o\000w\000\040\000t\000h\000e\000\040\000c\000u\000r\000r\000e\000n\000t\000\040\000v\000a\000l\000u\000e}{subsubsection*.3490}% 770
\BOOKMARK [3][-]{subsubsection*.3497}{\376\377\000A\000P\000I}{subsection.6.2.2}% 771
\BOOKMARK [2][-]{subsection.6.2.3}{\376\377\000B\000u\000t\000t\000o\000n\000\040\000\050\000l\000v\000\137\000b\000t\000n\000\051}{section.6.2}% 772
\BOOKMARK [3][-]{subsubsection*.3574}{\376\377\000O\000v\000e\000r\000v\000i\000e\000w}{subsection.6.2.3}% 773
\BOOKMARK [3][-]{subsubsection*.3575}{\376\377\000P\000a\000r\000t\000s\000\040\000a\000n\000d\000\040\000S\000t\000y\000l\000e\000s}{subsection.6.2.3}% 774
\BOOKMARK [3][-]{subsubsection*.3576}{\376\377\000U\000s\000a\000g\000e}{subsection.6.2.3}% 775
\BOOKMARK [3][-]{subsubsection*.3577}{\376\377\000E\000v\000e\000n\000t\000s}{subsection.6.2.3}% 776
\BOOKMARK [3][-]{subsubsection*.3578}{\376\377\000K\000e\000y\000s}{subsection.6.2.3}% 777
\BOOKMARK [3][-]{subsubsection*.3579}{\376\377\000E\000x\000a\000m\000p\000l\000e}{subsection.6.2.3}% 778
\BOOKMARK [4][-]{paragraph*.3580}{\376\377\000S\000i\000m\000p\000l\000e\000\040\000B\000u\000t\000t\000o\000n\000s}{subsubsection*.3579}% 779
\BOOKMARK [4][-]{paragraph*.3581}{\376\377\000S\000t\000y\000l\000i\000n\000g\000\040\000b\000u\000t\000t\000o\000n\000s}{subsubsection*.3579}% 780
\BOOKMARK [4][-]{paragraph*.3582}{\376\377\000G\000u\000m\000m\000y\000\040\000b\000u\000t\000t\000o\000n}{subsubsection*.3579}% 781
\BOOKMARK [3][-]{subsubsection*.3583}{\376\377\000A\000P\000I}{subsection.6.2.3}% 782
\BOOKMARK [2][-]{subsection.6.2.4}{\376\377\000B\000u\000t\000t\000o\000n\000\040\000m\000a\000t\000r\000i\000x\000\040\000\050\000l\000v\000\137\000b\000t\000n\000m\000a\000t\000r\000i\000x\000\051}{section.6.2}% 783
\BOOKMARK [3][-]{subsubsection*.3593}{\376\377\000O\000v\000e\000r\000v\000i\000e\000w}{subsection.6.2.4}% 784
\BOOKMARK [3][-]{subsubsection*.3594}{\376\377\000P\000a\000r\000t\000s\000\040\000a\000n\000d\000\040\000S\000t\000y\000l\000e\000s}{subsection.6.2.4}% 785
\BOOKMARK [3][-]{subsubsection*.3595}{\376\377\000U\000s\000a\000g\000e}{subsection.6.2.4}% 786
\BOOKMARK [4][-]{paragraph*.3596}{\376\377\000B\000u\000t\000t\000o\000n\000'\000s\000\040\000t\000e\000x\000t}{subsubsection*.3595}% 787
\BOOKMARK [4][-]{paragraph*.3597}{\376\377\000C\000o\000n\000t\000r\000o\000l\000\040\000b\000u\000t\000t\000o\000n\000s}{subsubsection*.3595}% 788
\BOOKMARK [4][-]{paragraph*.3598}{\376\377\000O\000n\000e\000\040\000c\000h\000e\000c\000k}{subsubsection*.3595}% 789
\BOOKMARK [3][-]{subsubsection*.3599}{\376\377\000E\000v\000e\000n\000t\000s}{subsection.6.2.4}% 790
\BOOKMARK [3][-]{subsubsection*.3600}{\376\377\000K\000e\000y\000s}{subsection.6.2.4}% 791
\BOOKMARK [3][-]{subsubsection*.3601}{\376\377\000E\000x\000a\000m\000p\000l\000e}{subsection.6.2.4}% 792
\BOOKMARK [4][-]{paragraph*.3602}{\376\377\000S\000i\000m\000p\000l\000e\000\040\000B\000u\000t\000t\000o\000n\000\040\000m\000a\000t\000r\000i\000x}{subsubsection*.3601}% 793
\BOOKMARK [4][-]{paragraph*.3603}{\376\377\000C\000u\000s\000t\000o\000m\000\040\000b\000u\000t\000t\000o\000n\000s}{subsubsection*.3601}% 794
\BOOKMARK [4][-]{paragraph*.3604}{\376\377\000P\000a\000g\000i\000n\000a\000t\000i\000o\000n}{subsubsection*.3601}% 795
\BOOKMARK [3][-]{subsubsection*.3605}{\376\377\000A\000P\000I}{subsection.6.2.4}% 796
\BOOKMARK [2][-]{subsection.6.2.5}{\376\377\000C\000a\000n\000v\000a\000s\000\040\000\050\000l\000v\000\137\000c\000a\000n\000v\000a\000s\000\051}{section.6.2}% 797
\BOOKMARK [3][-]{subsubsection*.3710}{\376\377\000O\000v\000e\000r\000v\000i\000e\000w}{subsection.6.2.5}% 798
\BOOKMARK [3][-]{subsubsection*.3711}{\376\377\000P\000a\000r\000t\000s\000\040\000a\000n\000d\000\040\000S\000t\000y\000l\000e\000s}{subsection.6.2.5}% 799
\BOOKMARK [3][-]{subsubsection*.3712}{\376\377\000U\000s\000a\000g\000e}{subsection.6.2.5}% 800
\BOOKMARK [4][-]{paragraph*.3713}{\376\377\000B\000u\000f\000f\000e\000r}{subsubsection*.3712}% 801
\BOOKMARK [4][-]{paragraph*.3714}{\376\377\000I\000n\000d\000e\000x\000e\000d\000\040\000c\000o\000l\000o\000r\000s}{subsubsection*.3712}% 802
\BOOKMARK [4][-]{paragraph*.3715}{\376\377\000D\000r\000a\000w\000i\000n\000g}{subsubsection*.3712}% 803
\BOOKMARK [4][-]{paragraph*.3716}{\376\377\000T\000r\000a\000n\000s\000f\000o\000r\000m\000a\000t\000i\000o\000n\000s}{subsubsection*.3712}% 804
\BOOKMARK [4][-]{paragraph*.3717}{\376\377\000B\000l\000u\000r}{subsubsection*.3712}% 805
\BOOKMARK [3][-]{subsubsection*.3718}{\376\377\000E\000v\000e\000n\000t\000s}{subsection.6.2.5}% 806
\BOOKMARK [3][-]{subsubsection*.3719}{\376\377\000K\000e\000y\000s}{subsection.6.2.5}% 807
\BOOKMARK [3][-]{subsubsection*.3720}{\376\377\000E\000x\000a\000m\000p\000l\000e}{subsection.6.2.5}% 808
\BOOKMARK [4][-]{paragraph*.3721}{\376\377\000D\000r\000a\000w\000i\000n\000g\000\040\000o\000n\000\040\000t\000h\000e\000\040\000C\000a\000n\000v\000a\000s\000\040\000a\000n\000d\000\040\000r\000o\000t\000a\000t\000e}{subsubsection*.3720}% 809
\BOOKMARK [4][-]{paragraph*.3722}{\376\377\000T\000r\000a\000n\000s\000p\000a\000r\000e\000n\000t\000\040\000C\000a\000n\000v\000a\000s\000\040\000w\000i\000t\000h\000\040\000c\000h\000r\000o\000m\000a\000\040\000k\000e\000y\000i\000n\000g}{subsubsection*.3720}% 810
\BOOKMARK [3][-]{subsubsection*.3723}{\376\377\000A\000P\000I}{subsection.6.2.5}% 811
\BOOKMARK [2][-]{subsection.6.2.6}{\376\377\000C\000h\000e\000c\000k\000b\000o\000x\000\040\000\050\000l\000v\000\137\000c\000h\000e\000c\000k\000b\000o\000x\000\051}{section.6.2}% 812
\BOOKMARK [3][-]{subsubsection*.3789}{\376\377\000O\000v\000e\000r\000v\000i\000e\000w}{subsection.6.2.6}% 813
\BOOKMARK [3][-]{subsubsection*.3790}{\376\377\000P\000a\000r\000t\000s\000\040\000a\000n\000d\000\040\000S\000t\000y\000l\000e\000s}{subsection.6.2.6}% 814
\BOOKMARK [3][-]{subsubsection*.3791}{\376\377\000U\000s\000a\000g\000e}{subsection.6.2.6}% 815
\BOOKMARK [4][-]{paragraph*.3792}{\376\377\000T\000e\000x\000t}{subsubsection*.3791}% 816
\BOOKMARK [4][-]{paragraph*.3793}{\376\377\000C\000h\000e\000c\000k\000,\000\040\000u\000n\000c\000h\000e\000c\000k\000,\000\040\000d\000i\000s\000a\000b\000l\000e}{subsubsection*.3791}% 817
\BOOKMARK [3][-]{subsubsection*.3794}{\376\377\000E\000v\000e\000n\000t\000s}{subsection.6.2.6}% 818
\BOOKMARK [3][-]{subsubsection*.3795}{\376\377\000K\000e\000y\000s}{subsection.6.2.6}% 819
\BOOKMARK [3][-]{subsubsection*.3796}{\376\377\000E\000x\000a\000m\000p\000l\000e}{subsection.6.2.6}% 820
\BOOKMARK [4][-]{paragraph*.3797}{\376\377\000S\000i\000m\000p\000l\000e\000\040\000C\000h\000e\000c\000k\000b\000o\000x\000e\000s}{subsubsection*.3796}% 821
\BOOKMARK [4][-]{paragraph*.3798}{\376\377\000C\000h\000e\000c\000k\000b\000o\000x\000e\000s\000\040\000a\000s\000\040\000r\000a\000d\000i\000o\000\040\000b\000u\000t\000t\000o\000n\000s}{subsubsection*.3796}% 822
\BOOKMARK [3][-]{subsubsection*.3799}{\376\377\000A\000P\000I}{subsection.6.2.6}% 823
\BOOKMARK [2][-]{subsection.6.2.7}{\376\377\000D\000r\000o\000p\000-\000d\000o\000w\000n\000\040\000l\000i\000s\000t\000\040\000\050\000l\000v\000\137\000d\000r\000o\000p\000d\000o\000w\000n\000\051}{section.6.2}% 824
\BOOKMARK [3][-]{subsubsection*.3826}{\376\377\000O\000v\000e\000r\000v\000i\000e\000w}{subsection.6.2.7}% 825
\BOOKMARK [3][-]{subsubsection*.3827}{\376\377\000P\000a\000r\000t\000s\000\040\000a\000n\000d\000\040\000S\000t\000y\000l\000e\000s}{subsection.6.2.7}% 826
\BOOKMARK [4][-]{paragraph*.3828}{\376\377\000B\000u\000t\000t\000o\000n}{subsubsection*.3827}% 827
\BOOKMARK [4][-]{paragraph*.3829}{\376\377\000L\000i\000s\000t}{subsubsection*.3827}% 828
\BOOKMARK [3][-]{subsubsection*.3830}{\376\377\000U\000s\000a\000g\000e}{subsection.6.2.7}% 829
\BOOKMARK [3][-]{subsubsection*.3831}{\376\377\000O\000v\000e\000r\000v\000i\000e\000w}{subsection.6.2.7}% 830
\BOOKMARK [4][-]{paragraph*.3832}{\376\377\000S\000e\000t\000\040\000o\000p\000t\000i\000o\000n\000s}{subsubsection*.3831}% 831
\BOOKMARK [4][-]{paragraph*.3833}{\376\377\000G\000e\000t\000\040\000s\000e\000l\000e\000c\000t\000e\000d\000\040\000o\000p\000t\000i\000o\000n}{subsubsection*.3831}% 832
\BOOKMARK [4][-]{paragraph*.3834}{\376\377\000D\000i\000r\000e\000c\000t\000i\000o\000n}{subsubsection*.3831}% 833
\BOOKMARK [4][-]{paragraph*.3835}{\376\377\000S\000y\000m\000b\000o\000l}{subsubsection*.3831}% 834
\BOOKMARK [4][-]{paragraph*.3836}{\376\377\000S\000h\000o\000w\000\040\000s\000e\000l\000e\000c\000t\000e\000d}{subsubsection*.3831}% 835
\BOOKMARK [4][-]{paragraph*.3837}{\376\377\000M\000a\000n\000u\000a\000l\000l\000y\000\040\000o\000p\000e\000n\000/\000c\000l\000o\000s\000e}{subsubsection*.3831}% 836
\BOOKMARK [3][-]{subsubsection*.3838}{\376\377\000E\000v\000e\000n\000t\000s}{subsection.6.2.7}% 837
\BOOKMARK [3][-]{subsubsection*.3839}{\376\377\000K\000e\000y\000s}{subsection.6.2.7}% 838
\BOOKMARK [3][-]{subsubsection*.3840}{\376\377\000E\000x\000a\000m\000p\000l\000e}{subsection.6.2.7}% 839
\BOOKMARK [4][-]{paragraph*.3841}{\376\377\000S\000i\000m\000p\000l\000e\000\040\000D\000r\000o\000p\000\040\000d\000o\000w\000n\000\040\000l\000i\000s\000t}{subsubsection*.3840}% 840
\BOOKMARK [4][-]{paragraph*.3842}{\376\377\000D\000r\000o\000p\000\040\000d\000o\000w\000n\000\040\000i\000n\000\040\000f\000o\000u\000r\000\040\000d\000i\000r\000e\000c\000t\000i\000o\000n\000s}{subsubsection*.3840}% 841
\BOOKMARK [4][-]{paragraph*.3843}{\376\377\000M\000e\000n\000u}{subsubsection*.3840}% 842
\BOOKMARK [3][-]{subsubsection*.3844}{\376\377\000A\000P\000I}{subsection.6.2.7}% 843
\BOOKMARK [2][-]{subsection.6.2.8}{\376\377\000I\000m\000a\000g\000e\000\040\000\050\000l\000v\000\137\000i\000m\000g\000\051}{section.6.2}% 844
\BOOKMARK [3][-]{subsubsection*.3953}{\376\377\000O\000v\000e\000r\000v\000i\000e\000w}{subsection.6.2.8}% 845
\BOOKMARK [3][-]{subsubsection*.3954}{\376\377\000P\000a\000r\000t\000s\000\040\000a\000n\000d\000\040\000S\000t\000y\000l\000e\000s}{subsection.6.2.8}% 846
\BOOKMARK [3][-]{subsubsection*.3955}{\376\377\000U\000s\000a\000g\000e}{subsection.6.2.8}% 847
\BOOKMARK [4][-]{paragraph*.3956}{\376\377\000I\000m\000a\000g\000e\000\040\000s\000o\000u\000r\000c\000e}{subsubsection*.3955}% 848
\BOOKMARK [4][-]{paragraph*.3957}{\376\377\000L\000a\000b\000e\000l\000\040\000a\000s\000\040\000a\000n\000\040\000i\000m\000a\000g\000e}{subsubsection*.3955}% 849
\BOOKMARK [4][-]{paragraph*.3958}{\376\377\000T\000r\000a\000n\000s\000p\000a\000r\000e\000n\000c\000y}{subsubsection*.3955}% 850
\BOOKMARK [4][-]{paragraph*.3959}{\376\377\000P\000a\000l\000e\000t\000t\000e\000\040\000a\000n\000d\000\040\000A\000l\000p\000h\000a\000\040\000i\000n\000d\000e\000x}{subsubsection*.3955}% 851
\BOOKMARK [4][-]{paragraph*.3960}{\376\377\000R\000e\000c\000o\000l\000o\000r}{subsubsection*.3955}% 852
\BOOKMARK [4][-]{paragraph*.3961}{\376\377\000A\000u\000t\000o\000-\000s\000i\000z\000e}{subsubsection*.3955}% 853
\BOOKMARK [4][-]{paragraph*.3962}{\376\377\000M\000o\000s\000a\000i\000c}{subsubsection*.3955}% 854
\BOOKMARK [4][-]{paragraph*.3963}{\376\377\000O\000f\000f\000s\000e\000t}{subsubsection*.3955}% 855
\BOOKMARK [3][-]{subsubsection*.3964}{\376\377\000T\000r\000a\000n\000s\000f\000o\000r\000m\000a\000t\000i\000o\000n\000s}{subsection.6.2.8}% 856
\BOOKMARK [4][-]{paragraph*.3965}{\376\377\000S\000i\000z\000e\000\040\000m\000o\000d\000e}{subsubsection*.3964}% 857
\BOOKMARK [4][-]{paragraph*.3966}{\376\377\000R\000o\000u\000n\000d\000e\000d\000\040\000i\000m\000a\000g\000e}{subsubsection*.3964}% 858
\BOOKMARK [3][-]{subsubsection*.3967}{\376\377\000E\000v\000e\000n\000t\000s}{subsection.6.2.8}% 859
\BOOKMARK [3][-]{subsubsection*.3968}{\376\377\000K\000e\000y\000s}{subsection.6.2.8}% 860
\BOOKMARK [3][-]{subsubsection*.3969}{\376\377\000E\000x\000a\000m\000p\000l\000e}{subsection.6.2.8}% 861
\BOOKMARK [4][-]{paragraph*.3970}{\376\377\000I\000m\000a\000g\000e\000\040\000f\000r\000o\000m\000\040\000v\000a\000r\000i\000a\000b\000l\000e\000\040\000a\000n\000d\000\040\000s\000y\000m\000b\000o\000l}{subsubsection*.3969}% 862
\BOOKMARK [4][-]{paragraph*.3971}{\376\377\000I\000m\000a\000g\000e\000\040\000r\000e\000c\000o\000l\000o\000r\000i\000n\000g}{subsubsection*.3969}% 863
\BOOKMARK [4][-]{paragraph*.3972}{\376\377\000R\000o\000t\000a\000t\000e\000\040\000a\000n\000d\000\040\000z\000o\000o\000m}{subsubsection*.3969}% 864
\BOOKMARK [4][-]{paragraph*.3973}{\376\377\000I\000m\000a\000g\000e\000\040\000o\000f\000f\000s\000e\000t\000\040\000a\000n\000d\000\040\000s\000t\000y\000l\000i\000n\000g}{subsubsection*.3969}% 865
\BOOKMARK [3][-]{subsubsection*.3974}{\376\377\000A\000P\000I}{subsection.6.2.8}% 866
\BOOKMARK [2][-]{subsection.6.2.9}{\376\377\000L\000a\000b\000e\000l\000\040\000\050\000l\000v\000\137\000l\000a\000b\000e\000l\000\051}{section.6.2}% 867
\BOOKMARK [3][-]{subsubsection*.4062}{\376\377\000O\000v\000e\000r\000v\000i\000e\000w}{subsection.6.2.9}% 868
\BOOKMARK [3][-]{subsubsection*.4063}{\376\377\000P\000a\000r\000t\000s\000\040\000a\000n\000d\000\040\000S\000t\000y\000l\000e\000s}{subsection.6.2.9}% 869
\BOOKMARK [3][-]{subsubsection*.4064}{\376\377\000U\000s\000a\000g\000e}{subsection.6.2.9}% 870
\BOOKMARK [4][-]{paragraph*.4065}{\376\377\000S\000e\000t\000\040\000t\000e\000x\000t}{subsubsection*.4064}% 871
\BOOKMARK [4][-]{paragraph*.4066}{\376\377\000N\000e\000w\000l\000i\000n\000e}{subsubsection*.4064}% 872
\BOOKMARK [4][-]{paragraph*.4067}{\376\377\000L\000o\000n\000g\000\040\000m\000o\000d\000e\000s}{subsubsection*.4064}% 873
\BOOKMARK [4][-]{paragraph*.4068}{\376\377\000T\000e\000x\000t\000\040\000r\000e\000c\000o\000l\000o\000r}{subsubsection*.4064}% 874
\BOOKMARK [4][-]{paragraph*.4069}{\376\377\000T\000e\000x\000t\000\040\000s\000e\000l\000e\000c\000t\000i\000o\000n}{subsubsection*.4064}% 875
\BOOKMARK [4][-]{paragraph*.4070}{\376\377\000V\000e\000r\000y\000\040\000l\000o\000n\000g\000\040\000t\000e\000x\000t\000s}{subsubsection*.4064}% 876
\BOOKMARK [4][-]{paragraph*.4071}{\376\377\000C\000u\000s\000t\000o\000m\000\040\000s\000c\000r\000o\000l\000l\000i\000n\000g\000\040\000a\000n\000i\000m\000a\000t\000i\000o\000n\000s}{subsubsection*.4064}% 877
\BOOKMARK [4][-]{paragraph*.4072}{\376\377\000S\000y\000m\000b\000o\000l\000s}{subsubsection*.4064}% 878
\BOOKMARK [3][-]{subsubsection*.4073}{\376\377\000E\000v\000e\000n\000t\000s}{subsection.6.2.9}% 879
\BOOKMARK [3][-]{subsubsection*.4074}{\376\377\000K\000e\000y\000s}{subsection.6.2.9}% 880
\BOOKMARK [3][-]{subsubsection*.4075}{\376\377\000E\000x\000a\000m\000p\000l\000e}{subsection.6.2.9}% 881
\BOOKMARK [4][-]{paragraph*.4076}{\376\377\000L\000i\000n\000e\000\040\000w\000r\000a\000p\000,\000\040\000r\000e\000c\000o\000l\000o\000r\000i\000n\000g\000\040\000a\000n\000d\000\040\000s\000c\000r\000o\000l\000l\000i\000n\000g}{subsubsection*.4075}% 882
\BOOKMARK [4][-]{paragraph*.4077}{\376\377\000T\000e\000x\000t\000\040\000s\000h\000a\000d\000o\000w}{subsubsection*.4075}% 883
\BOOKMARK [4][-]{paragraph*.4078}{\376\377\000S\000h\000o\000w\000\040\000L\000T\000R\000,\000\040\000R\000T\000L\000\040\000a\000n\000d\000\040\000C\000h\000i\000n\000e\000s\000e\000\040\000t\000e\000x\000t\000s}{subsubsection*.4075}% 884
\BOOKMARK [4][-]{paragraph*.4079}{\376\377\000D\000r\000a\000w\000\040\000l\000a\000b\000e\000l\000\040\000w\000i\000t\000h\000\040\000g\000r\000a\000d\000i\000e\000n\000t\000\040\000c\000o\000l\000o\000r}{subsubsection*.4075}% 885
\BOOKMARK [4][-]{paragraph*.4080}{\376\377\000C\000u\000s\000t\000o\000m\000i\000z\000e\000\040\000c\000i\000r\000c\000u\000l\000a\000r\000\040\000s\000c\000r\000o\000l\000l\000i\000n\000g\000\040\000a\000n\000i\000m\000a\000t\000i\000o\000n}{subsubsection*.4075}% 886
\BOOKMARK [3][-]{subsubsection*.4081}{\376\377\000A\000P\000I}{subsection.6.2.9}% 887
\BOOKMARK [2][-]{subsection.6.2.10}{\376\377\000L\000i\000n\000e\000\040\000\050\000l\000v\000\137\000l\000i\000n\000e\000\051}{section.6.2}% 888
\BOOKMARK [3][-]{subsubsection*.4189}{\376\377\000O\000v\000e\000r\000v\000i\000e\000w}{subsection.6.2.10}% 889
\BOOKMARK [3][-]{subsubsection*.4190}{\376\377\000P\000a\000r\000t\000s\000\040\000a\000n\000d\000\040\000S\000t\000y\000l\000e\000s}{subsection.6.2.10}% 890
\BOOKMARK [3][-]{subsubsection*.4191}{\376\377\000U\000s\000a\000g\000e}{subsection.6.2.10}% 891
\BOOKMARK [4][-]{paragraph*.4192}{\376\377\000S\000e\000t\000\040\000p\000o\000i\000n\000t\000s}{subsubsection*.4191}% 892
\BOOKMARK [4][-]{paragraph*.4193}{\376\377\000A\000u\000t\000o\000-\000s\000i\000z\000e}{subsubsection*.4191}% 893
\BOOKMARK [4][-]{paragraph*.4194}{\376\377\000I\000n\000v\000e\000r\000t\000\040\000y}{subsubsection*.4191}% 894
\BOOKMARK [3][-]{subsubsection*.4195}{\376\377\000E\000v\000e\000n\000t\000s}{subsection.6.2.10}% 895
\BOOKMARK [3][-]{subsubsection*.4196}{\376\377\000K\000e\000y\000s}{subsection.6.2.10}% 896
\BOOKMARK [3][-]{subsubsection*.4197}{\376\377\000E\000x\000a\000m\000p\000l\000e}{subsection.6.2.10}% 897
\BOOKMARK [4][-]{paragraph*.4198}{\376\377\000S\000i\000m\000p\000l\000e\000\040\000L\000i\000n\000e}{subsubsection*.4197}% 898
\BOOKMARK [3][-]{subsubsection*.4199}{\376\377\000A\000P\000I}{subsection.6.2.10}% 899
\BOOKMARK [2][-]{subsection.6.2.11}{\376\377\000R\000o\000l\000l\000e\000r\000\040\000\050\000l\000v\000\137\000r\000o\000l\000l\000e\000r\000\051}{section.6.2}% 900
\BOOKMARK [3][-]{subsubsection*.4224}{\376\377\000O\000v\000e\000r\000v\000i\000e\000w}{subsection.6.2.11}% 901
\BOOKMARK [3][-]{subsubsection*.4225}{\376\377\000P\000a\000r\000t\000s\000\040\000a\000n\000d\000\040\000S\000t\000y\000l\000e\000s}{subsection.6.2.11}% 902
\BOOKMARK [3][-]{subsubsection*.4226}{\376\377\000U\000s\000a\000g\000e}{subsection.6.2.11}% 903
\BOOKMARK [4][-]{paragraph*.4227}{\376\377\000S\000e\000t\000\040\000o\000p\000t\000i\000o\000n\000s}{subsubsection*.4226}% 904
\BOOKMARK [4][-]{paragraph*.4228}{\376\377\000G\000e\000t\000\040\000s\000e\000l\000e\000c\000t\000e\000d\000\040\000o\000p\000t\000i\000o\000n}{subsubsection*.4226}% 905
\BOOKMARK [4][-]{paragraph*.4229}{\376\377\000V\000i\000s\000i\000b\000l\000e\000\040\000r\000o\000w\000s}{subsubsection*.4226}% 906
\BOOKMARK [3][-]{subsubsection*.4230}{\376\377\000E\000v\000e\000n\000t\000s}{subsection.6.2.11}% 907
\BOOKMARK [3][-]{subsubsection*.4231}{\376\377\000K\000e\000y\000s}{subsection.6.2.11}% 908
\BOOKMARK [3][-]{subsubsection*.4232}{\376\377\000E\000x\000a\000m\000p\000l\000e}{subsection.6.2.11}% 909
\BOOKMARK [4][-]{paragraph*.4233}{\376\377\000S\000i\000m\000p\000l\000e\000\040\000R\000o\000l\000l\000e\000r}{subsubsection*.4232}% 910
\BOOKMARK [4][-]{paragraph*.4234}{\376\377\000S\000t\000y\000l\000i\000n\000g\000\040\000t\000h\000e\000\040\000r\000o\000l\000l\000e\000r}{subsubsection*.4232}% 911
\BOOKMARK [4][-]{paragraph*.4235}{\376\377\000a\000d\000d\000\040\000f\000a\000d\000e\000\040\000m\000a\000s\000k\000\040\000t\000o\000\040\000r\000o\000l\000l\000e\000r}{subsubsection*.4232}% 912
\BOOKMARK [3][-]{subsubsection*.4236}{\376\377\000A\000P\000I}{subsection.6.2.11}% 913
\BOOKMARK [2][-]{subsection.6.2.12}{\376\377\000S\000l\000i\000d\000e\000r\000\040\000\050\000l\000v\000\137\000s\000l\000i\000d\000e\000r\000\051}{section.6.2}% 914
\BOOKMARK [3][-]{subsubsection*.4285}{\376\377\000O\000v\000e\000r\000v\000i\000e\000w}{subsection.6.2.12}% 915
\BOOKMARK [3][-]{subsubsection*.4286}{\376\377\000P\000a\000r\000t\000s\000\040\000a\000n\000d\000\040\000S\000t\000y\000l\000e\000s}{subsection.6.2.12}% 916
\BOOKMARK [3][-]{subsubsection*.4287}{\376\377\000U\000s\000a\000g\000e}{subsection.6.2.12}% 917
\BOOKMARK [4][-]{paragraph*.4288}{\376\377\000V\000a\000l\000u\000e\000\040\000a\000n\000d\000\040\000r\000a\000n\000g\000e}{subsubsection*.4287}% 918
\BOOKMARK [4][-]{paragraph*.4289}{\376\377\000M\000o\000d\000e\000s}{subsubsection*.4287}% 919
\BOOKMARK [4][-]{paragraph*.4290}{\376\377\000K\000n\000o\000b\000-\000o\000n\000l\000y\000\040\000m\000o\000d\000e}{subsubsection*.4287}% 920
\BOOKMARK [3][-]{subsubsection*.4291}{\376\377\000E\000v\000e\000n\000t\000s}{subsection.6.2.12}% 921
\BOOKMARK [3][-]{subsubsection*.4292}{\376\377\000K\000e\000y\000s}{subsection.6.2.12}% 922
\BOOKMARK [3][-]{subsubsection*.4293}{\376\377\000E\000x\000a\000m\000p\000l\000e}{subsection.6.2.12}% 923
\BOOKMARK [4][-]{paragraph*.4294}{\376\377\000S\000i\000m\000p\000l\000e\000\040\000S\000l\000i\000d\000e\000r}{subsubsection*.4293}% 924
\BOOKMARK [4][-]{paragraph*.4295}{\376\377\000S\000l\000i\000d\000e\000r\000\040\000w\000i\000t\000h\000\040\000c\000u\000s\000t\000o\000m\000\040\000s\000t\000y\000l\000e}{subsubsection*.4293}% 925
\BOOKMARK [4][-]{paragraph*.4296}{\376\377\000S\000l\000i\000d\000e\000r\000\040\000w\000i\000t\000h\000\040\000e\000x\000t\000e\000n\000d\000e\000d\000\040\000d\000r\000a\000w\000e\000r}{subsubsection*.4293}% 926
\BOOKMARK [3][-]{subsubsection*.4297}{\376\377\000A\000P\000I}{subsection.6.2.12}% 927
\BOOKMARK [2][-]{subsection.6.2.13}{\376\377\000S\000w\000i\000t\000c\000h\000\040\000\050\000l\000v\000\137\000s\000w\000i\000t\000c\000h\000\051}{section.6.2}% 928
\BOOKMARK [3][-]{subsubsection*.4363}{\376\377\000O\000v\000e\000r\000v\000i\000e\000w}{subsection.6.2.13}% 929
\BOOKMARK [3][-]{subsubsection*.4364}{\376\377\000P\000a\000r\000t\000s\000\040\000a\000n\000d\000\040\000S\000t\000y\000l\000e\000s}{subsection.6.2.13}% 930
\BOOKMARK [3][-]{subsubsection*.4365}{\376\377\000U\000s\000a\000g\000e}{subsection.6.2.13}% 931
\BOOKMARK [4][-]{paragraph*.4366}{\376\377\000C\000h\000a\000n\000g\000e\000\040\000s\000t\000a\000t\000e}{subsubsection*.4365}% 932
\BOOKMARK [3][-]{subsubsection*.4367}{\376\377\000E\000v\000e\000n\000t\000s}{subsection.6.2.13}% 933
\BOOKMARK [3][-]{subsubsection*.4368}{\376\377\000K\000e\000y\000s}{subsection.6.2.13}% 934
\BOOKMARK [3][-]{subsubsection*.4369}{\376\377\000E\000x\000a\000m\000p\000l\000e}{subsection.6.2.13}% 935
\BOOKMARK [4][-]{paragraph*.4370}{\376\377\000S\000i\000m\000p\000l\000e\000\040\000S\000w\000i\000t\000c\000h}{subsubsection*.4369}% 936
\BOOKMARK [3][-]{subsubsection*.4371}{\376\377\000A\000P\000I}{subsection.6.2.13}% 937
\BOOKMARK [2][-]{subsection.6.2.14}{\376\377\000T\000a\000b\000l\000e\000\040\000\050\000l\000v\000\137\000t\000a\000b\000l\000e\000\051}{section.6.2}% 938
\BOOKMARK [3][-]{subsubsection*.4383}{\376\377\000O\000v\000e\000r\000v\000i\000e\000w}{subsection.6.2.14}% 939
\BOOKMARK [3][-]{subsubsection*.4384}{\376\377\000P\000a\000r\000t\000s\000\040\000a\000n\000d\000\040\000S\000t\000y\000l\000e\000s}{subsection.6.2.14}% 940
\BOOKMARK [3][-]{subsubsection*.4385}{\376\377\000U\000s\000a\000g\000e}{subsection.6.2.14}% 941
\BOOKMARK [4][-]{paragraph*.4386}{\376\377\000S\000e\000t\000\040\000c\000e\000l\000l\000\040\000v\000a\000l\000u\000e}{subsubsection*.4385}% 942
\BOOKMARK [4][-]{paragraph*.4387}{\376\377\000R\000o\000w\000s\000\040\000a\000n\000d\000\040\000C\000o\000l\000u\000m\000n\000s}{subsubsection*.4385}% 943
\BOOKMARK [4][-]{paragraph*.4388}{\376\377\000W\000i\000d\000t\000h\000\040\000a\000n\000d\000\040\000H\000e\000i\000g\000h\000t}{subsubsection*.4385}% 944
\BOOKMARK [4][-]{paragraph*.4389}{\376\377\000M\000e\000r\000g\000e\000\040\000c\000e\000l\000l\000s}{subsubsection*.4385}% 945
\BOOKMARK [4][-]{paragraph*.4390}{\376\377\000S\000c\000r\000o\000l\000l}{subsubsection*.4385}% 946
\BOOKMARK [3][-]{subsubsection*.4391}{\376\377\000E\000v\000e\000n\000t\000s}{subsection.6.2.14}% 947
\BOOKMARK [3][-]{subsubsection*.4392}{\376\377\000K\000e\000y\000s}{subsection.6.2.14}% 948
\BOOKMARK [3][-]{subsubsection*.4393}{\376\377\000E\000x\000a\000m\000p\000l\000e}{subsection.6.2.14}% 949
\BOOKMARK [4][-]{paragraph*.4394}{\376\377\000S\000i\000m\000p\000l\000e\000\040\000t\000a\000b\000l\000e}{subsubsection*.4393}% 950
\BOOKMARK [4][-]{paragraph*.4395}{\376\377\000L\000i\000g\000h\000t\000w\000e\000i\000g\000h\000t\000e\000d\000\040\000l\000i\000s\000t\000\040\000f\000r\000o\000m\000\040\000t\000a\000b\000l\000e}{subsubsection*.4393}% 951
\BOOKMARK [4][-]{paragraph*.4396}{\376\377\000M\000i\000c\000r\000o\000P\000y\000t\000h\000o\000n}{subsubsection*.4393}% 952
\BOOKMARK [3][-]{subsubsection*.4397}{\376\377\000A\000P\000I}{subsection.6.2.14}% 953
\BOOKMARK [2][-]{subsection.6.2.15}{\376\377\000T\000e\000x\000t\000\040\000a\000r\000e\000a\000\040\000\050\000l\000v\000\137\000t\000e\000x\000t\000a\000r\000e\000a\000\051}{section.6.2}% 954
\BOOKMARK [3][-]{subsubsection*.4497}{\376\377\000O\000v\000e\000r\000v\000i\000e\000w}{subsection.6.2.15}% 955
\BOOKMARK [3][-]{subsubsection*.4498}{\376\377\000P\000a\000r\000t\000s\000\040\000a\000n\000d\000\040\000S\000t\000y\000l\000e\000s}{subsection.6.2.15}% 956
\BOOKMARK [3][-]{subsubsection*.4499}{\376\377\000U\000s\000a\000g\000e}{subsection.6.2.15}% 957
\BOOKMARK [4][-]{paragraph*.4500}{\376\377\000A\000d\000d\000\040\000t\000e\000x\000t}{subsubsection*.4499}% 958
\BOOKMARK [4][-]{paragraph*.4501}{\376\377\000P\000l\000a\000c\000e\000h\000o\000l\000d\000e\000r}{subsubsection*.4499}% 959
\BOOKMARK [4][-]{paragraph*.4502}{\376\377\000D\000e\000l\000e\000t\000e\000\040\000c\000h\000a\000r\000a\000c\000t\000e\000r}{subsubsection*.4499}% 960
\BOOKMARK [4][-]{paragraph*.4503}{\376\377\000M\000o\000v\000e\000\040\000t\000h\000e\000\040\000c\000u\000r\000s\000o\000r}{subsubsection*.4499}% 961
\BOOKMARK [4][-]{paragraph*.4504}{\376\377\000H\000i\000d\000e\000\040\000t\000h\000e\000\040\000c\000u\000r\000s\000o\000r}{subsubsection*.4499}% 962
\BOOKMARK [4][-]{paragraph*.4505}{\376\377\000O\000n\000e\000\040\000l\000i\000n\000e\000\040\000m\000o\000d\000e}{subsubsection*.4499}% 963
\BOOKMARK [4][-]{paragraph*.4506}{\376\377\000P\000a\000s\000s\000w\000o\000r\000d\000\040\000m\000o\000d\000e}{subsubsection*.4499}% 964
\BOOKMARK [4][-]{paragraph*.4507}{\376\377\000A\000c\000c\000e\000p\000t\000e\000d\000\040\000c\000h\000a\000r\000a\000c\000t\000e\000r\000s}{subsubsection*.4499}% 965
\BOOKMARK [4][-]{paragraph*.4508}{\376\377\000M\000a\000x\000\040\000t\000e\000x\000t\000\040\000l\000e\000n\000g\000t\000h}{subsubsection*.4499}% 966
\BOOKMARK [4][-]{paragraph*.4509}{\376\377\000V\000e\000r\000y\000\040\000l\000o\000n\000g\000\040\000t\000e\000x\000t\000s}{subsubsection*.4499}% 967
\BOOKMARK [4][-]{paragraph*.4510}{\376\377\000S\000e\000l\000e\000c\000t\000\040\000t\000e\000x\000t}{subsubsection*.4499}% 968
\BOOKMARK [3][-]{subsubsection*.4511}{\376\377\000E\000v\000e\000n\000t\000s}{subsection.6.2.15}% 969
\BOOKMARK [3][-]{subsubsection*.4512}{\376\377\000K\000e\000y\000s}{subsection.6.2.15}% 970
\BOOKMARK [3][-]{subsubsection*.4513}{\376\377\000E\000x\000a\000m\000p\000l\000e}{subsection.6.2.15}% 971
\BOOKMARK [4][-]{paragraph*.4514}{\376\377\000S\000i\000m\000p\000l\000e\000\040\000T\000e\000x\000t\000\040\000a\000r\000e\000a}{subsubsection*.4513}% 972
\BOOKMARK [4][-]{paragraph*.4515}{\376\377\000T\000e\000x\000t\000\040\000a\000r\000e\000a\000\040\000w\000i\000t\000h\000\040\000p\000a\000s\000s\000w\000o\000r\000d\000\040\000f\000i\000e\000l\000d}{subsubsection*.4513}% 973
\BOOKMARK [4][-]{paragraph*.4516}{\376\377\000T\000e\000x\000t\000\040\000a\000u\000t\000o\000-\000f\000o\000r\000m\000a\000t\000t\000i\000n\000g}{subsubsection*.4513}% 974
\BOOKMARK [3][-]{subsubsection*.4517}{\376\377\000A\000P\000I}{subsection.6.2.15}% 975
\BOOKMARK [1][-]{section.6.3}{\376\377\000E\000x\000t\000r\000a\000\040\000w\000i\000d\000g\000e\000t\000s}{chapter.6}% 976
\BOOKMARK [2][-]{subsection.6.3.1}{\376\377\000A\000n\000i\000m\000a\000t\000i\000o\000n\000\040\000I\000m\000a\000g\000e\000\040\000\050\000l\000v\000\137\000a\000n\000i\000m\000i\000m\000g\000\051}{section.6.3}% 977
\BOOKMARK [3][-]{subsubsection*.4679}{\376\377\000O\000v\000e\000r\000v\000i\000e\000w}{subsection.6.3.1}% 978
\BOOKMARK [3][-]{subsubsection*.4680}{\376\377\000P\000a\000r\000t\000s\000\040\000a\000n\000d\000\040\000S\000t\000y\000l\000e\000s}{subsection.6.3.1}% 979
\BOOKMARK [3][-]{subsubsection*.4681}{\376\377\000U\000s\000a\000g\000e}{subsection.6.3.1}% 980
\BOOKMARK [4][-]{paragraph*.4682}{\376\377\000I\000m\000a\000g\000e\000\040\000s\000o\000u\000r\000c\000e\000s}{subsubsection*.4681}% 981
\BOOKMARK [3][-]{subsubsection*.4683}{\376\377\000E\000v\000e\000n\000t\000s}{subsection.6.3.1}% 982
\BOOKMARK [3][-]{subsubsection*.4684}{\376\377\000K\000e\000y\000s}{subsection.6.3.1}% 983
\BOOKMARK [3][-]{subsubsection*.4685}{\376\377\000E\000x\000a\000m\000p\000l\000e}{subsection.6.3.1}% 984
\BOOKMARK [4][-]{paragraph*.4686}{\376\377\000S\000i\000m\000p\000l\000e\000\040\000A\000n\000i\000m\000a\000t\000i\000o\000n\000\040\000I\000m\000a\000g\000e}{subsubsection*.4685}% 985
\BOOKMARK [3][-]{subsubsection*.4687}{\376\377\000A\000P\000I}{subsection.6.3.1}% 986
\BOOKMARK [2][-]{subsection.6.3.2}{\376\377\000C\000a\000l\000e\000n\000d\000a\000r\000\040\000\050\000l\000v\000\137\000c\000a\000l\000e\000n\000d\000a\000r\000\051}{section.6.3}% 987
\BOOKMARK [3][-]{subsubsection*.4721}{\376\377\000O\000v\000e\000r\000v\000i\000e\000w}{subsection.6.3.2}% 988
\BOOKMARK [3][-]{subsubsection*.4722}{\376\377\000P\000a\000r\000t\000s\000\040\000a\000n\000d\000\040\000S\000t\000y\000l\000e\000s}{subsection.6.3.2}% 989
\BOOKMARK [3][-]{subsubsection*.4723}{\376\377\000U\000s\000a\000g\000e}{subsection.6.3.2}% 990
\BOOKMARK [4][-]{paragraph*.4724}{\376\377\000C\000u\000r\000r\000e\000n\000t\000\040\000d\000a\000t\000e}{subsubsection*.4723}% 991
\BOOKMARK [4][-]{paragraph*.4725}{\376\377\000S\000h\000o\000w\000n\000\040\000d\000a\000t\000e}{subsubsection*.4723}% 992
\BOOKMARK [4][-]{paragraph*.4726}{\376\377\000H\000i\000g\000h\000l\000i\000g\000h\000t\000e\000d\000\040\000d\000a\000y\000s}{subsubsection*.4723}% 993
\BOOKMARK [4][-]{paragraph*.4727}{\376\377\000N\000a\000m\000e\000\040\000o\000f\000\040\000t\000h\000e\000\040\000d\000a\000y\000s}{subsubsection*.4723}% 994
\BOOKMARK [4][-]{paragraph*.4728}{\376\377\000C\000u\000s\000t\000o\000m\000\040\000y\000e\000a\000r\000\040\000l\000i\000s\000t}{subsubsection*.4723}% 995
\BOOKMARK [3][-]{subsubsection*.4729}{\376\377\000E\000v\000e\000n\000t\000s}{subsection.6.3.2}% 996
\BOOKMARK [3][-]{subsubsection*.4730}{\376\377\000K\000e\000y\000s}{subsection.6.3.2}% 997
\BOOKMARK [3][-]{subsubsection*.4731}{\376\377\000H\000e\000a\000d\000e\000r\000s}{subsection.6.3.2}% 998
\BOOKMARK [4][-]{paragraph*.4732}{\376\377\000A\000r\000r\000o\000w\000\040\000b\000u\000t\000t\000o\000n\000s}{subsubsection*.4731}% 999
\BOOKMARK [4][-]{paragraph*.4733}{\376\377\000D\000r\000o\000p\000-\000d\000o\000w\000n}{subsubsection*.4731}% 1000
\BOOKMARK [3][-]{subsubsection*.4734}{\376\377\000E\000x\000a\000m\000p\000l\000e}{subsection.6.3.2}% 1001
\BOOKMARK [4][-]{paragraph*.4735}{\376\377\000C\000a\000l\000e\000n\000d\000a\000r\000\040\000w\000i\000t\000h\000\040\000h\000e\000a\000d\000e\000r}{subsubsection*.4734}% 1002
\BOOKMARK [3][-]{subsubsection*.4736}{\376\377\000A\000P\000I}{subsection.6.3.2}% 1003
\BOOKMARK [2][-]{subsection.6.3.3}{\376\377\000C\000h\000a\000r\000t\000\040\000\050\000l\000v\000\137\000c\000h\000a\000r\000t\000\051}{section.6.3}% 1004
\BOOKMARK [3][-]{subsubsection*.4798}{\376\377\000O\000v\000e\000r\000v\000i\000e\000w}{subsection.6.3.3}% 1005
\BOOKMARK [3][-]{subsubsection*.4799}{\376\377\000P\000a\000r\000t\000s\000\040\000a\000n\000d\000\040\000S\000t\000y\000l\000e\000s}{subsection.6.3.3}% 1006
\BOOKMARK [3][-]{subsubsection*.4800}{\376\377\000U\000s\000a\000g\000e}{subsection.6.3.3}% 1007
\BOOKMARK [4][-]{paragraph*.4801}{\376\377\000C\000h\000a\000r\000t\000\040\000t\000y\000p\000e}{subsubsection*.4800}% 1008
\BOOKMARK [4][-]{paragraph*.4802}{\376\377\000D\000a\000t\000a\000\040\000s\000e\000r\000i\000e\000s}{subsubsection*.4800}% 1009
\BOOKMARK [4][-]{paragraph*.4803}{\376\377\000M\000o\000d\000i\000f\000y\000\040\000t\000h\000e\000\040\000d\000a\000t\000a}{subsubsection*.4800}% 1010
\BOOKMARK [4][-]{paragraph*.4804}{\376\377\000U\000p\000d\000a\000t\000e\000\040\000m\000o\000d\000e\000s}{subsubsection*.4800}% 1011
\BOOKMARK [4][-]{paragraph*.4805}{\376\377\000N\000u\000m\000b\000e\000r\000\040\000o\000f\000\040\000p\000o\000i\000n\000t\000s}{subsubsection*.4800}% 1012
\BOOKMARK [5][-]{subparagraph*.4806}{\376\377\000H\000a\000n\000d\000l\000i\000n\000g\000\040\000l\000a\000r\000g\000e\000\040\000n\000u\000m\000b\000e\000r\000\040\000o\000f\000\040\000p\000o\000i\000n\000t\000s}{paragraph*.4805}% 1013
\BOOKMARK [4][-]{paragraph*.4807}{\376\377\000V\000e\000r\000t\000i\000c\000a\000l\000\040\000r\000a\000n\000g\000e}{subsubsection*.4800}% 1014
\BOOKMARK [4][-]{paragraph*.4808}{\376\377\000D\000i\000v\000i\000s\000i\000o\000n\000\040\000l\000i\000n\000e\000s}{subsubsection*.4800}% 1015
\BOOKMARK [4][-]{paragraph*.4809}{\376\377\000O\000v\000e\000r\000r\000i\000d\000e\000\040\000d\000e\000f\000a\000u\000l\000t\000\040\000s\000t\000a\000r\000t\000\040\000p\000o\000i\000n\000t\000\040\000f\000o\000r\000\040\000s\000e\000r\000i\000e\000s}{subsubsection*.4800}% 1016
\BOOKMARK [4][-]{paragraph*.4810}{\376\377\000T\000i\000c\000k\000\040\000m\000a\000r\000k\000s\000\040\000a\000n\000d\000\040\000l\000a\000b\000e\000l\000s}{subsubsection*.4800}% 1017
\BOOKMARK [4][-]{paragraph*.4811}{\376\377\000Z\000o\000o\000m}{subsubsection*.4800}% 1018
\BOOKMARK [4][-]{paragraph*.4812}{\376\377\000C\000u\000r\000s\000o\000r}{subsubsection*.4800}% 1019
\BOOKMARK [3][-]{subsubsection*.4813}{\376\377\000E\000v\000e\000n\000t\000s}{subsection.6.3.3}% 1020
\BOOKMARK [3][-]{subsubsection*.4814}{\376\377\000K\000e\000y\000s}{subsection.6.3.3}% 1021
\BOOKMARK [3][-]{subsubsection*.4815}{\376\377\000E\000x\000a\000m\000p\000l\000e}{subsection.6.3.3}% 1022
\BOOKMARK [4][-]{paragraph*.4816}{\376\377\000L\000i\000n\000e\000\040\000C\000h\000a\000r\000t}{subsubsection*.4815}% 1023
\BOOKMARK [4][-]{paragraph*.4817}{\376\377\000F\000a\000d\000e\000d\000\040\000a\000r\000e\000a\000\040\000l\000i\000n\000e\000\040\000c\000h\000a\000r\000t\000\040\000w\000i\000t\000h\000\040\000c\000u\000s\000t\000o\000m\000\040\000d\000i\000v\000i\000s\000i\000o\000n\000\040\000l\000i\000n\000e\000s}{subsubsection*.4815}% 1024
\BOOKMARK [4][-]{paragraph*.4818}{\376\377\000A\000x\000i\000s\000\040\000t\000i\000c\000k\000s\000\040\000a\000n\000d\000\040\000l\000a\000b\000e\000l\000s\000\040\000w\000i\000t\000h\000\040\000s\000c\000r\000o\000l\000l\000i\000n\000g}{subsubsection*.4815}% 1025
\BOOKMARK [4][-]{paragraph*.4819}{\376\377\000S\000h\000o\000w\000\040\000t\000h\000e\000\040\000v\000a\000l\000u\000e\000\040\000o\000f\000\040\000t\000h\000e\000\040\000p\000r\000e\000s\000s\000e\000d\000\040\000p\000o\000i\000n\000t\000s}{subsubsection*.4815}% 1026
\BOOKMARK [4][-]{paragraph*.4820}{\376\377\000D\000i\000s\000p\000l\000a\000y\000\040\0001\0000\0000\0000\000\040\000d\000a\000t\000a\000\040\000p\000o\000i\000n\000t\000s\000\040\000w\000i\000t\000h\000\040\000z\000o\000o\000m\000i\000n\000g\000\040\000a\000n\000d\000\040\000s\000c\000r\000o\000l\000l\000i\000n\000g}{subsubsection*.4815}% 1027
\BOOKMARK [4][-]{paragraph*.4821}{\376\377\000S\000h\000o\000w\000\040\000c\000u\000r\000s\000o\000r\000\040\000o\000n\000\040\000t\000h\000e\000\040\000c\000l\000i\000c\000k\000e\000d\000\040\000p\000o\000i\000n\000t}{subsubsection*.4815}% 1028
\BOOKMARK [4][-]{paragraph*.4822}{\376\377\000S\000c\000a\000t\000t\000e\000r\000\040\000c\000h\000a\000r\000t}{subsubsection*.4815}% 1029
\BOOKMARK [4][-]{paragraph*.4823}{\376\377\000S\000t\000a\000c\000k\000e\000d\000\040\000a\000r\000e\000a\000\040\000c\000h\000a\000r\000t}{subsubsection*.4815}% 1030
\BOOKMARK [3][-]{subsubsection*.4824}{\376\377\000A\000P\000I}{subsection.6.3.3}% 1031
\BOOKMARK [2][-]{subsection.6.3.4}{\376\377\000C\000o\000l\000o\000r\000\040\000w\000h\000e\000e\000l\000\040\000\050\000l\000v\000\137\000c\000o\000l\000o\000r\000w\000h\000e\000e\000l\000\051}{section.6.3}% 1032
\BOOKMARK [3][-]{subsubsection*.5070}{\376\377\000O\000v\000e\000r\000v\000i\000e\000w}{subsection.6.3.4}% 1033
\BOOKMARK [3][-]{subsubsection*.5071}{\376\377\000P\000a\000r\000t\000s\000\040\000a\000n\000d\000\040\000S\000t\000y\000l\000e\000s}{subsection.6.3.4}% 1034
\BOOKMARK [3][-]{subsubsection*.5072}{\376\377\000U\000s\000a\000g\000e}{subsection.6.3.4}% 1035
\BOOKMARK [4][-]{paragraph*.5073}{\376\377\000C\000r\000e\000a\000t\000e\000\040\000a\000\040\000c\000o\000l\000o\000r\000\040\000w\000h\000e\000e\000l}{subsubsection*.5072}% 1036
\BOOKMARK [4][-]{paragraph*.5074}{\376\377\000S\000e\000t\000\040\000c\000o\000l\000o\000r}{subsubsection*.5072}% 1037
\BOOKMARK [4][-]{paragraph*.5075}{\376\377\000C\000o\000l\000o\000r\000\040\000m\000o\000d\000e}{subsubsection*.5072}% 1038
\BOOKMARK [3][-]{subsubsection*.5076}{\376\377\000E\000v\000e\000n\000t\000s}{subsection.6.3.4}% 1039
\BOOKMARK [3][-]{subsubsection*.5077}{\376\377\000K\000e\000y\000s}{subsection.6.3.4}% 1040
\BOOKMARK [3][-]{subsubsection*.5078}{\376\377\000E\000x\000a\000m\000p\000l\000e}{subsection.6.3.4}% 1041
\BOOKMARK [4][-]{paragraph*.5079}{\376\377\000S\000i\000m\000p\000l\000e\000\040\000C\000o\000l\000o\000r\000w\000h\000e\000e\000l}{subsubsection*.5078}% 1042
\BOOKMARK [3][-]{subsubsection*.5080}{\376\377\000A\000P\000I}{subsection.6.3.4}% 1043
\BOOKMARK [2][-]{subsection.6.3.5}{\376\377\000I\000m\000a\000g\000e\000\040\000b\000u\000t\000t\000o\000n\000\040\000\050\000l\000v\000\137\000i\000m\000g\000b\000t\000n\000\051}{section.6.3}% 1044
\BOOKMARK [3][-]{subsubsection*.5142}{\376\377\000O\000v\000e\000r\000v\000i\000e\000w}{subsection.6.3.5}% 1045
\BOOKMARK [3][-]{subsubsection*.5143}{\376\377\000P\000a\000r\000t\000s\000\040\000a\000n\000d\000\040\000S\000t\000y\000l\000e\000s}{subsection.6.3.5}% 1046
\BOOKMARK [3][-]{subsubsection*.5144}{\376\377\000U\000s\000a\000g\000e}{subsection.6.3.5}% 1047
\BOOKMARK [4][-]{paragraph*.5145}{\376\377\000I\000m\000a\000g\000e\000\040\000s\000o\000u\000r\000c\000e\000s}{subsubsection*.5144}% 1048
\BOOKMARK [4][-]{paragraph*.5146}{\376\377\000S\000t\000a\000t\000e\000s}{subsubsection*.5144}% 1049
\BOOKMARK [3][-]{subsubsection*.5147}{\376\377\000E\000v\000e\000n\000t\000s}{subsection.6.3.5}% 1050
\BOOKMARK [3][-]{subsubsection*.5148}{\376\377\000K\000e\000y\000s}{subsection.6.3.5}% 1051
\BOOKMARK [3][-]{subsubsection*.5149}{\376\377\000E\000x\000a\000m\000p\000l\000e}{subsection.6.3.5}% 1052
\BOOKMARK [4][-]{paragraph*.5150}{\376\377\000S\000i\000m\000p\000l\000e\000\040\000I\000m\000a\000g\000e\000\040\000b\000u\000t\000t\000o\000n}{subsubsection*.5149}% 1053
\BOOKMARK [3][-]{subsubsection*.5151}{\376\377\000A\000P\000I}{subsection.6.3.5}% 1054
\BOOKMARK [2][-]{subsection.6.3.6}{\376\377\000K\000e\000y\000b\000o\000a\000r\000d\000\040\000\050\000l\000v\000\137\000k\000e\000y\000b\000o\000a\000r\000d\000\051}{section.6.3}% 1055
\BOOKMARK [3][-]{subsubsection*.5200}{\376\377\000O\000v\000e\000r\000v\000i\000e\000w}{subsection.6.3.6}% 1056
\BOOKMARK [3][-]{subsubsection*.5201}{\376\377\000P\000a\000r\000t\000s\000\040\000a\000n\000d\000\040\000S\000t\000y\000l\000e\000s}{subsection.6.3.6}% 1057
\BOOKMARK [3][-]{subsubsection*.5202}{\376\377\000U\000s\000a\000g\000e}{subsection.6.3.6}% 1058
\BOOKMARK [4][-]{paragraph*.5203}{\376\377\000M\000o\000d\000e\000s}{subsubsection*.5202}% 1059
\BOOKMARK [4][-]{paragraph*.5204}{\376\377\000A\000s\000s\000i\000g\000n\000\040\000T\000e\000x\000t\000\040\000a\000r\000e\000a}{subsubsection*.5202}% 1060
\BOOKMARK [4][-]{paragraph*.5205}{\376\377\000K\000e\000y\000\040\000P\000o\000p\000o\000v\000e\000r\000s}{subsubsection*.5202}% 1061
\BOOKMARK [4][-]{paragraph*.5206}{\376\377\000N\000e\000w\000\040\000K\000e\000y\000m\000a\000p}{subsubsection*.5202}% 1062
\BOOKMARK [3][-]{subsubsection*.5207}{\376\377\000E\000v\000e\000n\000t\000s}{subsection.6.3.6}% 1063
\BOOKMARK [3][-]{subsubsection*.5208}{\376\377\000K\000e\000y\000s}{subsection.6.3.6}% 1064
\BOOKMARK [3][-]{subsubsection*.5209}{\376\377\000E\000x\000a\000m\000p\000l\000e\000s}{subsection.6.3.6}% 1065
\BOOKMARK [4][-]{paragraph*.5210}{\376\377\000K\000e\000y\000b\000o\000a\000r\000d\000\040\000w\000i\000t\000h\000\040\000t\000e\000x\000t\000\040\000a\000r\000e\000a}{subsubsection*.5209}% 1066
\BOOKMARK [3][-]{subsubsection*.5211}{\376\377\000A\000P\000I}{subsection.6.3.6}% 1067
\BOOKMARK [2][-]{subsection.6.3.7}{\376\377\000L\000E\000D\000\040\000\050\000l\000v\000\137\000l\000e\000d\000\051}{section.6.3}% 1068
\BOOKMARK [3][-]{subsubsection*.5280}{\376\377\000O\000v\000e\000r\000v\000i\000e\000w}{subsection.6.3.7}% 1069
\BOOKMARK [3][-]{subsubsection*.5281}{\376\377\000P\000a\000r\000t\000s\000\040\000a\000n\000d\000\040\000S\000t\000y\000l\000e\000s}{subsection.6.3.7}% 1070
\BOOKMARK [3][-]{subsubsection*.5282}{\376\377\000U\000s\000a\000g\000e}{subsection.6.3.7}% 1071
\BOOKMARK [4][-]{paragraph*.5283}{\376\377\000C\000o\000l\000o\000r}{subsubsection*.5282}% 1072
\BOOKMARK [4][-]{paragraph*.5284}{\376\377\000B\000r\000i\000g\000h\000t\000n\000e\000s\000s}{subsubsection*.5282}% 1073
\BOOKMARK [4][-]{paragraph*.5285}{\376\377\000T\000o\000g\000g\000l\000e}{subsubsection*.5282}% 1074
\BOOKMARK [3][-]{subsubsection*.5286}{\376\377\000E\000v\000e\000n\000t\000s}{subsection.6.3.7}% 1075
\BOOKMARK [3][-]{subsubsection*.5287}{\376\377\000K\000e\000y\000s}{subsection.6.3.7}% 1076
\BOOKMARK [3][-]{subsubsection*.5288}{\376\377\000E\000x\000a\000m\000p\000l\000e}{subsection.6.3.7}% 1077
\BOOKMARK [4][-]{paragraph*.5289}{\376\377\000L\000E\000D\000\040\000w\000i\000t\000h\000\040\000c\000u\000s\000t\000o\000m\000\040\000s\000t\000y\000l\000e}{subsubsection*.5288}% 1078
\BOOKMARK [3][-]{subsubsection*.5290}{\376\377\000A\000P\000I}{subsection.6.3.7}% 1079
\BOOKMARK [2][-]{subsection.6.3.8}{\376\377\000L\000i\000s\000t\000\040\000\050\000l\000v\000\137\000l\000i\000s\000t\000\051}{section.6.3}% 1080
\BOOKMARK [3][-]{subsubsection*.5326}{\376\377\000O\000v\000e\000r\000v\000i\000e\000w}{subsection.6.3.8}% 1081
\BOOKMARK [3][-]{subsubsection*.5327}{\376\377\000P\000a\000r\000t\000s\000\040\000a\000n\000d\000\040\000S\000t\000y\000l\000e\000s}{subsection.6.3.8}% 1082
\BOOKMARK [3][-]{subsubsection*.5328}{\376\377\000U\000s\000a\000g\000e}{subsection.6.3.8}% 1083
\BOOKMARK [4][-]{paragraph*.5329}{\376\377\000B\000u\000t\000t\000o\000n\000s}{subsubsection*.5328}% 1084
\BOOKMARK [4][-]{paragraph*.5330}{\376\377\000T\000e\000x\000t\000s}{subsubsection*.5328}% 1085
\BOOKMARK [3][-]{subsubsection*.5331}{\376\377\000E\000v\000e\000n\000t\000s}{subsection.6.3.8}% 1086
\BOOKMARK [3][-]{subsubsection*.5332}{\376\377\000K\000e\000y\000s}{subsection.6.3.8}% 1087
\BOOKMARK [3][-]{subsubsection*.5333}{\376\377\000E\000x\000a\000m\000p\000l\000e}{subsection.6.3.8}% 1088
\BOOKMARK [4][-]{paragraph*.5334}{\376\377\000S\000i\000m\000p\000l\000e\000\040\000L\000i\000s\000t}{subsubsection*.5333}% 1089
\BOOKMARK [4][-]{paragraph*.5335}{\376\377\000S\000o\000r\000t\000i\000n\000g\000\040\000a\000\040\000L\000i\000s\000t\000\040\000u\000s\000i\000n\000g\000\040\000u\000p\000\040\000a\000n\000d\000\040\000d\000o\000w\000n\000\040\000b\000u\000t\000t\000o\000n\000s}{subsubsection*.5333}% 1090
\BOOKMARK [3][-]{subsubsection*.5336}{\376\377\000A\000P\000I}{subsection.6.3.8}% 1091
\BOOKMARK [2][-]{subsection.6.3.9}{\376\377\000M\000e\000n\000u\000\040\000\050\000l\000v\000\137\000m\000e\000n\000u\000\051}{section.6.3}% 1092
\BOOKMARK [3][-]{subsubsection*.5355}{\376\377\000O\000v\000e\000r\000v\000i\000e\000w}{subsection.6.3.9}% 1093
\BOOKMARK [3][-]{subsubsection*.5356}{\376\377\000P\000a\000r\000t\000s\000\040\000a\000n\000d\000\040\000S\000t\000y\000l\000e\000s}{subsection.6.3.9}% 1094
\BOOKMARK [3][-]{subsubsection*.5357}{\376\377\000U\000s\000a\000g\000e}{subsection.6.3.9}% 1095
\BOOKMARK [4][-]{paragraph*.5358}{\376\377\000C\000r\000e\000a\000t\000e\000\040\000a\000\040\000m\000e\000n\000u}{subsubsection*.5357}% 1096
\BOOKMARK [4][-]{paragraph*.5359}{\376\377\000H\000e\000a\000d\000e\000r\000\040\000m\000o\000d\000e}{subsubsection*.5357}% 1097
\BOOKMARK [4][-]{paragraph*.5360}{\376\377\000R\000o\000o\000t\000\040\000b\000a\000c\000k\000\040\000b\000u\000t\000t\000o\000n\000\040\000m\000o\000d\000e}{subsubsection*.5357}% 1098
\BOOKMARK [4][-]{paragraph*.5361}{\376\377\000C\000r\000e\000a\000t\000e\000\040\000a\000\040\000m\000e\000n\000u\000\040\000p\000a\000g\000e}{subsubsection*.5357}% 1099
\BOOKMARK [4][-]{paragraph*.5362}{\376\377\000S\000e\000t\000\040\000a\000\040\000m\000e\000n\000u\000\040\000p\000a\000g\000e\000\040\000i\000n\000\040\000t\000h\000e\000\040\000m\000a\000i\000n\000\040\000a\000r\000e\000a}{subsubsection*.5357}% 1100
\BOOKMARK [4][-]{paragraph*.5363}{\376\377\000S\000e\000t\000\040\000a\000\040\000m\000e\000n\000u\000\040\000p\000a\000g\000e\000\040\000i\000n\000\040\000t\000h\000e\000\040\000s\000i\000d\000e\000b\000a\000r}{subsubsection*.5357}% 1101
\BOOKMARK [4][-]{paragraph*.5364}{\376\377\000L\000i\000n\000k\000i\000n\000g\000\040\000b\000e\000t\000w\000e\000e\000n\000\040\000m\000e\000n\000u\000\040\000p\000a\000g\000e\000s}{subsubsection*.5357}% 1102
\BOOKMARK [4][-]{paragraph*.5365}{\376\377\000C\000r\000e\000a\000t\000e\000\040\000a\000\040\000m\000e\000n\000u\000\040\000c\000o\000n\000t\000a\000i\000n\000e\000r\000,\000\040\000s\000e\000c\000t\000i\000o\000n\000,\000\040\000s\000e\000p\000a\000r\000a\000t\000o\000r}{subsubsection*.5357}% 1103
\BOOKMARK [3][-]{subsubsection*.5366}{\376\377\000E\000v\000e\000n\000t\000s}{subsection.6.3.9}% 1104
\BOOKMARK [3][-]{subsubsection*.5367}{\376\377\000K\000e\000y\000s}{subsection.6.3.9}% 1105
\BOOKMARK [3][-]{subsubsection*.5368}{\376\377\000E\000x\000a\000m\000p\000l\000e}{subsection.6.3.9}% 1106
\BOOKMARK [4][-]{paragraph*.5369}{\376\377\000S\000i\000m\000p\000l\000e\000\040\000M\000e\000n\000u}{subsubsection*.5368}% 1107
\BOOKMARK [4][-]{paragraph*.5370}{\376\377\000S\000i\000m\000p\000l\000e\000\040\000M\000e\000n\000u\000\040\000w\000i\000t\000h\000\040\000r\000o\000o\000t\000\040\000b\000t\000n}{subsubsection*.5368}% 1108
\BOOKMARK [4][-]{paragraph*.5371}{\376\377\000S\000i\000m\000p\000l\000e\000\040\000M\000e\000n\000u\000\040\000w\000i\000t\000h\000\040\000c\000u\000s\000t\000o\000m\000\040\000h\000e\000a\000d\000e\000r}{subsubsection*.5368}% 1109
\BOOKMARK [4][-]{paragraph*.5372}{\376\377\000S\000i\000m\000p\000l\000e\000\040\000M\000e\000n\000u\000\040\000w\000i\000t\000h\000\040\000f\000l\000o\000a\000t\000i\000n\000g\000\040\000b\000t\000n\000\040\000t\000o\000\040\000a\000d\000d\000\040\000n\000e\000w\000\040\000m\000e\000n\000u\000\040\000p\000a\000g\000e}{subsubsection*.5368}% 1110
\BOOKMARK [4][-]{paragraph*.5373}{\376\377\000C\000o\000m\000p\000l\000e\000x\000\040\000M\000e\000n\000u}{subsubsection*.5368}% 1111
\BOOKMARK [3][-]{subsubsection*.5374}{\376\377\000A\000P\000I}{subsection.6.3.9}% 1112
\BOOKMARK [2][-]{subsection.6.3.10}{\376\377\000M\000e\000t\000e\000r\000\040\000\050\000l\000v\000\137\000m\000e\000t\000e\000r\000\051}{section.6.3}% 1113
\BOOKMARK [3][-]{subsubsection*.5522}{\376\377\000O\000v\000e\000r\000v\000i\000e\000w}{subsection.6.3.10}% 1114
\BOOKMARK [3][-]{subsubsection*.5523}{\376\377\000P\000a\000r\000t\000s\000\040\000a\000n\000d\000\040\000S\000t\000y\000l\000e\000s}{subsection.6.3.10}% 1115
\BOOKMARK [3][-]{subsubsection*.5524}{\376\377\000U\000s\000a\000g\000e}{subsection.6.3.10}% 1116
\BOOKMARK [4][-]{paragraph*.5525}{\376\377\000A\000d\000d\000\040\000a\000\040\000s\000c\000a\000l\000e}{subsubsection*.5524}% 1117
\BOOKMARK [4][-]{paragraph*.5526}{\376\377\000A\000d\000d\000\040\000i\000n\000d\000i\000c\000a\000t\000o\000r\000s}{subsubsection*.5524}% 1118
\BOOKMARK [5][-]{subparagraph*.5527}{\376\377\000N\000e\000e\000d\000l\000e\000\040\000l\000i\000n\000e}{paragraph*.5526}% 1119
\BOOKMARK [5][-]{subparagraph*.5528}{\376\377\000N\000e\000e\000d\000l\000e\000\040\000i\000m\000a\000g\000e}{paragraph*.5526}% 1120
\BOOKMARK [5][-]{subparagraph*.5529}{\376\377\000A\000r\000c}{paragraph*.5526}% 1121
\BOOKMARK [5][-]{subparagraph*.5530}{\376\377\000S\000c\000a\000l\000e\000\040\000l\000i\000n\000e\000s\000\040\000\050\000t\000i\000c\000k\000s\000\051}{paragraph*.5526}% 1122
\BOOKMARK [3][-]{subsubsection*.5531}{\376\377\000E\000v\000e\000n\000t\000s}{subsection.6.3.10}% 1123
\BOOKMARK [3][-]{subsubsection*.5532}{\376\377\000K\000e\000y\000s}{subsection.6.3.10}% 1124
\BOOKMARK [3][-]{subsubsection*.5533}{\376\377\000E\000x\000a\000m\000p\000l\000e}{subsection.6.3.10}% 1125
\BOOKMARK [4][-]{paragraph*.5534}{\376\377\000S\000i\000m\000p\000l\000e\000\040\000m\000e\000t\000e\000r}{subsubsection*.5533}% 1126
\BOOKMARK [4][-]{paragraph*.5535}{\376\377\000A\000\040\000m\000e\000t\000e\000r\000\040\000w\000i\000t\000h\000\040\000m\000u\000l\000t\000i\000p\000l\000e\000\040\000a\000r\000c\000s}{subsubsection*.5533}% 1127
\BOOKMARK [4][-]{paragraph*.5536}{\376\377\000A\000\040\000c\000l\000o\000c\000k\000\040\000f\000r\000o\000m\000\040\000a\000\040\000m\000e\000t\000e\000r}{subsubsection*.5533}% 1128
\BOOKMARK [4][-]{paragraph*.5537}{\376\377\000P\000i\000e\000\040\000c\000h\000a\000r\000t}{subsubsection*.5533}% 1129
\BOOKMARK [3][-]{subsubsection*.5538}{\376\377\000A\000P\000I}{subsection.6.3.10}% 1130
\BOOKMARK [2][-]{subsection.6.3.11}{\376\377\000M\000e\000s\000s\000a\000g\000e\000\040\000b\000o\000x\000\040\000\050\000l\000v\000\137\000m\000s\000g\000b\000o\000x\000\051}{section.6.3}% 1131
\BOOKMARK [3][-]{subsubsection*.5677}{\376\377\000O\000v\000e\000r\000v\000i\000e\000w}{subsection.6.3.11}% 1132
\BOOKMARK [3][-]{subsubsection*.5678}{\376\377\000P\000a\000r\000t\000s\000\040\000a\000n\000d\000\040\000S\000t\000y\000l\000e\000s}{subsection.6.3.11}% 1133
\BOOKMARK [3][-]{subsubsection*.5679}{\376\377\000U\000s\000a\000g\000e}{subsection.6.3.11}% 1134
\BOOKMARK [4][-]{paragraph*.5680}{\376\377\000C\000r\000e\000a\000t\000e\000\040\000a\000\040\000m\000e\000s\000s\000a\000g\000e\000\040\000b\000o\000x}{subsubsection*.5679}% 1135
\BOOKMARK [4][-]{paragraph*.5681}{\376\377\000G\000e\000t\000\040\000t\000h\000e\000\040\000p\000a\000r\000t\000s}{subsubsection*.5679}% 1136
\BOOKMARK [4][-]{paragraph*.5682}{\376\377\000C\000l\000o\000s\000e\000\040\000t\000h\000e\000\040\000m\000e\000s\000s\000a\000g\000e\000\040\000b\000o\000x}{subsubsection*.5679}% 1137
\BOOKMARK [3][-]{subsubsection*.5683}{\376\377\000E\000v\000e\000n\000t\000s}{subsection.6.3.11}% 1138
\BOOKMARK [3][-]{subsubsection*.5684}{\376\377\000K\000e\000y\000s}{subsection.6.3.11}% 1139
\BOOKMARK [3][-]{subsubsection*.5685}{\376\377\000E\000x\000a\000m\000p\000l\000e}{subsection.6.3.11}% 1140
\BOOKMARK [4][-]{paragraph*.5686}{\376\377\000S\000i\000m\000p\000l\000e\000\040\000M\000e\000s\000s\000a\000g\000e\000\040\000b\000o\000x}{subsubsection*.5685}% 1141
\BOOKMARK [3][-]{subsubsection*.5687}{\376\377\000A\000P\000I}{subsection.6.3.11}% 1142
\BOOKMARK [2][-]{subsection.6.3.12}{\376\377\000S\000p\000a\000n\000\040\000\050\000l\000v\000\137\000s\000p\000a\000n\000\051}{section.6.3}% 1143
\BOOKMARK [3][-]{subsubsection*.5738}{\376\377\000O\000v\000e\000r\000v\000i\000e\000w}{subsection.6.3.12}% 1144
\BOOKMARK [3][-]{subsubsection*.5739}{\376\377\000P\000a\000r\000t\000s\000\040\000a\000n\000d\000\040\000S\000t\000y\000l\000e\000s}{subsection.6.3.12}% 1145
\BOOKMARK [3][-]{subsubsection*.5740}{\376\377\000U\000s\000a\000g\000e}{subsection.6.3.12}% 1146
\BOOKMARK [4][-]{paragraph*.5741}{\376\377\000S\000e\000t\000\040\000t\000e\000x\000t\000\040\000a\000n\000d\000\040\000s\000t\000y\000l\000e}{subsubsection*.5740}% 1147
\BOOKMARK [4][-]{paragraph*.5742}{\376\377\000R\000e\000t\000r\000i\000e\000v\000i\000n\000g\000\040\000a\000\040\000s\000p\000a\000n\000\040\000c\000h\000i\000l\000d}{subsubsection*.5740}% 1148
\BOOKMARK [4][-]{paragraph*.5743}{\376\377\000C\000h\000i\000l\000d\000\040\000C\000o\000u\000n\000t}{subsubsection*.5740}% 1149
\BOOKMARK [4][-]{paragraph*.5744}{\376\377\000T\000e\000x\000t\000\040\000a\000l\000i\000g\000n}{subsubsection*.5740}% 1150
\BOOKMARK [4][-]{paragraph*.5745}{\376\377\000M\000o\000d\000e\000s}{subsubsection*.5740}% 1151
\BOOKMARK [4][-]{paragraph*.5746}{\376\377\000O\000v\000e\000r\000f\000l\000o\000w}{subsubsection*.5740}% 1152
\BOOKMARK [4][-]{paragraph*.5747}{\376\377\000f\000i\000r\000s\000t\000\040\000l\000i\000n\000e\000\040\000i\000n\000d\000e\000n\000t}{subsubsection*.5740}% 1153
\BOOKMARK [4][-]{paragraph*.5748}{\376\377\000l\000i\000n\000e\000s}{subsubsection*.5740}% 1154
\BOOKMARK [3][-]{subsubsection*.5749}{\376\377\000E\000v\000e\000n\000t\000s}{subsection.6.3.12}% 1155
\BOOKMARK [3][-]{subsubsection*.5750}{\376\377\000K\000e\000y\000s}{subsection.6.3.12}% 1156
\BOOKMARK [3][-]{subsubsection*.5751}{\376\377\000E\000x\000a\000m\000p\000l\000e}{subsection.6.3.12}% 1157
\BOOKMARK [4][-]{paragraph*.5752}{\376\377\000S\000p\000a\000n\000\040\000w\000i\000t\000h\000\040\000c\000u\000s\000t\000o\000m\000\040\000s\000t\000y\000l\000e\000s}{subsubsection*.5751}% 1158
\BOOKMARK [3][-]{subsubsection*.5753}{\376\377\000A\000P\000I}{subsection.6.3.12}% 1159
\BOOKMARK [2][-]{subsection.6.3.13}{\376\377\000S\000p\000i\000n\000b\000o\000x\000\040\000\050\000l\000v\000\137\000s\000p\000i\000n\000b\000o\000x\000\051}{section.6.3}% 1160
\BOOKMARK [3][-]{subsubsection*.5867}{\376\377\000O\000v\000e\000r\000v\000i\000e\000w}{subsection.6.3.13}% 1161
\BOOKMARK [3][-]{subsubsection*.5868}{\376\377\000P\000a\000r\000t\000s\000\040\000a\000n\000d\000\040\000S\000t\000y\000l\000e\000s}{subsection.6.3.13}% 1162
\BOOKMARK [4][-]{paragraph*.5869}{\376\377\000V\000a\000l\000u\000e\000,\000\040\000r\000a\000n\000g\000e\000\040\000a\000n\000d\000\040\000s\000t\000e\000p}{subsubsection*.5868}% 1163
\BOOKMARK [4][-]{paragraph*.5870}{\376\377\000F\000o\000r\000m\000a\000t}{subsubsection*.5868}% 1164
\BOOKMARK [4][-]{paragraph*.5871}{\376\377\000R\000o\000l\000l\000o\000v\000e\000r}{subsubsection*.5868}% 1165
\BOOKMARK [3][-]{subsubsection*.5872}{\376\377\000E\000v\000e\000n\000t\000s}{subsection.6.3.13}% 1166
\BOOKMARK [3][-]{subsubsection*.5873}{\376\377\000K\000e\000y\000s}{subsection.6.3.13}% 1167
\BOOKMARK [3][-]{subsubsection*.5874}{\376\377\000E\000x\000a\000m\000p\000l\000e}{subsection.6.3.13}% 1168
\BOOKMARK [4][-]{paragraph*.5875}{\376\377\000S\000i\000m\000p\000l\000e\000\040\000S\000p\000i\000n\000b\000o\000x}{subsubsection*.5874}% 1169
\BOOKMARK [3][-]{subsubsection*.5876}{\376\377\000A\000P\000I}{subsection.6.3.13}% 1170
\BOOKMARK [3][-]{subsubsection*.5944}{\376\377\000E\000x\000a\000m\000p\000l\000e}{subsection.6.3.13}% 1171
\BOOKMARK [2][-]{subsection.6.3.14}{\376\377\000S\000p\000i\000n\000n\000e\000r\000\040\000\050\000l\000v\000\137\000s\000p\000i\000n\000n\000e\000r\000\051}{section.6.3}% 1172
\BOOKMARK [3][-]{subsubsection*.5945}{\376\377\000O\000v\000e\000r\000v\000i\000e\000w}{subsection.6.3.14}% 1173
\BOOKMARK [3][-]{subsubsection*.5946}{\376\377\000P\000a\000r\000t\000s\000\040\000a\000n\000d\000\040\000S\000t\000y\000l\000e\000s}{subsection.6.3.14}% 1174
\BOOKMARK [3][-]{subsubsection*.5947}{\376\377\000U\000s\000a\000g\000e}{subsection.6.3.14}% 1175
\BOOKMARK [4][-]{paragraph*.5948}{\376\377\000C\000r\000e\000a\000t\000e\000\040\000a\000\040\000s\000p\000i\000n\000n\000e\000r}{subsubsection*.5947}% 1176
\BOOKMARK [3][-]{subsubsection*.5949}{\376\377\000E\000v\000e\000n\000t\000s}{subsection.6.3.14}% 1177
\BOOKMARK [3][-]{subsubsection*.5950}{\376\377\000K\000e\000y\000s}{subsection.6.3.14}% 1178
\BOOKMARK [3][-]{subsubsection*.5951}{\376\377\000E\000x\000a\000m\000p\000l\000e}{subsection.6.3.14}% 1179
\BOOKMARK [4][-]{paragraph*.5952}{\376\377\000S\000i\000m\000p\000l\000e\000\040\000s\000p\000i\000n\000n\000e\000r}{subsubsection*.5951}% 1180
\BOOKMARK [3][-]{subsubsection*.5953}{\376\377\000A\000P\000I}{subsection.6.3.14}% 1181
\BOOKMARK [2][-]{subsection.6.3.15}{\376\377\000T\000a\000b\000v\000i\000e\000w\000\040\000\050\000l\000v\000\137\000t\000a\000b\000v\000i\000e\000w\000\051}{section.6.3}% 1182
\BOOKMARK [3][-]{subsubsection*.5959}{\376\377\000O\000v\000e\000r\000v\000i\000e\000w}{subsection.6.3.15}% 1183
\BOOKMARK [3][-]{subsubsection*.5960}{\376\377\000P\000a\000r\000t\000s\000\040\000a\000n\000d\000\040\000S\000t\000y\000l\000e\000s}{subsection.6.3.15}% 1184
\BOOKMARK [3][-]{subsubsection*.5961}{\376\377\000U\000s\000a\000g\000e}{subsection.6.3.15}% 1185
\BOOKMARK [4][-]{paragraph*.5962}{\376\377\000C\000r\000e\000a\000t\000e\000\040\000a\000\040\000T\000a\000b\000\040\000v\000i\000e\000w}{subsubsection*.5961}% 1186
\BOOKMARK [4][-]{paragraph*.5963}{\376\377\000A\000d\000d\000\040\000t\000a\000b\000s}{subsubsection*.5961}% 1187
\BOOKMARK [4][-]{paragraph*.5964}{\376\377\000R\000e\000n\000a\000m\000e\000\040\000t\000a\000b\000s}{subsubsection*.5961}% 1188
\BOOKMARK [4][-]{paragraph*.5965}{\376\377\000C\000h\000a\000n\000g\000e\000\040\000t\000a\000b}{subsubsection*.5961}% 1189
\BOOKMARK [4][-]{paragraph*.5966}{\376\377\000G\000e\000t\000\040\000t\000h\000e\000\040\000p\000a\000r\000t\000s}{subsubsection*.5961}% 1190
\BOOKMARK [3][-]{subsubsection*.5967}{\376\377\000E\000v\000e\000n\000t\000s}{subsection.6.3.15}% 1191
\BOOKMARK [3][-]{subsubsection*.5968}{\376\377\000K\000e\000y\000s}{subsection.6.3.15}% 1192
\BOOKMARK [3][-]{subsubsection*.5969}{\376\377\000E\000x\000a\000m\000p\000l\000e}{subsection.6.3.15}% 1193
\BOOKMARK [4][-]{paragraph*.5970}{\376\377\000S\000i\000m\000p\000l\000e\000\040\000T\000a\000b\000v\000i\000e\000w}{subsubsection*.5969}% 1194
\BOOKMARK [4][-]{paragraph*.5971}{\376\377\000T\000a\000b\000s\000\040\000o\000n\000\040\000t\000h\000e\000\040\000l\000e\000f\000t\000,\000\040\000s\000t\000y\000l\000i\000n\000g\000\040\000a\000n\000d\000\040\000n\000o\000\040\000s\000c\000r\000o\000l\000l\000i\000n\000g}{subsubsection*.5969}% 1195
\BOOKMARK [3][-]{subsubsection*.5972}{\376\377\000A\000P\000I}{subsection.6.3.15}% 1196
\BOOKMARK [2][-]{subsection.6.3.16}{\376\377\000T\000i\000l\000e\000\040\000v\000i\000e\000w\000\040\000\050\000l\000v\000\137\000t\000i\000l\000e\000v\000i\000e\000w\000\051}{section.6.3}% 1197
\BOOKMARK [3][-]{subsubsection*.6008}{\376\377\000O\000v\000e\000r\000v\000i\000e\000w}{subsection.6.3.16}% 1198
\BOOKMARK [3][-]{subsubsection*.6009}{\376\377\000P\000a\000r\000t\000s\000\040\000a\000n\000d\000\040\000S\000t\000y\000l\000e\000s}{subsection.6.3.16}% 1199
\BOOKMARK [3][-]{subsubsection*.6010}{\376\377\000U\000s\000a\000g\000e}{subsection.6.3.16}% 1200
\BOOKMARK [4][-]{paragraph*.6011}{\376\377\000A\000d\000d\000\040\000a\000\040\000t\000i\000l\000e}{subsubsection*.6010}% 1201
\BOOKMARK [4][-]{paragraph*.6012}{\376\377\000C\000h\000a\000n\000g\000e\000\040\000t\000i\000l\000e}{subsubsection*.6010}% 1202
\BOOKMARK [3][-]{subsubsection*.6013}{\376\377\000E\000v\000e\000n\000t\000s}{subsection.6.3.16}% 1203
\BOOKMARK [3][-]{subsubsection*.6014}{\376\377\000K\000e\000y\000s}{subsection.6.3.16}% 1204
\BOOKMARK [3][-]{subsubsection*.6015}{\376\377\000E\000x\000a\000m\000p\000l\000e}{subsection.6.3.16}% 1205
\BOOKMARK [4][-]{paragraph*.6016}{\376\377\000T\000i\000l\000e\000v\000i\000e\000w\000\040\000w\000i\000t\000h\000\040\000c\000o\000n\000t\000e\000n\000t}{subsubsection*.6015}% 1206
\BOOKMARK [3][-]{subsubsection*.6017}{\376\377\000A\000P\000I}{subsection.6.3.16}% 1207
\BOOKMARK [2][-]{subsection.6.3.17}{\376\377\000W\000i\000n\000d\000o\000w\000\040\000\050\000l\000v\000\137\000w\000i\000n\000\051}{section.6.3}% 1208
\BOOKMARK [3][-]{subsubsection*.6049}{\376\377\000O\000v\000e\000r\000v\000i\000e\000w}{subsection.6.3.17}% 1209
\BOOKMARK [3][-]{subsubsection*.6050}{\376\377\000P\000a\000r\000t\000s\000\040\000a\000n\000d\000\040\000S\000t\000y\000l\000e\000s}{subsection.6.3.17}% 1210
\BOOKMARK [3][-]{subsubsection*.6051}{\376\377\000U\000s\000a\000g\000e}{subsection.6.3.17}% 1211
\BOOKMARK [4][-]{paragraph*.6052}{\376\377\000C\000r\000e\000a\000t\000e\000\040\000a\000\040\000W\000i\000n\000d\000o\000w}{subsubsection*.6051}% 1212
\BOOKMARK [4][-]{paragraph*.6053}{\376\377\000T\000i\000t\000l\000e\000\040\000a\000n\000d\000\040\000b\000u\000t\000t\000o\000n\000s}{subsubsection*.6051}% 1213
\BOOKMARK [3][-]{subsubsection*.6054}{\376\377\000G\000e\000t\000\040\000t\000h\000e\000\040\000p\000a\000r\000t\000s}{subsection.6.3.17}% 1214
\BOOKMARK [3][-]{subsubsection*.6055}{\376\377\000E\000v\000e\000n\000t\000s}{subsection.6.3.17}% 1215
\BOOKMARK [3][-]{subsubsection*.6056}{\376\377\000K\000e\000y\000s}{subsection.6.3.17}% 1216
\BOOKMARK [3][-]{subsubsection*.6057}{\376\377\000E\000x\000a\000m\000p\000l\000e}{subsection.6.3.17}% 1217
\BOOKMARK [4][-]{paragraph*.6058}{\376\377\000S\000i\000m\000p\000l\000e\000\040\000w\000i\000n\000d\000o\000w}{subsubsection*.6057}% 1218
\BOOKMARK [3][-]{subsubsection*.6059}{\376\377\000A\000P\000I}{subsection.6.3.17}% 1219
\BOOKMARK [0][-]{chapter.7}{\376\377\000L\000a\000y\000o\000u\000t\000s}{}% 1220
\BOOKMARK [1][-]{section.7.1}{\376\377\000F\000l\000e\000x}{chapter.7}% 1221
\BOOKMARK [2][-]{subsection.7.1.1}{\376\377\000O\000v\000e\000r\000v\000i\000e\000w}{section.7.1}% 1222
\BOOKMARK [2][-]{subsection.7.1.2}{\376\377\000T\000e\000r\000m\000s}{section.7.1}% 1223
\BOOKMARK [2][-]{subsection.7.1.3}{\376\377\000S\000i\000m\000p\000l\000e\000\040\000i\000n\000t\000e\000r\000f\000a\000c\000e}{section.7.1}% 1224
\BOOKMARK [3][-]{subsubsection*.6081}{\376\377\000F\000l\000e\000x\000\040\000f\000l\000o\000w}{subsection.7.1.3}% 1225
\BOOKMARK [3][-]{subsubsection*.6082}{\376\377\000F\000l\000e\000x\000\040\000a\000l\000i\000g\000n}{subsection.7.1.3}% 1226
\BOOKMARK [3][-]{subsubsection*.6083}{\376\377\000F\000l\000e\000x\000\040\000g\000r\000o\000w}{subsection.7.1.3}% 1227
\BOOKMARK [2][-]{subsection.7.1.4}{\376\377\000S\000t\000y\000l\000e\000\040\000i\000n\000t\000e\000r\000f\000a\000c\000e}{section.7.1}% 1228
\BOOKMARK [3][-]{subsubsection*.6084}{\376\377\000I\000n\000t\000e\000r\000n\000a\000l\000\040\000p\000a\000d\000d\000i\000n\000g}{subsection.7.1.4}% 1229
\BOOKMARK [2][-]{subsection.7.1.5}{\376\377\000O\000t\000h\000e\000r\000\040\000f\000e\000a\000t\000u\000r\000e\000s}{section.7.1}% 1230
\BOOKMARK [3][-]{subsubsection*.6085}{\376\377\000R\000T\000L}{subsection.7.1.5}% 1231
\BOOKMARK [3][-]{subsubsection*.6086}{\376\377\000N\000e\000w\000\040\000t\000r\000a\000c\000k}{subsection.7.1.5}% 1232
\BOOKMARK [2][-]{subsection.7.1.6}{\376\377\000E\000x\000a\000m\000p\000l\000e}{section.7.1}% 1233
\BOOKMARK [3][-]{subsubsection*.6087}{\376\377\000A\000\040\000s\000i\000m\000p\000l\000e\000\040\000r\000o\000w\000\040\000a\000n\000d\000\040\000a\000\040\000c\000o\000l\000u\000m\000n\000\040\000l\000a\000y\000o\000u\000t\000\040\000w\000i\000t\000h\000\040\000f\000l\000e\000x\000b\000o\000x}{subsection.7.1.6}% 1234
\BOOKMARK [3][-]{subsubsection*.6088}{\376\377\000A\000r\000r\000a\000n\000g\000e\000\040\000i\000t\000e\000m\000s\000\040\000i\000n\000\040\000r\000o\000w\000s\000\040\000w\000i\000t\000h\000\040\000w\000r\000a\000p\000\040\000a\000n\000d\000\040\000e\000v\000e\000n\000\040\000s\000p\000a\000c\000i\000n\000g}{subsection.7.1.6}% 1235
\BOOKMARK [3][-]{subsubsection*.6089}{\376\377\000D\000e\000m\000o\000n\000s\000t\000r\000a\000t\000e\000\040\000f\000l\000e\000x\000\040\000g\000r\000o\000w}{subsection.7.1.6}% 1236
\BOOKMARK [3][-]{subsubsection*.6090}{\376\377\000D\000e\000m\000o\000n\000s\000t\000r\000a\000t\000e\000\040\000f\000l\000e\000x\000\040\000g\000r\000o\000w\000.}{subsection.7.1.6}% 1237
\BOOKMARK [3][-]{subsubsection*.6091}{\376\377\000D\000e\000m\000o\000n\000s\000t\000r\000a\000t\000e\000\040\000c\000o\000l\000u\000m\000n\000\040\000a\000n\000d\000\040\000r\000o\000w\000\040\000g\000a\000p\000\040\000s\000t\000y\000l\000e\000\040\000p\000r\000o\000p\000e\000r\000t\000i\000e\000s}{subsection.7.1.6}% 1238
\BOOKMARK [3][-]{subsubsection*.6092}{\376\377\000R\000T\000L\000\040\000b\000a\000s\000e\000\040\000d\000i\000r\000e\000c\000t\000i\000o\000n\000\040\000c\000h\000a\000n\000g\000e\000s\000\040\000o\000r\000d\000e\000r\000\040\000o\000f\000\040\000t\000h\000e\000\040\000i\000t\000e\000m\000s}{subsection.7.1.6}% 1239
\BOOKMARK [2][-]{subsection.7.1.7}{\376\377\000A\000P\000I}{section.7.1}% 1240
\BOOKMARK [1][-]{section.7.2}{\376\377\000G\000r\000i\000d}{chapter.7}% 1241
\BOOKMARK [2][-]{subsection.7.2.1}{\376\377\000O\000v\000e\000r\000v\000i\000e\000w}{section.7.2}% 1242
\BOOKMARK [2][-]{subsection.7.2.2}{\376\377\000T\000e\000r\000m\000s}{section.7.2}% 1243
\BOOKMARK [2][-]{subsection.7.2.3}{\376\377\000S\000i\000m\000p\000l\000e\000\040\000i\000n\000t\000e\000r\000f\000a\000c\000e}{section.7.2}% 1244
\BOOKMARK [3][-]{subsubsection*.6197}{\376\377\000G\000r\000i\000d\000\040\000d\000e\000s\000c\000r\000i\000p\000t\000o\000r\000s}{subsection.7.2.3}% 1245
\BOOKMARK [3][-]{subsubsection*.6198}{\376\377\000G\000r\000i\000d\000\040\000i\000t\000e\000m\000s}{subsection.7.2.3}% 1246
\BOOKMARK [3][-]{subsubsection*.6199}{\376\377\000G\000r\000i\000d\000\040\000a\000l\000i\000g\000n}{subsection.7.2.3}% 1247
\BOOKMARK [2][-]{subsection.7.2.4}{\376\377\000S\000t\000y\000l\000e\000\040\000i\000n\000t\000e\000r\000f\000a\000c\000e}{section.7.2}% 1248
\BOOKMARK [3][-]{subsubsection*.6200}{\376\377\000I\000n\000t\000e\000r\000n\000a\000l\000\040\000p\000a\000d\000d\000i\000n\000g}{subsection.7.2.4}% 1249
\BOOKMARK [2][-]{subsection.7.2.5}{\376\377\000O\000t\000h\000e\000r\000\040\000f\000e\000a\000t\000u\000r\000e\000s}{section.7.2}% 1250
\BOOKMARK [3][-]{subsubsection*.6201}{\376\377\000R\000T\000L}{subsection.7.2.5}% 1251
\BOOKMARK [2][-]{subsection.7.2.6}{\376\377\000E\000x\000a\000m\000p\000l\000e}{section.7.2}% 1252
\BOOKMARK [3][-]{subsubsection*.6202}{\376\377\000A\000\040\000s\000i\000m\000p\000l\000e\000\040\000g\000r\000i\000d}{subsection.7.2.6}% 1253
\BOOKMARK [3][-]{subsubsection*.6203}{\376\377\000D\000e\000m\000o\000n\000s\000t\000r\000a\000t\000e\000\040\000c\000e\000l\000l\000\040\000p\000l\000a\000c\000e\000m\000e\000n\000t\000\040\000a\000n\000d\000\040\000s\000p\000a\000n}{subsection.7.2.6}% 1254
\BOOKMARK [3][-]{subsubsection*.6204}{\376\377\000D\000e\000m\000o\000n\000s\000t\000r\000a\000t\000e\000\040\000g\000r\000i\000d\000'\000s\000\040\000"\000f\000r\000e\000e\000\040\000u\000n\000i\000t\000"}{subsection.7.2.6}% 1255
\BOOKMARK [3][-]{subsubsection*.6205}{\376\377\000D\000e\000m\000o\000n\000s\000t\000r\000a\000t\000e\000\040\000t\000r\000a\000c\000k\000\040\000p\000l\000a\000c\000e\000m\000e\000n\000t}{subsection.7.2.6}% 1256
\BOOKMARK [3][-]{subsubsection*.6206}{\376\377\000D\000e\000m\000o\000n\000s\000t\000r\000a\000t\000e\000\040\000c\000o\000l\000u\000m\000n\000\040\000a\000n\000d\000\040\000r\000o\000w\000\040\000g\000a\000p}{subsection.7.2.6}% 1257
\BOOKMARK [3][-]{subsubsection*.6207}{\376\377\000D\000e\000m\000o\000n\000s\000t\000r\000a\000t\000e\000\040\000R\000T\000L\000\040\000d\000i\000r\000e\000c\000t\000i\000o\000n\000\040\000o\000n\000\040\000g\000r\000i\000d}{subsection.7.2.6}% 1258
\BOOKMARK [2][-]{subsection.7.2.7}{\376\377\000A\000P\000I}{section.7.2}% 1259
\BOOKMARK [0][-]{chapter.8}{\376\377\0003\000r\000d\000\040\000p\000a\000r\000t\000y\000\040\000l\000i\000b\000r\000a\000r\000i\000e\000s}{}% 1260
\BOOKMARK [1][-]{section.8.1}{\376\377\000F\000i\000l\000e\000\040\000S\000y\000s\000t\000e\000m\000\040\000I\000n\000t\000e\000r\000f\000a\000c\000e\000s}{chapter.8}% 1261
\BOOKMARK [2][-]{subsection.8.1.1}{\376\377\000B\000u\000i\000l\000t\000\040\000i\000n\000\040\000w\000r\000a\000p\000p\000e\000r\000s}{section.8.1}% 1262
\BOOKMARK [3][-]{subsubsection*.6357}{\376\377\000F\000A\000T\000F\000S}{subsection.8.1.1}% 1263
\BOOKMARK [3][-]{subsubsection*.6358}{\376\377\000L\000i\000t\000t\000l\000e\000F\000S}{subsection.8.1.1}% 1264
\BOOKMARK [3][-]{subsubsection*.6359}{\376\377\000S\000T\000D\000I\000O}{subsection.8.1.1}% 1265
\BOOKMARK [3][-]{subsubsection*.6360}{\376\377\000P\000O\000S\000I\000X}{subsection.8.1.1}% 1266
\BOOKMARK [3][-]{subsubsection*.6361}{\376\377\000W\000I\000N\0003\0002}{subsection.8.1.1}% 1267
\BOOKMARK [2][-]{subsection.8.1.2}{\376\377\000U\000s\000a\000g\000e}{section.8.1}% 1268
\BOOKMARK [1][-]{section.8.2}{\376\377\000B\000M\000P\000\040\000d\000e\000c\000o\000d\000e\000r}{chapter.8}% 1269
\BOOKMARK [2][-]{subsection.8.2.1}{\376\377\000L\000i\000m\000i\000t\000a\000t\000i\000o\000n\000s}{section.8.2}% 1270
\BOOKMARK [2][-]{subsection.8.2.2}{\376\377\000E\000x\000a\000m\000p\000l\000e}{section.8.2}% 1271
\BOOKMARK [3][-]{subsubsection*.6362}{\376\377\000O\000p\000e\000n\000\040\000a\000\040\000B\000M\000P\000\040\000i\000m\000a\000g\000e\000\040\000f\000r\000o\000m\000\040\000f\000i\000l\000e}{subsection.8.2.2}% 1272
\BOOKMARK [2][-]{subsection.8.2.3}{\376\377\000A\000P\000I}{section.8.2}% 1273
\BOOKMARK [1][-]{section.8.3}{\376\377\000J\000P\000G\000\040\000d\000e\000c\000o\000d\000e\000r}{chapter.8}% 1274
\BOOKMARK [2][-]{subsection.8.3.1}{\376\377\000O\000v\000e\000r\000v\000i\000e\000w}{section.8.3}% 1275
\BOOKMARK [2][-]{subsection.8.3.2}{\376\377\000U\000s\000a\000g\000e}{section.8.3}% 1276
\BOOKMARK [2][-]{subsection.8.3.3}{\376\377\000C\000o\000n\000v\000e\000r\000t\000e\000r}{section.8.3}% 1277
\BOOKMARK [3][-]{subsubsection*.6366}{\376\377\000C\000o\000n\000v\000e\000r\000t\000i\000n\000g\000\040\000J\000P\000G\000\040\000t\000o\000\040\000C\000\040\000a\000r\000r\000a\000y}{subsection.8.3.3}% 1278
\BOOKMARK [3][-]{subsubsection*.6367}{\376\377\000C\000o\000n\000v\000e\000r\000t\000i\000n\000g\000\040\000J\000P\000G\000\040\000t\000o\000\040\000S\000J\000P\000G}{subsection.8.3.3}% 1279
\BOOKMARK [2][-]{subsection.8.3.4}{\376\377\000E\000x\000a\000m\000p\000l\000e}{section.8.3}% 1280
\BOOKMARK [3][-]{subsubsection*.6368}{\376\377\000L\000o\000a\000d\000\040\000a\000n\000\040\000S\000J\000P\000G\000\040\000i\000m\000a\000g\000e}{subsection.8.3.4}% 1281
\BOOKMARK [2][-]{subsection.8.3.5}{\376\377\000A\000P\000I}{section.8.3}% 1282
\BOOKMARK [1][-]{section.8.4}{\376\377\000P\000N\000G\000\040\000d\000e\000c\000o\000d\000e\000r}{chapter.8}% 1283
\BOOKMARK [2][-]{subsection.8.4.1}{\376\377\000E\000x\000a\000m\000p\000l\000e}{section.8.4}% 1284
\BOOKMARK [3][-]{subsubsection*.6372}{\376\377\000O\000p\000e\000n\000\040\000a\000\040\000P\000N\000G\000\040\000i\000m\000a\000g\000e\000\040\000f\000r\000o\000m\000\040\000f\000i\000l\000e\000\040\000a\000n\000d\000\040\000v\000a\000r\000i\000a\000b\000l\000e}{subsection.8.4.1}% 1285
\BOOKMARK [2][-]{subsection.8.4.2}{\376\377\000A\000P\000I}{section.8.4}% 1286
\BOOKMARK [1][-]{section.8.5}{\376\377\000G\000I\000F\000\040\000d\000e\000c\000o\000d\000e\000r}{chapter.8}% 1287
\BOOKMARK [2][-]{subsection.8.5.1}{\376\377\000C\000o\000n\000v\000e\000r\000t\000\040\000G\000I\000F\000\040\000f\000i\000l\000e\000s\000\040\000t\000o\000\040\000C\000\040\000a\000r\000r\000a\000y}{section.8.5}% 1288
\BOOKMARK [2][-]{subsection.8.5.2}{\376\377\000U\000s\000e\000\040\000G\000I\000F\000\040\000i\000m\000a\000g\000e\000s\000\040\000f\000r\000o\000m\000\040\000f\000i\000l\000e}{section.8.5}% 1289
\BOOKMARK [2][-]{subsection.8.5.3}{\376\377\000M\000e\000m\000o\000r\000y\000\040\000r\000e\000q\000u\000i\000r\000e\000m\000e\000n\000t\000s}{section.8.5}% 1290
\BOOKMARK [2][-]{subsection.8.5.4}{\376\377\000E\000x\000a\000m\000p\000l\000e}{section.8.5}% 1291
\BOOKMARK [3][-]{subsubsection*.6376}{\376\377\000O\000p\000e\000n\000\040\000a\000\040\000G\000I\000F\000\040\000i\000m\000a\000g\000e\000\040\000f\000r\000o\000m\000\040\000f\000i\000l\000e\000\040\000a\000n\000d\000\040\000v\000a\000r\000i\000a\000b\000l\000e}{subsection.8.5.4}% 1292
\BOOKMARK [2][-]{subsection.8.5.5}{\376\377\000A\000P\000I}{section.8.5}% 1293
\BOOKMARK [1][-]{section.8.6}{\376\377\000F\000r\000e\000e\000T\000y\000p\000e\000\040\000s\000u\000p\000p\000o\000r\000t}{chapter.8}% 1294
\BOOKMARK [2][-]{subsection.8.6.1}{\376\377\000I\000n\000s\000t\000a\000l\000l\000\040\000F\000r\000e\000e\000T\000y\000p\000e}{section.8.6}% 1295
\BOOKMARK [2][-]{subsection.8.6.2}{\376\377\000A\000d\000d\000\040\000F\000r\000e\000e\000T\000y\000p\000e\000\040\000t\000o\000\040\000y\000o\000u\000r\000\040\000p\000r\000o\000j\000e\000c\000t}{section.8.6}% 1296
\BOOKMARK [2][-]{subsection.8.6.3}{\376\377\000U\000s\000a\000g\000e}{section.8.6}% 1297
\BOOKMARK [2][-]{subsection.8.6.4}{\376\377\000E\000x\000a\000m\000p\000l\000e}{section.8.6}% 1298
\BOOKMARK [3][-]{subsubsection*.6400}{\376\377\000O\000p\000e\000n\000\040\000a\000\040\000f\000r\000o\000n\000t\000\040\000w\000i\000t\000h\000\040\000F\000r\000e\000e\000T\000y\000p\000e}{subsection.8.6.4}% 1299
\BOOKMARK [2][-]{subsection.8.6.5}{\376\377\000L\000e\000a\000r\000n\000\040\000m\000o\000r\000e}{section.8.6}% 1300
\BOOKMARK [2][-]{subsection.8.6.6}{\376\377\000A\000P\000I}{section.8.6}% 1301
\BOOKMARK [1][-]{section.8.7}{\376\377\000T\000i\000n\000y\000\040\000T\000T\000F\000\040\000f\000o\000n\000t\000\040\000e\000n\000g\000i\000n\000e}{chapter.8}% 1302
\BOOKMARK [2][-]{subsection.8.7.1}{\376\377\000U\000s\000a\000g\000e}{section.8.7}% 1303
\BOOKMARK [2][-]{subsection.8.7.2}{\376\377\000A\000P\000I}{section.8.7}% 1304
\BOOKMARK [1][-]{section.8.8}{\376\377\000Q\000R\000\040\000c\000o\000d\000e}{chapter.8}% 1305
\BOOKMARK [2][-]{subsection.8.8.1}{\376\377\000G\000e\000t\000\040\000s\000t\000a\000r\000t\000e\000d}{section.8.8}% 1306
\BOOKMARK [2][-]{subsection.8.8.2}{\376\377\000N\000o\000t\000e\000s}{section.8.8}% 1307
\BOOKMARK [2][-]{subsection.8.8.3}{\376\377\000E\000x\000a\000m\000p\000l\000e}{section.8.8}% 1308
\BOOKMARK [3][-]{subsubsection*.6453}{\376\377\000C\000r\000e\000a\000t\000e\000\040\000a\000\040\000Q\000R\000\040\000C\000o\000d\000e}{subsection.8.8.3}% 1309
\BOOKMARK [2][-]{subsection.8.8.4}{\376\377\000A\000P\000I}{section.8.8}% 1310
\BOOKMARK [1][-]{section.8.9}{\376\377\000L\000o\000t\000t\000i\000e\000\040\000p\000l\000a\000y\000e\000r}{chapter.8}% 1311
\BOOKMARK [2][-]{subsection.8.9.1}{\376\377\000B\000u\000i\000l\000d\000\040\000R\000l\000o\000t\000t\000i\000e}{section.8.9}% 1312
\BOOKMARK [2][-]{subsection.8.9.2}{\376\377\000U\000s\000a\000g\000e}{section.8.9}% 1313
\BOOKMARK [3][-]{subsubsection*.6465}{\376\377\000U\000s\000e\000\040\000R\000l\000o\000t\000t\000i\000e\000\040\000f\000r\000o\000m\000\040\000f\000i\000l\000e}{subsection.8.9.2}% 1314
\BOOKMARK [3][-]{subsubsection*.6466}{\376\377\000U\000s\000e\000\040\000R\000l\000o\000t\000t\000i\000e\000\040\000f\000r\000o\000m\000\040\000r\000a\000w\000\040\000s\000t\000r\000i\000n\000g\000\040\000d\000a\000t\000a}{subsection.8.9.2}% 1315
\BOOKMARK [2][-]{subsection.8.9.3}{\376\377\000G\000e\000t\000t\000i\000n\000g\000\040\000a\000n\000i\000m\000a\000t\000i\000o\000n\000s}{section.8.9}% 1316
\BOOKMARK [2][-]{subsection.8.9.4}{\376\377\000C\000o\000n\000t\000r\000o\000l\000l\000i\000n\000g\000\040\000a\000n\000i\000m\000a\000t\000i\000o\000n\000s}{section.8.9}% 1317
\BOOKMARK [2][-]{subsection.8.9.5}{\376\377\000E\000x\000a\000m\000p\000l\000e}{section.8.9}% 1318
\BOOKMARK [3][-]{subsubsection*.6467}{\376\377\000L\000o\000a\000d\000\040\000a\000\040\000L\000o\000t\000t\000i\000e\000\040\000a\000n\000i\000m\000a\000t\000i\000o\000n\000\040\000f\000r\000o\000m\000\040\000r\000a\000w\000\040\000d\000a\000t\000a}{subsection.8.9.5}% 1319
\BOOKMARK [3][-]{subsubsection*.6468}{\376\377\000L\000o\000a\000d\000\040\000a\000\040\000L\000o\000t\000t\000i\000e\000\040\000a\000n\000i\000m\000a\000t\000i\000o\000n\000\040\000f\000r\000o\000m\000\040\000a\000\040\000f\000i\000l\000e}{subsection.8.9.5}% 1320
\BOOKMARK [2][-]{subsection.8.9.6}{\376\377\000A\000P\000I}{section.8.9}% 1321
\BOOKMARK [1][-]{section.8.10}{\376\377\000F\000F\000m\000p\000e\000g\000\040\000s\000u\000p\000p\000o\000r\000t}{chapter.8}% 1322
\BOOKMARK [2][-]{subsection.8.10.1}{\376\377\000I\000n\000s\000t\000a\000l\000l\000\040\000F\000F\000m\000p\000e\000g}{section.8.10}% 1323
\BOOKMARK [2][-]{subsection.8.10.2}{\376\377\000A\000d\000d\000\040\000F\000F\000m\000p\000e\000g\000\040\000t\000o\000\040\000y\000o\000u\000r\000\040\000p\000r\000o\000j\000e\000c\000t}{section.8.10}% 1324
\BOOKMARK [2][-]{subsection.8.10.3}{\376\377\000U\000s\000a\000g\000e}{section.8.10}% 1325
\BOOKMARK [2][-]{subsection.8.10.4}{\376\377\000E\000x\000a\000m\000p\000l\000e}{section.8.10}% 1326
\BOOKMARK [3][-]{subsubsection*.6521}{\376\377\000D\000e\000c\000o\000d\000e\000\040\000i\000m\000a\000g\000e}{subsection.8.10.4}% 1327
\BOOKMARK [3][-]{subsubsection*.6522}{\376\377\000D\000e\000c\000o\000d\000e\000\040\000v\000i\000d\000e\000o}{subsection.8.10.4}% 1328
\BOOKMARK [2][-]{subsection.8.10.5}{\376\377\000A\000P\000I}{section.8.10}% 1329
\BOOKMARK [0][-]{chapter.9}{\376\377\000O\000t\000h\000e\000r\000s}{}% 1330
\BOOKMARK [1][-]{section.9.1}{\376\377\000S\000n\000a\000p\000s\000h\000o\000t}{chapter.9}% 1331
\BOOKMARK [2][-]{subsection.9.1.1}{\376\377\000U\000s\000a\000g\000e}{section.9.1}% 1332
\BOOKMARK [3][-]{subsubsection*.6567}{\376\377\000F\000r\000e\000e\000\040\000t\000h\000e\000\040\000I\000m\000a\000g\000e}{subsection.9.1.1}% 1333
\BOOKMARK [3][-]{subsubsection*.6568}{\376\377\000U\000s\000e\000\040\000E\000x\000i\000s\000t\000i\000n\000g\000\040\000B\000u\000f\000f\000e\000r}{subsection.9.1.1}% 1334
\BOOKMARK [2][-]{subsection.9.1.2}{\376\377\000E\000x\000a\000m\000p\000l\000e}{section.9.1}% 1335
\BOOKMARK [3][-]{subsubsection*.6569}{\376\377\000S\000i\000m\000p\000l\000e\000\040\000s\000n\000a\000p\000s\000h\000o\000t\000\040\000e\000x\000a\000m\000p\000l\000e}{subsection.9.1.2}% 1336
\BOOKMARK [2][-]{subsection.9.1.3}{\376\377\000A\000P\000I}{section.9.1}% 1337
\BOOKMARK [1][-]{section.9.2}{\376\377\000M\000o\000n\000k\000e\000y}{chapter.9}% 1338
\BOOKMARK [2][-]{subsection.9.2.1}{\376\377\000U\000s\000a\000g\000e}{section.9.2}% 1339
\BOOKMARK [2][-]{subsection.9.2.2}{\376\377\000E\000x\000a\000m\000p\000l\000e}{section.9.2}% 1340
\BOOKMARK [3][-]{subsubsection*.6582}{\376\377\000T\000o\000u\000c\000h\000p\000a\000d\000\040\000m\000o\000n\000k\000e\000y\000\040\000e\000x\000a\000m\000p\000l\000e}{subsection.9.2.2}% 1341
\BOOKMARK [3][-]{subsubsection*.6583}{\376\377\000E\000n\000c\000o\000d\000e\000r\000\040\000m\000o\000n\000k\000e\000y\000\040\000e\000x\000a\000m\000p\000l\000e}{subsection.9.2.2}% 1342
\BOOKMARK [3][-]{subsubsection*.6584}{\376\377\000B\000u\000t\000t\000o\000n\000\040\000m\000o\000n\000k\000e\000y\000\040\000e\000x\000a\000m\000p\000l\000e}{subsection.9.2.2}% 1343
\BOOKMARK [2][-]{subsection.9.2.3}{\376\377\000A\000P\000I}{section.9.2}% 1344
\BOOKMARK [1][-]{section.9.3}{\376\377\000G\000r\000i\000d\000\040\000n\000a\000v\000i\000g\000a\000t\000i\000o\000n}{chapter.9}% 1345
\BOOKMARK [2][-]{subsection.9.3.1}{\376\377\000U\000s\000a\000g\000e}{section.9.3}% 1346
\BOOKMARK [2][-]{subsection.9.3.2}{\376\377\000F\000o\000c\000u\000s\000a\000b\000l\000e\000\040\000o\000b\000j\000e\000c\000t\000s}{section.9.3}% 1347
\BOOKMARK [2][-]{subsection.9.3.3}{\376\377\000E\000x\000a\000m\000p\000l\000e}{section.9.3}% 1348
\BOOKMARK [3][-]{subsubsection*.6625}{\376\377\000B\000a\000s\000i\000c\000\040\000g\000r\000i\000d\000\040\000n\000a\000v\000i\000g\000a\000t\000i\000o\000n}{subsection.9.3.3}% 1349
\BOOKMARK [3][-]{subsubsection*.6626}{\376\377\000G\000r\000i\000d\000\040\000n\000a\000v\000i\000g\000a\000t\000i\000o\000n\000\040\000o\000n\000\040\000a\000\040\000l\000i\000s\000t}{subsection.9.3.3}% 1350
\BOOKMARK [3][-]{subsubsection*.6627}{\376\377\000N\000e\000s\000t\000e\000d\000\040\000g\000r\000i\000d\000\040\000n\000a\000v\000i\000g\000a\000t\000i\000o\000n\000s}{subsection.9.3.3}% 1351
\BOOKMARK [3][-]{subsubsection*.6628}{\376\377\000S\000i\000m\000p\000l\000e\000\040\000n\000a\000v\000i\000g\000a\000t\000i\000o\000n\000\040\000o\000n\000\040\000a\000\040\000l\000i\000s\000t\000\040\000w\000i\000d\000g\000e\000t}{subsection.9.3.3}% 1352
\BOOKMARK [2][-]{subsection.9.3.4}{\376\377\000A\000P\000I}{section.9.3}% 1353
\BOOKMARK [1][-]{section.9.4}{\376\377\000F\000r\000a\000g\000m\000e\000n\000t}{chapter.9}% 1354
\BOOKMARK [2][-]{subsection.9.4.1}{\376\377\000U\000s\000a\000g\000e}{section.9.4}% 1355
\BOOKMARK [3][-]{subsubsection*.6648}{\376\377\000C\000r\000e\000a\000t\000e\000\040\000F\000r\000a\000g\000m\000e\000n\000t\000\040\000C\000l\000a\000s\000s}{subsection.9.4.1}% 1356
\BOOKMARK [3][-]{subsubsection*.6649}{\376\377\000U\000s\000e\000\040\000l\000v\000\137\000f\000r\000a\000g\000m\000e\000n\000t\000\137\000m\000a\000n\000a\000g\000e\000r}{subsection.9.4.1}% 1357
\BOOKMARK [3][-]{subsubsection*.6650}{\376\377\000F\000r\000a\000g\000m\000e\000n\000t\000\040\000B\000a\000s\000e\000d\000\040\000N\000a\000v\000i\000g\000a\000t\000i\000o\000n}{subsection.9.4.1}% 1358
\BOOKMARK [2][-]{subsection.9.4.2}{\376\377\000E\000x\000a\000m\000p\000l\000e}{section.9.4}% 1359
\BOOKMARK [3][-]{subsubsection*.6651}{\376\377\000B\000a\000s\000i\000c\000\040\000f\000r\000a\000g\000m\000e\000n\000t\000\040\000u\000s\000a\000g\000e}{subsection.9.4.2}% 1360
\BOOKMARK [3][-]{subsubsection*.6652}{\376\377\000S\000t\000a\000c\000k\000\040\000n\000a\000v\000i\000g\000a\000t\000i\000o\000n\000\040\000e\000x\000a\000m\000p\000l\000e}{subsection.9.4.2}% 1361
\BOOKMARK [2][-]{subsection.9.4.3}{\376\377\000A\000P\000I}{section.9.4}% 1362
\BOOKMARK [1][-]{section.9.5}{\376\377\000M\000e\000s\000s\000a\000g\000i\000n\000g}{chapter.9}% 1363
\BOOKMARK [2][-]{subsection.9.5.1}{\376\377\000I\000D\000s}{section.9.5}% 1364
\BOOKMARK [2][-]{subsection.9.5.2}{\376\377\000S\000e\000n\000d\000\040\000m\000e\000s\000s\000a\000g\000e}{section.9.5}% 1365
\BOOKMARK [2][-]{subsection.9.5.3}{\376\377\000S\000u\000b\000s\000c\000r\000i\000b\000e\000\040\000t\000o\000\040\000a\000\040\000m\000e\000s\000s\000a\000g\000e}{section.9.5}% 1366
\BOOKMARK [2][-]{subsection.9.5.4}{\376\377\000S\000u\000b\000s\000c\000r\000i\000b\000e\000\040\000w\000i\000t\000h\000\040\000a\000n\000\040\000l\000v\000\137\000o\000b\000j}{section.9.5}% 1367
\BOOKMARK [3][-]{subsubsection*.6775}{\376\377\000U\000n\000s\000u\000b\000s\000c\000r\000i\000b\000e}{subsection.9.5.4}% 1368
\BOOKMARK [2][-]{subsection.9.5.5}{\376\377\000E\000x\000a\000m\000p\000l\000e}{section.9.5}% 1369
\BOOKMARK [3][-]{subsubsection*.6776}{\376\377\000S\000l\000i\000d\000e\000r\000\040\000t\000o\000\040\000l\000a\000b\000e\000l\000\040\000m\000e\000s\000s\000a\000g\000i\000n\000g}{subsection.9.5.5}% 1370
\BOOKMARK [3][-]{subsubsection*.6777}{\376\377\000H\000a\000n\000d\000l\000i\000n\000g\000\040\000l\000o\000g\000i\000n\000\040\000a\000n\000d\000\040\000i\000t\000s\000\040\000s\000t\000a\000t\000e\000s}{subsection.9.5.5}% 1371
\BOOKMARK [3][-]{subsubsection*.6778}{\376\377\000S\000e\000t\000t\000i\000n\000g\000\040\000t\000h\000e\000\040\000s\000a\000m\000e\000\040\000v\000a\000l\000u\000e\000\040\000f\000r\000o\000m\000\040\000m\000a\000n\000y\000\040\000s\000o\000u\000r\000c\000e\000s}{subsection.9.5.5}% 1372
\BOOKMARK [2][-]{subsection.9.5.6}{\376\377\000A\000P\000I}{section.9.5}% 1373
\BOOKMARK [1][-]{section.9.6}{\376\377\000I\000m\000a\000g\000e\000\040\000f\000o\000n\000t\000\040\000\050\000i\000m\000g\000f\000o\000n\000t\000\051}{chapter.9}% 1374
\BOOKMARK [2][-]{subsection.9.6.1}{\376\377\000U\000s\000a\000g\000e}{section.9.6}% 1375
\BOOKMARK [2][-]{subsection.9.6.2}{\376\377\000E\000x\000a\000m\000p\000l\000e}{section.9.6}% 1376
\BOOKMARK [3][-]{subsubsection*.6834}{\376\377\000U\000s\000e\000\040\000e\000m\000o\000j\000i\000s\000\040\000i\000n\000\040\000a\000\040\000t\000e\000x\000t\000.}{subsection.9.6.2}% 1377
\BOOKMARK [2][-]{subsection.9.6.3}{\376\377\000A\000P\000I}{section.9.6}% 1378
\BOOKMARK [1][-]{section.9.7}{\376\377\000P\000i\000n\000y\000i\000n\000\040\000I\000M\000E}{chapter.9}% 1379
\BOOKMARK [2][-]{subsection.9.7.1}{\376\377\000U\000s\000a\000g\000e}{section.9.7}% 1380
\BOOKMARK [2][-]{subsection.9.7.2}{\376\377\000C\000u\000s\000t\000o\000m\000\040\000d\000i\000c\000t\000i\000o\000n\000a\000r\000y}{section.9.7}% 1381
\BOOKMARK [3][-]{subsubsection*.6843}{\376\377\000D\000i\000c\000t\000i\000o\000n\000a\000r\000y\000\040\000f\000o\000r\000m\000a\000t}{subsection.9.7.2}% 1382
\BOOKMARK [3][-]{subsubsection*.6844}{\376\377\000A\000p\000p\000l\000y\000\040\000n\000e\000w\000\040\000d\000i\000c\000t\000i\000o\000n\000a\000r\000y}{subsection.9.7.2}% 1383
\BOOKMARK [2][-]{subsection.9.7.3}{\376\377\000I\000n\000p\000u\000t\000\040\000m\000o\000d\000e\000s}{section.9.7}% 1384
\BOOKMARK [2][-]{subsection.9.7.4}{\376\377\000E\000x\000a\000m\000p\000l\000e}{section.9.7}% 1385
\BOOKMARK [3][-]{subsubsection*.6845}{\376\377\000P\000i\000n\000y\000i\000n\000\040\000I\000M\000E\000\040\0002\0006\000\040\000k\000e\000y\000\040\000i\000n\000p\000u\000t}{subsection.9.7.4}% 1386
\BOOKMARK [3][-]{subsubsection*.6846}{\376\377\000P\000i\000n\000y\000i\000n\000\040\000I\000M\000E\000\040\0009\000\040\000k\000e\000y\000\040\000i\000n\000p\000u\000t}{subsection.9.7.4}% 1387
\BOOKMARK [2][-]{subsection.9.7.5}{\376\377\000A\000P\000I}{section.9.7}% 1388
\BOOKMARK [0][-]{chapter.10}{\376\377\000C\000o\000n\000t\000r\000i\000b\000u\000t\000i\000n\000g}{}% 1389
\BOOKMARK [1][-]{section.10.1}{\376\377\000I\000n\000t\000r\000o\000d\000u\000c\000t\000i\000o\000n}{chapter.10}% 1390
\BOOKMARK [1][-]{section.10.2}{\376\377\000P\000u\000l\000l\000\040\000r\000e\000q\000u\000e\000s\000t}{chapter.10}% 1391
\BOOKMARK [2][-]{subsection.10.2.1}{\376\377\000F\000r\000o\000m\000\040\000G\000i\000t\000H\000u\000b}{section.10.2}% 1392
\BOOKMARK [2][-]{subsection.10.2.2}{\376\377\000F\000r\000o\000m\000\040\000c\000o\000m\000m\000a\000n\000d\000\040\000l\000i\000n\000e}{section.10.2}% 1393
\BOOKMARK [2][-]{subsection.10.2.3}{\376\377\000C\000o\000m\000m\000i\000t\000\040\000m\000e\000s\000s\000a\000g\000e\000\040\000f\000o\000r\000m\000a\000t}{section.10.2}% 1394
\BOOKMARK [1][-]{section.10.3}{\376\377\000D\000e\000v\000e\000l\000o\000p\000e\000r\000\040\000C\000e\000r\000t\000i\000f\000i\000c\000a\000t\000i\000o\000n\000\040\000o\000f\000\040\000O\000r\000i\000g\000i\000n\000\040\000\050\000D\000C\000O\000\051}{chapter.10}% 1395
\BOOKMARK [2][-]{subsection.10.3.1}{\376\377\000O\000v\000e\000r\000v\000i\000e\000w}{section.10.3}% 1396
\BOOKMARK [2][-]{subsection.10.3.2}{\376\377\000A\000c\000c\000e\000p\000t\000e\000d\000\040\000l\000i\000c\000e\000n\000s\000e\000s\000\040\000a\000n\000d\000\040\000c\000o\000p\000y\000r\000i\000g\000h\000t\000\040\000n\000o\000t\000i\000c\000e\000s}{section.10.3}% 1397
\BOOKMARK [3][-]{subsubsection*.6920}{\376\377\000Y\000o\000u\000r\000\040\000o\000w\000n\000\040\000w\000o\000r\000k}{subsection.10.3.2}% 1398
\BOOKMARK [3][-]{subsubsection*.6921}{\376\377\000U\000s\000e\000\040\000c\000o\000d\000e\000\040\000f\000r\000o\000m\000\040\000o\000n\000l\000i\000n\000e\000\040\000s\000o\000u\000r\000c\000e}{subsection.10.3.2}% 1399
\BOOKMARK [3][-]{subsubsection*.6922}{\376\377\000U\000s\000e\000\040\000M\000I\000T\000\040\000l\000i\000c\000e\000n\000s\000e\000d\000\040\000c\000o\000d\000e}{subsection.10.3.2}% 1400
\BOOKMARK [3][-]{subsubsection*.6923}{\376\377\000U\000s\000e\000\040\000G\000P\000L\000\040\000l\000i\000c\000e\000n\000s\000e\000d\000\040\000c\000o\000d\000e}{subsection.10.3.2}% 1401
\BOOKMARK [1][-]{section.10.4}{\376\377\000W\000a\000y\000s\000\040\000t\000o\000\040\000c\000o\000n\000t\000r\000i\000b\000u\000t\000e}{chapter.10}% 1402
\BOOKMARK [2][-]{subsection.10.4.1}{\376\377\000G\000i\000v\000e\000\040\000L\000V\000G\000L\000\040\000a\000\040\000S\000t\000a\000r}{section.10.4}% 1403
\BOOKMARK [2][-]{subsection.10.4.2}{\376\377\000T\000e\000l\000l\000\040\000w\000h\000a\000t\000\040\000y\000o\000u\000\040\000h\000a\000v\000e\000\040\000a\000c\000h\000i\000e\000v\000e\000d}{section.10.4}% 1404
\BOOKMARK [2][-]{subsection.10.4.3}{\376\377\000W\000r\000i\000t\000e\000\040\000e\000x\000a\000m\000p\000l\000e\000s}{section.10.4}% 1405
\BOOKMARK [2][-]{subsection.10.4.4}{\376\377\000I\000m\000p\000r\000o\000v\000e\000\040\000t\000h\000e\000\040\000d\000o\000c\000s}{section.10.4}% 1406
\BOOKMARK [2][-]{subsection.10.4.5}{\376\377\000R\000e\000p\000o\000r\000t\000\040\000b\000u\000g\000s}{section.10.4}% 1407
\BOOKMARK [2][-]{subsection.10.4.6}{\376\377\000S\000e\000n\000d\000\040\000f\000i\000x\000e\000s}{section.10.4}% 1408
\BOOKMARK [2][-]{subsection.10.4.7}{\376\377\000J\000o\000i\000n\000\040\000t\000h\000e\000\040\000c\000o\000n\000v\000e\000r\000s\000a\000t\000i\000o\000n\000s\000\040\000i\000n\000\040\000t\000h\000e\000\040\000F\000o\000r\000u\000m}{section.10.4}% 1409
\BOOKMARK [2][-]{subsection.10.4.8}{\376\377\000A\000d\000d\000\040\000f\000e\000a\000t\000u\000r\000e\000s}{section.10.4}% 1410
\BOOKMARK [2][-]{subsection.10.4.9}{\376\377\000B\000e\000c\000o\000m\000e\000\040\000a\000\040\000m\000a\000i\000n\000t\000a\000i\000n\000e\000r}{section.10.4}% 1411
\BOOKMARK [2][-]{subsection.10.4.10}{\376\377\000M\000o\000v\000e\000\040\000y\000o\000u\000r\000\040\000p\000r\000o\000j\000e\000c\000t\000\040\000r\000e\000p\000o\000s\000i\000t\000o\000r\000y\000\040\000u\000n\000d\000e\000r\000\040\000L\000V\000G\000L\000\040\000o\000r\000g\000a\000n\000i\000z\000a\000t\000i\000o\000n}{section.10.4}% 1412
\BOOKMARK [0][-]{chapter.11}{\376\377\000C\000h\000a\000n\000g\000e\000l\000o\000g}{}% 1413
\BOOKMARK [1][-]{section.11.1}{\376\377\000v\0008\000.\0003\000.\0001\0001\000\040\0006\000\040\000D\000e\000c\000e\000m\000b\000e\000r\000\040\0002\0000\0002\0003}{chapter.11}% 1414
\BOOKMARK [2][-]{subsection.11.1.1}{\376\377\000N\000e\000w\000\040\000F\000e\000a\000t\000u\000r\000e\000s}{section.11.1}% 1415
\BOOKMARK [2][-]{subsection.11.1.2}{\376\377\000F\000i\000x\000e\000s}{section.11.1}% 1416
\BOOKMARK [2][-]{subsection.11.1.3}{\376\377\000D\000o\000c\000s}{section.11.1}% 1417
\BOOKMARK [2][-]{subsection.11.1.4}{\376\377\000O\000t\000h\000e\000r\000s}{section.11.1}% 1418
\BOOKMARK [1][-]{section.11.2}{\376\377\000v\0008\000.\0003\000.\0001\0000\000\040\0002\0000\000\040\000S\000e\000p\000t\000e\000m\000b\000e\000r\000\040\0002\0000\0002\0003}{chapter.11}% 1419
\BOOKMARK [2][-]{subsection.11.2.1}{\376\377\000N\000e\000w\000\040\000F\000e\000a\000t\000u\000r\000e\000s}{section.11.2}% 1420
\BOOKMARK [2][-]{subsection.11.2.2}{\376\377\000F\000i\000x\000e\000s}{section.11.2}% 1421
\BOOKMARK [2][-]{subsection.11.2.3}{\376\377\000D\000o\000c\000s}{section.11.2}% 1422
\BOOKMARK [2][-]{subsection.11.2.4}{\376\377\000C\000I\000\040\000a\000n\000d\000\040\000t\000e\000s\000t\000s}{section.11.2}% 1423
\BOOKMARK [2][-]{subsection.11.2.5}{\376\377\000O\000t\000h\000e\000r\000s}{section.11.2}% 1424
\BOOKMARK [1][-]{section.11.3}{\376\377\000v\0008\000.\0003\000.\0009\000\040\0006\000\040\000A\000u\000g\000u\000s\000t\000\040\0002\0000\0002\0003}{chapter.11}% 1425
\BOOKMARK [2][-]{subsection.11.3.1}{\376\377\000F\000i\000x\000e\000s}{section.11.3}% 1426
\BOOKMARK [2][-]{subsection.11.3.2}{\376\377\000D\000o\000c\000s}{section.11.3}% 1427
\BOOKMARK [2][-]{subsection.11.3.3}{\376\377\000O\000t\000h\000e\000r\000s}{section.11.3}% 1428
\BOOKMARK [1][-]{section.11.4}{\376\377\000v\0008\000.\0003\000.\0008\000\040\0005\000\040\000J\000u\000l\000y\000\040\0002\0000\0002\0003}{chapter.11}% 1429
\BOOKMARK [2][-]{subsection.11.4.1}{\376\377\000N\000e\000w\000\040\000F\000e\000a\000t\000u\000r\000e\000s}{section.11.4}% 1430
\BOOKMARK [2][-]{subsection.11.4.2}{\376\377\000P\000e\000r\000f\000o\000r\000m\000a\000n\000c\000e}{section.11.4}% 1431
\BOOKMARK [2][-]{subsection.11.4.3}{\376\377\000F\000i\000x\000e\000s}{section.11.4}% 1432
\BOOKMARK [2][-]{subsection.11.4.4}{\376\377\000E\000x\000a\000m\000p\000l\000e\000s}{section.11.4}% 1433
\BOOKMARK [2][-]{subsection.11.4.5}{\376\377\000D\000o\000c\000s}{section.11.4}% 1434
\BOOKMARK [2][-]{subsection.11.4.6}{\376\377\000C\000I\000\040\000a\000n\000d\000\040\000t\000e\000s\000t\000s}{section.11.4}% 1435
\BOOKMARK [2][-]{subsection.11.4.7}{\376\377\000O\000t\000h\000e\000r\000s}{section.11.4}% 1436
\BOOKMARK [1][-]{section.11.5}{\376\377\000v\0008\000.\0003\000.\0007\000\040\0003\000\040\000M\000a\000y\000\040\0002\0000\0002\0003}{chapter.11}% 1437
\BOOKMARK [2][-]{subsection.11.5.1}{\376\377\000N\000e\000w\000\040\000F\000e\000a\000t\000u\000r\000e\000s}{section.11.5}% 1438
\BOOKMARK [2][-]{subsection.11.5.2}{\376\377\000F\000i\000x\000e\000s}{section.11.5}% 1439
\BOOKMARK [1][-]{section.11.6}{\376\377\000v\0008\000.\0003\000.\0006\000\040\0003\000\040\000A\000p\000r\000i\000l\000\040\0002\0000\0002\0003}{chapter.11}% 1440
\BOOKMARK [2][-]{subsection.11.6.1}{\376\377\000N\000e\000w\000\040\000F\000e\000a\000t\000u\000r\000e\000s}{section.11.6}% 1441
\BOOKMARK [2][-]{subsection.11.6.2}{\376\377\000P\000e\000r\000f\000o\000r\000m\000a\000n\000c\000e}{section.11.6}% 1442
\BOOKMARK [2][-]{subsection.11.6.3}{\376\377\000F\000i\000x\000e\000s}{section.11.6}% 1443
\BOOKMARK [2][-]{subsection.11.6.4}{\376\377\000E\000x\000a\000m\000p\000l\000e\000s}{section.11.6}% 1444
\BOOKMARK [2][-]{subsection.11.6.5}{\376\377\000D\000o\000c\000s}{section.11.6}% 1445
\BOOKMARK [2][-]{subsection.11.6.6}{\376\377\000C\000I\000\040\000a\000n\000d\000\040\000t\000e\000s\000t\000s}{section.11.6}% 1446
\BOOKMARK [2][-]{subsection.11.6.7}{\376\377\000O\000t\000h\000e\000r\000s}{section.11.6}% 1447
\BOOKMARK [1][-]{section.11.7}{\376\377\000v\0008\000.\0003\000.\0005\000\040\0007\000\040\000F\000e\000b\000r\000u\000a\000r\000y\000\040\0002\0000\0002\0003}{chapter.11}% 1448
\BOOKMARK [2][-]{subsection.11.7.1}{\376\377\000P\000e\000r\000f\000o\000r\000m\000a\000n\000c\000e}{section.11.7}% 1449
\BOOKMARK [2][-]{subsection.11.7.2}{\376\377\000F\000i\000x\000e\000s}{section.11.7}% 1450
\BOOKMARK [2][-]{subsection.11.7.3}{\376\377\000E\000x\000a\000m\000p\000l\000e\000s}{section.11.7}% 1451
\BOOKMARK [2][-]{subsection.11.7.4}{\376\377\000D\000o\000c\000s}{section.11.7}% 1452
\BOOKMARK [2][-]{subsection.11.7.5}{\376\377\000C\000I\000\040\000a\000n\000d\000\040\000t\000e\000s\000t\000s}{section.11.7}% 1453
\BOOKMARK [2][-]{subsection.11.7.6}{\376\377\000O\000t\000h\000e\000r\000s}{section.11.7}% 1454
\BOOKMARK [1][-]{section.11.8}{\376\377\000v\0008\000.\0003\000.\0004\000\040\0001\0005\000\040\000D\000e\000c\000e\000m\000b\000e\000r\000\040\0002\0000\0002\0002}{chapter.11}% 1455
\BOOKMARK [2][-]{subsection.11.8.1}{\376\377\000N\000e\000w\000\040\000F\000e\000a\000t\000u\000r\000e\000s}{section.11.8}% 1456
\BOOKMARK [2][-]{subsection.11.8.2}{\376\377\000F\000i\000x\000e\000s}{section.11.8}% 1457
\BOOKMARK [1][-]{section.11.9}{\376\377\000v\0008\000.\0003\000.\0003\000\040\0000\0006\000\040\000O\000c\000t\000o\000b\000e\000r\000\040\0002\0000\0002\0002}{chapter.11}% 1458
\BOOKMARK [1][-]{section.11.10}{\376\377\000v\0008\000.\0003\000.\0002\000\040\0002\0007\000\040\000S\000e\000p\000t\000e\000m\000b\000e\000r\000\040\0002\0000\0002\0002}{chapter.11}% 1459
\BOOKMARK [2][-]{subsection.11.10.1}{\376\377\000F\000i\000x\000e\000s}{section.11.10}% 1460
\BOOKMARK [2][-]{subsection.11.10.2}{\376\377\000D\000o\000c\000s}{section.11.10}% 1461
\BOOKMARK [2][-]{subsection.11.10.3}{\376\377\000C\000I\000\040\000a\000n\000d\000\040\000t\000e\000s\000t\000s}{section.11.10}% 1462
\BOOKMARK [2][-]{subsection.11.10.4}{\376\377\000O\000t\000h\000e\000r\000s}{section.11.10}% 1463
\BOOKMARK [1][-]{section.11.11}{\376\377\000v\0008\000.\0003\000.\0001\000\040\0002\0005\000\040\000J\000u\000l\000y\000\040\0002\0000\0002\0002}{chapter.11}% 1464
\BOOKMARK [2][-]{subsection.11.11.1}{\376\377\000F\000i\000x\000e\000s}{section.11.11}% 1465
\BOOKMARK [2][-]{subsection.11.11.2}{\376\377\000E\000x\000a\000m\000p\000l\000e\000s}{section.11.11}% 1466
\BOOKMARK [2][-]{subsection.11.11.3}{\376\377\000D\000o\000c\000s}{section.11.11}% 1467
\BOOKMARK [1][-]{section.11.12}{\376\377\000v\0008\000.\0003\000.\0000\000\040\0006\000\040\000J\000u\000l\000y\000\040\0002\0000\0002\0002}{chapter.11}% 1468
\BOOKMARK [2][-]{subsection.11.12.1}{\376\377\000O\000v\000e\000r\000v\000i\000e\000w}{section.11.12}% 1469
\BOOKMARK [2][-]{subsection.11.12.2}{\376\377\000N\000e\000w\000\040\000F\000e\000a\000t\000u\000r\000e\000s}{section.11.12}% 1470
\BOOKMARK [2][-]{subsection.11.12.3}{\376\377\000P\000e\000r\000f\000o\000r\000m\000a\000n\000c\000e}{section.11.12}% 1471
\BOOKMARK [2][-]{subsection.11.12.4}{\376\377\000F\000i\000x\000e\000s}{section.11.12}% 1472
\BOOKMARK [2][-]{subsection.11.12.5}{\376\377\000E\000x\000a\000m\000p\000l\000e\000s}{section.11.12}% 1473
\BOOKMARK [2][-]{subsection.11.12.6}{\376\377\000D\000o\000c\000s}{section.11.12}% 1474
\BOOKMARK [2][-]{subsection.11.12.7}{\376\377\000C\000I\000\040\000a\000n\000d\000\040\000t\000e\000s\000t\000s}{section.11.12}% 1475
\BOOKMARK [1][-]{section.11.13}{\376\377\000v\0008\000.\0002\000.\0000\000\040\0003\0001\000\040\000J\000a\000n\000u\000a\000r\000y\000\040\0002\0000\0002\0002}{chapter.11}% 1476
\BOOKMARK [2][-]{subsection.11.13.1}{\376\377\000O\000v\000e\000r\000v\000i\000e\000w}{section.11.13}% 1477
\BOOKMARK [2][-]{subsection.11.13.2}{\376\377\000B\000r\000e\000a\000k\000i\000n\000g\000\040\000C\000h\000a\000n\000g\000e\000s}{section.11.13}% 1478
\BOOKMARK [2][-]{subsection.11.13.3}{\376\377\000A\000r\000c\000h\000i\000t\000e\000c\000t\000u\000r\000a\000l}{section.11.13}% 1479
\BOOKMARK [2][-]{subsection.11.13.4}{\376\377\000N\000e\000w\000\040\000F\000e\000a\000t\000u\000r\000e\000s}{section.11.13}% 1480
\BOOKMARK [2][-]{subsection.11.13.5}{\376\377\000P\000e\000r\000f\000o\000r\000m\000a\000n\000c\000e}{section.11.13}% 1481
\BOOKMARK [2][-]{subsection.11.13.6}{\376\377\000F\000i\000x\000e\000s}{section.11.13}% 1482
\BOOKMARK [2][-]{subsection.11.13.7}{\376\377\000E\000x\000a\000m\000p\000l\000e\000s}{section.11.13}% 1483
\BOOKMARK [2][-]{subsection.11.13.8}{\376\377\000D\000o\000c\000s}{section.11.13}% 1484
\BOOKMARK [2][-]{subsection.11.13.9}{\376\377\000C\000I\000\040\000a\000n\000d\000\040\000t\000e\000s\000t\000s}{section.11.13}% 1485
\BOOKMARK [1][-]{section.11.14}{\376\377\000v\0008\000.\0001\000.\0000\000\040\0001\0000\000\040\000N\000o\000v\000e\000m\000b\000e\000r\000\040\0002\0000\0002\0001}{chapter.11}% 1486
\BOOKMARK [2][-]{subsection.11.14.1}{\376\377\000O\000v\000e\000r\000v\000i\000e\000w}{section.11.14}% 1487
\BOOKMARK [2][-]{subsection.11.14.2}{\376\377\000B\000r\000e\000a\000k\000i\000n\000g\000\040\000C\000h\000a\000n\000g\000e\000s}{section.11.14}% 1488
\BOOKMARK [2][-]{subsection.11.14.3}{\376\377\000A\000r\000c\000h\000i\000t\000e\000c\000t\000u\000r\000a\000l}{section.11.14}% 1489
\BOOKMARK [2][-]{subsection.11.14.4}{\376\377\000N\000e\000w\000\040\000F\000e\000a\000t\000u\000r\000e\000s}{section.11.14}% 1490
\BOOKMARK [2][-]{subsection.11.14.5}{\376\377\000P\000e\000r\000f\000o\000r\000m\000a\000n\000c\000e}{section.11.14}% 1491
\BOOKMARK [2][-]{subsection.11.14.6}{\376\377\000F\000i\000x\000e\000s}{section.11.14}% 1492
\BOOKMARK [2][-]{subsection.11.14.7}{\376\377\000E\000x\000a\000m\000p\000l\000e\000s}{section.11.14}% 1493
\BOOKMARK [2][-]{subsection.11.14.8}{\376\377\000D\000o\000c\000s}{section.11.14}% 1494
\BOOKMARK [2][-]{subsection.11.14.9}{\376\377\000C\000I\000\040\000a\000n\000d\000\040\000t\000e\000s\000t\000s}{section.11.14}% 1495
\BOOKMARK [2][-]{subsection.11.14.10}{\376\377\000O\000t\000h\000e\000r\000s}{section.11.14}% 1496
\BOOKMARK [1][-]{section.11.15}{\376\377\000v\0008\000.\0000\000.\0002\000\040\000\050\0001\0006\000.\0000\0007\000.\0002\0000\0002\0001\000\051}{chapter.11}% 1497
\BOOKMARK [1][-]{section.11.16}{\376\377\000v\0008\000.\0000\000.\0001\000\040\000\050\0001\0004\000.\0000\0006\000.\0002\0000\0002\0001\000\051}{chapter.11}% 1498
\BOOKMARK [1][-]{section.11.17}{\376\377\000v\0008\000.\0000\000.\0000\000\040\000\050\0000\0001\000.\0000\0006\000.\0002\0000\0002\0001\000\051}{chapter.11}% 1499
\BOOKMARK [2][-]{subsection.11.17.1}{\376\377\000D\000i\000r\000e\000c\000t\000o\000r\000y\000\040\000s\000t\000r\000u\000c\000t\000u\000r\000e}{section.11.17}% 1500
\BOOKMARK [2][-]{subsection.11.17.2}{\376\377\000W\000i\000d\000g\000e\000t\000\040\000c\000h\000a\000n\000g\000e\000s}{section.11.17}% 1501
\BOOKMARK [2][-]{subsection.11.17.3}{\376\377\000N\000e\000w\000\040\000s\000c\000r\000o\000l\000l\000i\000n\000g}{section.11.17}% 1502
\BOOKMARK [2][-]{subsection.11.17.4}{\376\377\000N\000e\000w\000\040\000l\000a\000y\000o\000u\000t\000s}{section.11.17}% 1503
\BOOKMARK [2][-]{subsection.11.17.5}{\376\377\000S\000t\000y\000l\000e\000s}{section.11.17}% 1504
\BOOKMARK [2][-]{subsection.11.17.6}{\376\377\000E\000v\000e\000n\000t\000s}{section.11.17}% 1505
\BOOKMARK [2][-]{subsection.11.17.7}{\376\377\000D\000r\000i\000v\000e\000r\000\040\000c\000h\000a\000n\000g\000e\000s}{section.11.17}% 1506
\BOOKMARK [2][-]{subsection.11.17.8}{\376\377\000O\000t\000h\000e\000r\000\040\000c\000h\000a\000n\000g\000e\000s}{section.11.17}% 1507
\BOOKMARK [2][-]{subsection.11.17.9}{\376\377\000N\000e\000w\000\040\000r\000e\000l\000e\000a\000s\000e\000\040\000p\000o\000l\000i\000c\000y}{section.11.17}% 1508
\BOOKMARK [2][-]{subsection.11.17.10}{\376\377\000M\000i\000g\000r\000a\000t\000i\000n\000g\000\040\000f\000r\000o\000m\000\040\000v\0007\000\040\000t\000o\000\040\000v\0008}{section.11.17}% 1509
\BOOKMARK [1][-]{section.11.18}{\376\377\000v\0007\000.\0001\0001\000.\0000\000\040\000\050\0001\0006\000.\0000\0003\000.\0002\0000\0002\0001\000\051}{chapter.11}% 1510
\BOOKMARK [2][-]{subsection.11.18.1}{\376\377\000N\000e\000w\000\040\000f\000e\000a\000t\000u\000r\000e\000s}{section.11.18}% 1511
\BOOKMARK [2][-]{subsection.11.18.2}{\376\377\000B\000u\000g\000f\000i\000x\000e\000s}{section.11.18}% 1512
\BOOKMARK [1][-]{section.11.19}{\376\377\000v\0007\000.\0001\0000\000.\0001\000\040\000\050\0001\0006\000.\0000\0002\000.\0002\0000\0002\0001\000\051}{chapter.11}% 1513
\BOOKMARK [2][-]{subsection.11.19.1}{\376\377\000B\000u\000g\000f\000i\000x\000e\000s}{section.11.19}% 1514
\BOOKMARK [1][-]{section.11.20}{\376\377\000v\0007\000.\0001\0000\000.\0000\000\040\000\050\0000\0002\000.\0000\0002\000.\0002\0000\0002\0001\000\051}{chapter.11}% 1515
\BOOKMARK [2][-]{subsection.11.20.1}{\376\377\000N\000e\000w\000\040\000f\000e\000a\000t\000u\000r\000e\000s}{section.11.20}% 1516
\BOOKMARK [2][-]{subsection.11.20.2}{\376\377\000B\000u\000g\000f\000i\000x\000e\000s}{section.11.20}% 1517
\BOOKMARK [1][-]{section.11.21}{\376\377\000v\0007\000.\0009\000.\0001\000\040\000\050\0001\0009\000.\0000\0001\000.\0002\0000\0002\0001\000\051}{chapter.11}% 1518
\BOOKMARK [2][-]{subsection.11.21.1}{\376\377\000B\000u\000g\000f\000i\000x\000e\000s}{section.11.21}% 1519
\BOOKMARK [1][-]{section.11.22}{\376\377\000v\0007\000.\0009\000.\0000\000\040\000\050\0000\0005\000.\0000\0001\000.\0002\0000\0002\0001\000\051}{chapter.11}% 1520
\BOOKMARK [2][-]{subsection.11.22.1}{\376\377\000N\000e\000w\000\040\000f\000e\000a\000t\000u\000r\000e\000s}{section.11.22}% 1521
\BOOKMARK [2][-]{subsection.11.22.2}{\376\377\000B\000u\000g\000f\000i\000x\000e\000s}{section.11.22}% 1522
\BOOKMARK [1][-]{section.11.23}{\376\377\000v\0007\000.\0008\000.\0001\000\040\000\050\0001\0005\000.\0001\0002\000.\0002\0000\0002\0000\000\051}{chapter.11}% 1523
\BOOKMARK [2][-]{subsection.11.23.1}{\376\377\000B\000u\000g\000f\000i\000x\000e\000s}{section.11.23}% 1524
\BOOKMARK [1][-]{section.11.24}{\376\377\000v\0007\000.\0008\000.\0000\000\040\000\050\0000\0001\000.\0001\0002\000.\0002\0000\0002\0000\000\051}{chapter.11}% 1525
\BOOKMARK [2][-]{subsection.11.24.1}{\376\377\000N\000e\000w\000\040\000f\000e\000a\000t\000u\000r\000e\000s}{section.11.24}% 1526
\BOOKMARK [2][-]{subsection.11.24.2}{\376\377\000B\000u\000g\000f\000i\000x\000e\000s}{section.11.24}% 1527
\BOOKMARK [1][-]{section.11.25}{\376\377\000v\0007\000.\0007\000.\0002\000\040\000\050\0001\0007\000.\0001\0001\000.\0002\0000\0002\0000\000\051}{chapter.11}% 1528
\BOOKMARK [2][-]{subsection.11.25.1}{\376\377\000B\000u\000g\000f\000i\000x\000e\000s}{section.11.25}% 1529
\BOOKMARK [1][-]{section.11.26}{\376\377\000v\0007\000.\0007\000.\0001\000\040\000\050\0000\0003\000.\0001\0001\000.\0002\0000\0002\0000\000\051}{chapter.11}% 1530
\BOOKMARK [2][-]{subsection.11.26.1}{\376\377\000B\000u\000g\000f\000i\000x\000e\000s}{section.11.26}% 1531
\BOOKMARK [1][-]{section.11.27}{\376\377\000v\0007\000.\0007\000.\0000\000\040\000\050\0002\0000\000.\0001\0000\000.\0002\0000\0002\0000\000\051}{chapter.11}% 1532
\BOOKMARK [2][-]{subsection.11.27.1}{\376\377\000N\000e\000w\000\040\000f\000e\000a\000t\000u\000r\000e\000s}{section.11.27}% 1533
\BOOKMARK [2][-]{subsection.11.27.2}{\376\377\000B\000u\000g\000f\000i\000x\000e\000s}{section.11.27}% 1534
\BOOKMARK [1][-]{section.11.28}{\376\377\000v\0007\000.\0006\000.\0001\000\040\000\050\0000\0006\000.\0001\0000\000.\0002\0000\0002\0000\000\051}{chapter.11}% 1535
\BOOKMARK [2][-]{subsection.11.28.1}{\376\377\000B\000u\000g\000f\000i\000x\000e\000s}{section.11.28}% 1536
\BOOKMARK [1][-]{section.11.29}{\376\377\000v\0007\000.\0006\000.\0000\000\040\000\050\0002\0002\000.\0000\0009\000.\0002\0000\0002\0000\000\051}{chapter.11}% 1537
\BOOKMARK [2][-]{subsection.11.29.1}{\376\377\000N\000e\000w\000\040\000f\000e\000a\000t\000u\000r\000e\000s}{section.11.29}% 1538
\BOOKMARK [2][-]{subsection.11.29.2}{\376\377\000B\000u\000g\000f\000i\000x\000e\000s}{section.11.29}% 1539
\BOOKMARK [1][-]{section.11.30}{\376\377\000v\0007\000.\0005\000.\0000\000\040\000\050\0001\0005\000.\0000\0009\000.\0002\0000\0002\0000\000\051}{chapter.11}% 1540
\BOOKMARK [2][-]{subsection.11.30.1}{\376\377\000N\000e\000w\000\040\000f\000e\000a\000t\000u\000r\000e\000s}{section.11.30}% 1541
\BOOKMARK [2][-]{subsection.11.30.2}{\376\377\000B\000u\000g\000f\000i\000x\000e\000s}{section.11.30}% 1542
\BOOKMARK [1][-]{section.11.31}{\376\377\000v\0007\000.\0004\000.\0000\000\040\000\050\0000\0001\000.\0000\0009\000.\0002\0000\0002\0000\000\051}{chapter.11}% 1543
\BOOKMARK [2][-]{subsection.11.31.1}{\376\377\000N\000e\000w\000\040\000f\000e\000a\000t\000u\000r\000e\000s}{section.11.31}% 1544
\BOOKMARK [2][-]{subsection.11.31.2}{\376\377\000B\000u\000g\000f\000i\000x\000e\000s}{section.11.31}% 1545
\BOOKMARK [1][-]{section.11.32}{\376\377\000v\0007\000.\0003\000.\0001\000\040\000\050\0001\0008\000.\0000\0008\000.\0002\0000\0002\0000\000\051}{chapter.11}% 1546
\BOOKMARK [2][-]{subsection.11.32.1}{\376\377\000B\000u\000g\000f\000i\000x\000e\000s}{section.11.32}% 1547
\BOOKMARK [1][-]{section.11.33}{\376\377\000v\0007\000.\0003\000.\0000\000\040\000\050\0000\0004\000.\0000\0008\000.\0002\0000\0002\0000\000\051}{chapter.11}% 1548
\BOOKMARK [2][-]{subsection.11.33.1}{\376\377\000N\000e\000w\000\040\000f\000e\000a\000t\000u\000r\000e\000s}{section.11.33}% 1549
\BOOKMARK [2][-]{subsection.11.33.2}{\376\377\000B\000u\000g\000f\000i\000x\000e\000s}{section.11.33}% 1550
\BOOKMARK [1][-]{section.11.34}{\376\377\000v\0007\000.\0002\000.\0000\000\040\000\050\0002\0001\000.\0000\0007\000.\0002\0000\0002\0000\000\051}{chapter.11}% 1551
\BOOKMARK [2][-]{subsection.11.34.1}{\376\377\000N\000e\000w\000\040\000f\000e\000a\000t\000u\000r\000e\000s}{section.11.34}% 1552
\BOOKMARK [2][-]{subsection.11.34.2}{\376\377\000B\000u\000g\000f\000i\000x\000e\000s}{section.11.34}% 1553
\BOOKMARK [1][-]{section.11.35}{\376\377\000v\0007\000.\0001\000.\0000\000\040\000\050\0000\0007\000.\0000\0007\000.\0002\0000\0002\0000\000\051}{chapter.11}% 1554
\BOOKMARK [2][-]{subsection.11.35.1}{\376\377\000N\000e\000w\000\040\000f\000e\000a\000t\000u\000r\000e\000s}{section.11.35}% 1555
\BOOKMARK [2][-]{subsection.11.35.2}{\376\377\000B\000u\000g\000f\000i\000x\000e\000s}{section.11.35}% 1556
\BOOKMARK [1][-]{section.11.36}{\376\377\000v\0007\000.\0000\000.\0002\000\040\000\050\0001\0006\000.\0000\0006\000.\0002\0000\0002\0000\000\051}{chapter.11}% 1557
\BOOKMARK [2][-]{subsection.11.36.1}{\376\377\000B\000u\000g\000f\000i\000x\000e\000s}{section.11.36}% 1558
\BOOKMARK [1][-]{section.11.37}{\376\377\000v\0007\000.\0000\000.\0001\000\040\000\050\0000\0001\000.\0000\0006\000.\0002\0000\0002\0000\000\051}{chapter.11}% 1559
\BOOKMARK [2][-]{subsection.11.37.1}{\376\377\000B\000u\000g\000f\000i\000x\000e\000s}{section.11.37}% 1560
\BOOKMARK [1][-]{section.11.38}{\376\377\000v\0007\000.\0000\000.\0000\000\040\000\050\0001\0008\000.\0000\0005\000.\0002\0000\0002\0000\000\051}{chapter.11}% 1561
\BOOKMARK [2][-]{subsection.11.38.1}{\376\377\000D\000o\000c\000u\000m\000e\000n\000t\000a\000t\000i\000o\000n}{section.11.38}% 1562
\BOOKMARK [2][-]{subsection.11.38.2}{\376\377\000L\000e\000g\000a\000l\000\040\000c\000h\000a\000n\000g\000e\000s}{section.11.38}% 1563
\BOOKMARK [2][-]{subsection.11.38.3}{\376\377\000N\000e\000w\000\040\000d\000r\000a\000w\000i\000n\000g\000\040\000s\000y\000s\000t\000e\000m}{section.11.38}% 1564
\BOOKMARK [2][-]{subsection.11.38.4}{\376\377\000N\000e\000w\000\040\000s\000t\000y\000l\000e\000\040\000s\000y\000s\000t\000e\000m}{section.11.38}% 1565
\BOOKMARK [2][-]{subsection.11.38.5}{\376\377\000G\000P\000U\000\040\000i\000n\000t\000e\000g\000r\000a\000t\000i\000o\000n}{section.11.38}% 1566
\BOOKMARK [2][-]{subsection.11.38.6}{\376\377\000R\000e\000n\000a\000m\000e\000s}{section.11.38}% 1567
\BOOKMARK [2][-]{subsection.11.38.7}{\376\377\000R\000e\000w\000o\000r\000k\000e\000d\000\040\000a\000n\000d\000\040\000i\000m\000p\000r\000o\000v\000e\000d\000\040\000o\000b\000j\000e\000c\000t}{section.11.38}% 1568
\BOOKMARK [2][-]{subsection.11.38.8}{\376\377\000N\000e\000w\000\040\000o\000b\000j\000e\000c\000t\000\040\000t\000y\000p\000e\000s}{section.11.38}% 1569
\BOOKMARK [2][-]{subsection.11.38.9}{\376\377\000O\000t\000h\000e\000r\000s}{section.11.38}% 1570
\BOOKMARK [2][-]{subsection.11.38.10}{\376\377\000D\000e\000m\000o\000s}{section.11.38}% 1571
\BOOKMARK [2][-]{subsection.11.38.11}{\376\377\000N\000e\000w\000\040\000r\000e\000l\000e\000a\000s\000e\000\040\000p\000o\000l\000i\000c\000y}{section.11.38}% 1572
\BOOKMARK [2][-]{subsection.11.38.12}{\376\377\000M\000i\000g\000r\000a\000t\000i\000n\000g\000\040\000f\000r\000o\000m\000\040\000v\0006\000\040\000t\000o\000\040\000v\0007}{section.11.38}% 1573
\BOOKMARK [0][-]{chapter.12}{\376\377\000R\000o\000a\000d\000m\000a\000p}{}% 1574
\BOOKMARK [1][-]{section.12.1}{\376\377\000v\0008\000.\0002}{chapter.12}% 1575
\BOOKMARK [1][-]{section.12.2}{\376\377\000I\000d\000e\000a\000s}{chapter.12}% 1576
\BOOKMARK [0][-]{section*.6924}{\376\377\000I\000n\000d\000e\000x}{}% 1577
